id,name,type,url,author_org_or_steward,category_or_domain,themes_tags,source_origin,source_detail,source_signal_count,expansion_status,review_status,public_use_status,suggested_toolkit_route,notes
E00002,Nothing Makes Sense: AI & Information Ecology,Article,https://paragraph.com/@holonic-horizons/nothing-makes-sense-ai-and-information-ecology,Holonic Horizons,"AI, Collective Intelligence & Coordination",information ecology,Provided resource seed,Markdown resource table,,resource_registry_v0_2,raw,list with caveat,Resource Registry,
E00005,Vitalik — Secure LLMs,Essay,https://vitalik.eth.limo/general/2026/04/02/secure_llms.html,Vitalik Buterin,"AI, Collective Intelligence & Coordination",AI security,Provided resource seed,Markdown resource table,,resource_registry_v0_2,raw,list with caveat,Resource Registry,
E00009,Kami of the Commons,Paper,https://arxiv.org/abs/2602.14940,Unknown / arXiv,"AI, Collective Intelligence & Coordination",AI stewards,Provided resource seed,Markdown resource table,,resource_registry_v0_2,raw,list with caveat,Resource Registry,
E00059,X Article lead - 2005590516369608704,Article / social longform,http://x.com/i/article/2005590516369608704,,"AI, Collective Intelligence & Sensemaking","twitter, url-lead",Twitter/X social signal,Expanded URL in uploaded tweets.js,1,resource_registry_v0_2,raw,list with caveat,Resource Registry,Auto-extracted URL lead from Twitter archive. Context: RT @SuhailKakar: https://t.co/TpoSxwCVKk
E00060,X Article lead - 2008156367496908800,Article / social longform,http://x.com/i/article/2008156367496908800,,"AI, Collective Intelligence & Sensemaking","twitter, url-lead",Twitter/X social signal,Expanded URL in uploaded tweets.js,1,resource_registry_v0_2,raw,list with caveat,Resource Registry,Auto-extracted URL lead from Twitter archive. Context: RT @ashebytes: https://t.co/yY7bQaIe6C
E00061,X Article lead - 2013008223658221568,Article / social longform,http://x.com/i/article/2013008223658221568,,"AI, Collective Intelligence & Sensemaking","twitter, url-lead",Twitter/X social signal,Expanded URL in uploaded tweets.js,1,resource_registry_v0_2,raw,list with caveat,Resource Registry,Auto-extracted URL lead from Twitter archive. Context: RT @saintniko: https://t.co/A5W8QRL8Si
E00062,X Article lead - 2021999683716231170,Article / social longform,http://x.com/i/article/2021999683716231170,,"AI, Collective Intelligence & Sensemaking","twitter, url-lead",Twitter/X social signal,Expanded URL in uploaded tweets.js,1,resource_registry_v0_2,raw,list with caveat,Resource Registry,Auto-extracted URL lead from Twitter archive. Context: RT @simile_ai: https://t.co/eKKz1ewGex
E00066,Raw URL lead - donellameadows.org,Book / publication,https://donellameadows.org/systems-thinking-book-sale/,,"AI, Collective Intelligence & Sensemaking","raw-url, preserve-not-lose",Raw URL preservation,Extracted from provided docs/texts,1,resource_registry_v0_2,raw,list with caveat,Resource Registry,Preserved from uploaded documents/text. Context:
E00110,Del Nodo Aislado al Micelio,Article,https://netxstate.substack.com/p/del-nodo-aislado-al-micelio,NetX State,"Civic Tech, Localism & Network States","micelium, localism",Provided resource seed,Markdown resource table,,resource_registry_v0_2,raw,list with caveat,Resource Registry,
E00116,Greenpill Books,Book/resource library,https://greenpill.network/books,Greenpill,"Community Building, Events & Networks","books, greenpill, public goods",AI-expanded / project-context lead,Creative expansion from project context and social-signal clusters,,resource_registry_v0_2,raw,list with caveat,Resource Registry,"Added as a reviewable expansion lead; verify fit, URL, and priority before treating as curated."
E00142,X Article lead - 2013342181013229568,Article / social longform,http://x.com/i/article/2013342181013229568,,"Community Building, Events & Networks","twitter, url-lead",Twitter/X social signal,Expanded URL in uploaded tweets.js,1,resource_registry_v0_2,raw,list with caveat,Resource Registry,Auto-extracted URL lead from Twitter archive. Context: RT @greenpilldevs: https://t.co/hekksTUazZ
E00148,Beyond Funding: Web3's Real Coordination Crisis and the Paradoxes We're Ignoring,Article,https://paragraph.com/@holonic-horizons/beyond-funding-web3s-real-coordination-crisis-and-the-paradoxes-were-ignoring,Holonic Horizons,Coordination & Governance,"coordination, paradox, public goods",Provided resource seed,Markdown resource table,,resource_registry_v0_2,raw,list with caveat,Resource Registry,
E00149,Coordination is Hard,Essay,https://vitalik.ca/general/2021/03/23/coordination.html,Vitalik Buterin,Coordination & Governance,"coordination, public goods, Ethereum",Provided resource seed,Markdown resource table,,resource_registry_v0_2,raw,list with caveat,Resource Registry,
E00150,Governance Beyond Game Theory,Article,https://paragraph.com/@holonic-horizons/governance-beyond-game-theory,Holonic Horizons,Coordination & Governance,"aggregation, mechanism, structure, institutions",Provided resource seed,Markdown resource table,,resource_registry_v0_2,raw,list with caveat,Resource Registry,
E00151,Governing the Commons,Book,https://www.cambridge.org/core/books/governing-the-commons/7AB7AE11BADA84409C34815CC288CD79,Elinor Ostrom,Coordination & Governance,"commons, governance, institutions",Provided resource seed,Markdown resource table,,resource_registry_v0_2,raw,list with caveat,Resource Registry,
E00155,Plurality,Book / movement,https://www.plurality.net/,"Glen Weyl, Audrey Tang, et al.",Coordination & Governance,"plurality, civic tech, democracy",Provided resource seed,Markdown resource table,,resource_registry_v0_2,raw,list with caveat,Resource Registry,
E00156,Radical Markets,Book,https://press.princeton.edu/books/hardcover/9780691177502/radical-markets,Glen Weyl & Eric Posner,Coordination & Governance,"mechanism design, quadratic voting",Provided resource seed,Markdown resource table,,resource_registry_v0_2,raw,list with caveat,Resource Registry,
E00158,"The Social Architecture Series, Part 1: The Foundations Of Sustainable Organizations",Article,https://paragraph.com/@holonic-horizons/social-architecture-series-part1-the-foundations-of-sustainable-organizations-four-batteries,Holonic Horizons,Coordination & Governance,"four batteries, burnout, hidden factories",Provided resource seed,Markdown resource table,,resource_registry_v0_2,raw,list with caveat,Resource Registry,
E00159,Understanding Institutional Diversity,Book,https://press.princeton.edu/books/paperback/9780691122380/understanding-institutional-diversity,Elinor Ostrom,Coordination & Governance,"institutions, polycentric governance",Provided resource seed,Markdown resource table,,resource_registry_v0_2,raw,list with caveat,Resource Registry,
E00160,What Lives Beneath the Mechanism,Article,https://paragraph.com/@holonic-horizons/what-lives-beneath-the-mechanism-the-social-architecture-of-governance,Holonic Horizons,Coordination & Governance,"social architecture, governance",Provided resource seed,Markdown resource table,,resource_registry_v0_2,raw,list with caveat,Resource Registry,
E00161,Why Your DAO's Real Problem Isn't Low Voter Turnout,Article,https://paragraph.com/@holonic-horizons/why-your-daos-real-problem-isnt-low-voter-turnout,Holonic Horizons,Coordination & Governance,"roles, Hats Protocol, governance",Provided resource seed,Markdown resource table,,resource_registry_v0_2,raw,list with caveat,Resource Registry,
E00164,"Exit, Voice, and Loyalty",Book,https://www.hup.harvard.edu/books/9780674276604,Albert Hirschman,Coordination & Governance,"feedback, institutional repair",Provided resource seed,Markdown resource table,,resource_registry_v0_2,raw,list with caveat,Resource Registry,
E00167,Protocolized,Book,https://www.hup.harvard.edu/books/9780674259393,Primavera De Filippi,Coordination & Governance,"protocols, law, governance",Provided resource seed,Markdown resource table,,resource_registry_v0_2,raw,list with caveat,Resource Registry,
E00168,Reinventing Organizations,Book,https://reinventingorganizations.com/,Frederic Laloux,Coordination & Governance,"self-management, teal",Provided resource seed,Markdown resource table,,resource_registry_v0_2,raw,list with caveat,Resource Registry,
E00170,The Hidden Architecture of Human Systems: How Complexity Organizes Itself Through Tensegrity,Article,https://paragraph.com/@holonic-horizons/the-hidden-architecture-of-human-systems-how-complexity-organizes-itself-through-tensegrity,Holonic Horizons,Coordination & Governance,"tensegrity, social architecture",Provided resource seed,Markdown resource table,,resource_registry_v0_2,raw,list with caveat,Resource Registry,
E00171,The Stallman Paradox: How Web3 Became the Ultimate Open Source Theater,Article,https://paragraph.com/@holonic-horizons/the-stallman-paradox-how-web3-became-the-ultimate-open-source-theater,Holonic Horizons,Coordination & Governance,"open source, extraction",Provided resource seed,Markdown resource table,,resource_registry_v0_2,raw,list with caveat,Resource Registry,
E00208,URL lead - bookpower-website.netlify.app,Book / publication,https://bookpower-website.netlify.app/,,Coordination & Governance,"twitter, url-lead",Twitter/X social signal,Expanded URL in uploaded tweets.js,1,resource_registry_v0_2,raw,list with caveat,Resource Registry,Auto-extracted URL lead from Twitter archive. Context: RT @durgadasjii: https://t.co/YUbnsJdL0d This is a really cool idea
E00243,URL lead - plurality.net,Book / publication,https://plurality.net/ja/,,Coordination & Governance,"twitter, url-lead",Twitter/X social signal,Expanded URL in uploaded tweets.js,1,resource_registry_v0_2,raw,list with caveat,Resource Registry,"Auto-extracted URL lead from Twitter archive. Context: RT @plurality_book: 【全文公開】 オープンソースの精神にのっとり、PLURALITYの日本語版を以下にて全文公開しています 

https://t.co/dKyrJgil7k

本書の考え方が広く認知され、さまざまな議論が交わされることで、さらに発展していく…"
E00252,X Article lead - 2011034149897871360,Article / social longform,http://x.com/i/article/2011034149897871360,,Coordination & Governance,"twitter, url-lead",Twitter/X social signal,Expanded URL in uploaded tweets.js,1,resource_registry_v0_2,raw,list with caveat,Resource Registry,Auto-extracted URL lead from Twitter archive. Context: RT @Obol_Collective: https://t.co/0q85rsKtw4
E00253,X Article lead - 2016836362377252864,Article / social longform,http://x.com/i/article/2016836362377252864,,Coordination & Governance,"twitter, url-lead",Twitter/X social signal,Expanded URL in uploaded tweets.js,1,resource_registry_v0_2,raw,list with caveat,Resource Registry,Auto-extracted URL lead from Twitter archive. Context: RT @Obol_Collective: https://t.co/nZ2du1Robs
E00254,X Article lead - 2026256162866221056,Article / social longform,http://x.com/i/article/2026256162866221056,,Coordination & Governance,"twitter, url-lead",Twitter/X social signal,Expanded URL in uploaded tweets.js,1,resource_registry_v0_2,raw,list with caveat,Resource Registry,Auto-extracted URL lead from Twitter archive. Context: RT @Obol_Collective: https://t.co/ms72jrnOLZ
E00255,X Article lead - 2027286970167152640,Article / social longform,http://x.com/i/article/2027286970167152640,,Coordination & Governance,"twitter, url-lead",Twitter/X social signal,Expanded URL in uploaded tweets.js,1,resource_registry_v0_2,raw,list with caveat,Resource Registry,Auto-extracted URL lead from Twitter archive. Context: RT @MesoReefDAO: https://t.co/2iK6DrKDAO
E00256,X Article lead - 2028878598048727040,Article / social longform,http://x.com/i/article/2028878598048727040,,Coordination & Governance,"twitter, url-lead",Twitter/X social signal,Expanded URL in uploaded tweets.js,1,resource_registry_v0_2,raw,list with caveat,Resource Registry,Auto-extracted URL lead from Twitter archive. Context: RT @KlimaDAO: https://t.co/r5wZyFHDXP
E00270,"Discovering the Tailwind: Why Your Exhaustion Might Be Wisdom, Not Weakness",Article,https://paragraph.com/@holonic-horizons/p/2,Holonic Horizons,Coordination & Governance,"burnout, capacity",Provided resource seed,Markdown resource table,,resource_registry_v0_2,raw,list with caveat,Resource Registry,
E00271,The Exocortex Hypothesis: Part 2,Article,https://paragraph.com/@holonic-horizons/p/2,Holonic Horizons,Coordination & Governance,"exocortex, cognition",Provided resource seed,Markdown resource table,,resource_registry_v0_2,raw,list with caveat,Resource Registry,
E00272,"Together, With Tension: Why Communities Need Social Architecture, Not Archipelagos",Article,https://paragraph.com/@holonic-horizons,Holonic Horizons,Coordination & Governance,community architecture,Provided resource seed,Markdown resource table,,resource_registry_v0_2,raw,list with caveat,Resource Registry,
E00273,Emergent Strategy,Book,https://adriennemareebrown.net/book/emergent-strategy/,adrienne maree brown,"Culture, Narrative & Movement Building",movement building,Provided resource seed,Markdown resource table,,resource_registry_v0_2,raw,list with caveat,Resource Registry,
E00275,The Cathedral and the Bazaar,Essay / book,https://mijowa.github.io/CatB/,Eric S. Raymond,"Culture, Narrative & Movement Building",open source,Provided resource seed,Markdown resource table,,resource_registry_v0_2,raw,list with caveat,Resource Registry,
E00277,The Stack,Book / theory,https://www.the-stack.org/,Benjamin Bratton,"Culture, Narrative & Movement Building",platforms,Provided resource seed,Markdown resource table,,resource_registry_v0_2,raw,list with caveat,Resource Registry,
E00283,Why You Need to Replace Your Purpose Statement With a Guiding Question,Article,https://conductal.medium.com/why-you-need-to-replace-your-purpose-statement-with-a-guiding-question-5b227e48353c,Conductal,"Culture, Narrative & Movement Building","purpose, inquiry",Provided resource seed,Markdown resource table,,resource_registry_v0_2,raw,list with caveat,Resource Registry,
E00361,X Article lead - 1957225173163139072,Article / social longform,http://x.com/i/article/1957225173163139072,,"Ethereum, Web3 Infrastructure & Security","twitter, url-lead",Twitter/X social signal,Expanded URL in uploaded tweets.js,1,resource_registry_v0_2,raw,list with caveat,Resource Registry,Auto-extracted URL lead from Twitter archive. Context: RT @beast_ico: https://t.co/3LYn2b4fD1
E00362,X Article lead - 1957953922108129280,Article / social longform,http://x.com/i/article/1957953922108129280,,"Ethereum, Web3 Infrastructure & Security","twitter, url-lead",Twitter/X social signal,Expanded URL in uploaded tweets.js,1,resource_registry_v0_2,raw,list with caveat,Resource Registry,Auto-extracted URL lead from Twitter archive. Context: RT @binji_x: https://t.co/2AZkJU41fR
E00363,X Article lead - 1977810842063187968,Article / social longform,http://x.com/i/article/1977810842063187968,,"Ethereum, Web3 Infrastructure & Security","twitter, url-lead",Twitter/X social signal,Expanded URL in uploaded tweets.js,1,resource_registry_v0_2,raw,list with caveat,Resource Registry,Auto-extracted URL lead from Twitter archive. Context: RT @Dionysus_Klima: https://t.co/eqM23hzK4T
E00364,X Article lead - 1977834660831858688,Article / social longform,http://x.com/i/article/1977834660831858688,,"Ethereum, Web3 Infrastructure & Security","twitter, url-lead",Twitter/X social signal,Expanded URL in uploaded tweets.js,1,resource_registry_v0_2,raw,list with caveat,Resource Registry,Auto-extracted URL lead from Twitter archive. Context: RT @0xEN0VA: https://t.co/OXof9xzL2D
E00365,X Article lead - 1985722081611292672,Article / social longform,http://x.com/i/article/1985722081611292672,,"Ethereum, Web3 Infrastructure & Security","twitter, url-lead",Twitter/X social signal,Expanded URL in uploaded tweets.js,1,resource_registry_v0_2,raw,list with caveat,Resource Registry,Auto-extracted URL lead from Twitter archive. Context: RT @hatsprotocol: https://t.co/tdEpqhNqJb
E00366,X Article lead - 1990944775617589249,Article / social longform,http://x.com/i/article/1990944775617589249,,"Ethereum, Web3 Infrastructure & Security","twitter, url-lead",Twitter/X social signal,Expanded URL in uploaded tweets.js,1,resource_registry_v0_2,raw,list with caveat,Resource Registry,Auto-extracted URL lead from Twitter archive. Context: RT @SilviProtocol: https://t.co/Nh3nHg1ZiH
E00367,X Article lead - 2006463754339602432,Article / social longform,http://x.com/i/article/2006463754339602432,,"Ethereum, Web3 Infrastructure & Security","twitter, url-lead",Twitter/X social signal,Expanded URL in uploaded tweets.js,1,resource_registry_v0_2,raw,list with caveat,Resource Registry,Auto-extracted URL lead from Twitter archive. Context: RT @BitRobotNetwork: https://t.co/HKEIpJpGFE
E00368,X Article lead - 2011074044246859776,Article / social longform,http://x.com/i/article/2011074044246859776,,"Ethereum, Web3 Infrastructure & Security","twitter, url-lead",Twitter/X social signal,Expanded URL in uploaded tweets.js,1,resource_registry_v0_2,raw,list with caveat,Resource Registry,Auto-extracted URL lead from Twitter archive. Context: RT @creptosolutions: https://t.co/ZkPftz5wx8
E00369,X Article lead - 2012571633639165952,Article / social longform,http://x.com/i/article/2012571633639165952,,"Ethereum, Web3 Infrastructure & Security","twitter, url-lead",Twitter/X social signal,Expanded URL in uploaded tweets.js,1,resource_registry_v0_2,raw,list with caveat,Resource Registry,Auto-extracted URL lead from Twitter archive. Context: RT @SelfProtocol: https://t.co/whK8iUWKKd
E00370,X Article lead - 2014755878034124800,Article / social longform,http://x.com/i/article/2014755878034124800,,"Ethereum, Web3 Infrastructure & Security","twitter, url-lead",Twitter/X social signal,Expanded URL in uploaded tweets.js,1,resource_registry_v0_2,raw,list with caveat,Resource Registry,Auto-extracted URL lead from Twitter archive. Context: RT @ethereum: https://t.co/SdX5l1KYQz
E00371,X Article lead - 2020808046247907329,Article / social longform,http://x.com/i/article/2020808046247907329,,"Ethereum, Web3 Infrastructure & Security","twitter, url-lead",Twitter/X social signal,Expanded URL in uploaded tweets.js,1,resource_registry_v0_2,raw,list with caveat,Resource Registry,Auto-extracted URL lead from Twitter archive. Context: RT @RohitMalekar: https://t.co/ZkERA6so2p
E00372,X Article lead - 2021261046170718208,Article / social longform,http://x.com/i/article/2021261046170718208,,"Ethereum, Web3 Infrastructure & Security","twitter, url-lead",Twitter/X social signal,Expanded URL in uploaded tweets.js,1,resource_registry_v0_2,raw,list with caveat,Resource Registry,Auto-extracted URL lead from Twitter archive. Context: RT @SacredProtocol: https://t.co/DQnr1uFfn4
E00373,X Article lead - 2029619828831703042,Article / social longform,http://x.com/i/article/2029619828831703042,,"Ethereum, Web3 Infrastructure & Security","twitter, url-lead",Twitter/X social signal,Expanded URL in uploaded tweets.js,1,resource_registry_v0_2,raw,list with caveat,Resource Registry,Auto-extracted URL lead from Twitter archive. Context: RT @ethereum: https://t.co/ma6kAcHZ6X
E00374,X Article lead - 2034304073302990848,Article / social longform,http://x.com/i/article/2034304073302990848,,"Ethereum, Web3 Infrastructure & Security","twitter, url-lead",Twitter/X social signal,Expanded URL in uploaded tweets.js,1,resource_registry_v0_2,raw,list with caveat,Resource Registry,Auto-extracted URL lead from Twitter archive. Context: RT @ethereum: https://t.co/rBdVW39Pbv
E00442,URL lead - greenpill.network,Book / publication,https://greenpill.network/#book,,"Funding, Capital Flows & Public Goods","twitter, url-lead",Twitter/X social signal,Expanded URL in uploaded tweets.js,1,resource_registry_v0_2,raw,list with caveat,Resource Registry,"Auto-extracted URL lead from Twitter archive. Context: Bunch of excellent books available for free on https://t.co/v1qHejZQJ0

🟢 Greenpilled: How Crypto Can Regenerate the World
💡 On-Chain Impact Networks
📔 Onchain Capital Allocation Handbooks
🤗 Ethereum Localism
🌿 Grassroots Economics
🍄 Exploring MyCoFI

And more!"
E00457,X Article lead - 1945509263171854336,Article / social longform,http://x.com/i/article/1945509263171854336,,"Funding, Capital Flows & Public Goods","twitter, url-lead",Twitter/X social signal,Expanded URL in uploaded tweets.js,1,resource_registry_v0_2,raw,list with caveat,Resource Registry,Auto-extracted URL lead from Twitter archive. Context: RT @OctantApp: https://t.co/eL9J6hzfeZ
E00458,X Article lead - 1945880460216905728,Article / social longform,http://x.com/i/article/1945880460216905728,,"Funding, Capital Flows & Public Goods","twitter, url-lead",Twitter/X social signal,Expanded URL in uploaded tweets.js,1,resource_registry_v0_2,raw,list with caveat,Resource Registry,Auto-extracted URL lead from Twitter archive. Context: RT @OctantApp: https://t.co/8CUlH9Yhoc
E00459,X Article lead - 1948017964315181056,Article / social longform,http://x.com/i/article/1948017964315181056,,"Funding, Capital Flows & Public Goods","twitter, url-lead",Twitter/X social signal,Expanded URL in uploaded tweets.js,1,resource_registry_v0_2,raw,list with caveat,Resource Registry,Auto-extracted URL lead from Twitter archive. Context: RT @gitcoin: https://t.co/VhaFFGUFdQ
E00460,X Article lead - 1948777901974843392,Article / social longform,http://x.com/i/article/1948777901974843392,,"Funding, Capital Flows & Public Goods","twitter, url-lead",Twitter/X social signal,Expanded URL in uploaded tweets.js,1,resource_registry_v0_2,raw,list with caveat,Resource Registry,Auto-extracted URL lead from Twitter archive. Context: RT @OctantApp: https://t.co/2TDwCZ5Q1Q
E00461,X Article lead - 1961059145945108480,Article / social longform,http://x.com/i/article/1961059145945108480,,"Funding, Capital Flows & Public Goods","twitter, url-lead",Twitter/X social signal,Expanded URL in uploaded tweets.js,1,resource_registry_v0_2,raw,list with caveat,Resource Registry,Auto-extracted URL lead from Twitter archive. Context: RT @OctantApp: https://t.co/4KkZV2VUI7
E00462,X Article lead - 1967635695100649472,Article / social longform,http://x.com/i/article/1967635695100649472,,"Funding, Capital Flows & Public Goods","twitter, url-lead",Twitter/X social signal,Expanded URL in uploaded tweets.js,1,resource_registry_v0_2,raw,list with caveat,Resource Registry,Auto-extracted URL lead from Twitter archive. Context: RT @Giveth: https://t.co/oF9AOWw8Tj
E00463,X Article lead - 2002037480317452288,Article / social longform,http://x.com/i/article/2002037480317452288,,"Funding, Capital Flows & Public Goods","twitter, url-lead",Twitter/X social signal,Expanded URL in uploaded tweets.js,1,resource_registry_v0_2,raw,list with caveat,Resource Registry,Auto-extracted URL lead from Twitter archive. Context: RT @renaissancing_: https://t.co/qFKt9RbW6w
E00464,X Article lead - 2010953482476666881,Article / social longform,http://x.com/i/article/2010953482476666881,,"Funding, Capital Flows & Public Goods","twitter, url-lead",Twitter/X social signal,Expanded URL in uploaded tweets.js,1,resource_registry_v0_2,raw,list with caveat,Resource Registry,Auto-extracted URL lead from Twitter archive. Context: RT @arkreen_network: https://t.co/f7TPpgapzn
E00465,X Article lead - 2018690954031460352,Article / social longform,http://x.com/i/article/2018690954031460352,,"Funding, Capital Flows & Public Goods","twitter, url-lead",Twitter/X social signal,Expanded URL in uploaded tweets.js,1,resource_registry_v0_2,raw,list with caveat,Resource Registry,Auto-extracted URL lead from Twitter archive. Context: RT @karmahq_: https://t.co/2bO4Y5hBPR
E00466,X Article lead - 2018729653586812929,Article / social longform,http://x.com/i/article/2018729653586812929,,"Funding, Capital Flows & Public Goods","twitter, url-lead",Twitter/X social signal,Expanded URL in uploaded tweets.js,1,resource_registry_v0_2,raw,list with caveat,Resource Registry,Auto-extracted URL lead from Twitter archive. Context: RT @Giveth: https://t.co/BUI0nLbybd
E00467,X Article lead - 2024192114951933954,Article / social longform,http://x.com/i/article/2024192114951933954,,"Funding, Capital Flows & Public Goods","twitter, url-lead",Twitter/X social signal,Expanded URL in uploaded tweets.js,1,resource_registry_v0_2,raw,list with caveat,Resource Registry,Auto-extracted URL lead from Twitter archive. Context: RT @OctantApp: https://t.co/w5r7n3smED
E00468,X Article lead - 2029598096880291840,Article / social longform,http://x.com/i/article/2029598096880291840,,"Funding, Capital Flows & Public Goods","twitter, url-lead",Twitter/X social signal,Expanded URL in uploaded tweets.js,1,resource_registry_v0_2,raw,list with caveat,Resource Registry,Auto-extracted URL lead from Twitter archive. Context: RT @karmahq_: https://t.co/o1eQRKJNk9
E00469,X Article lead - 2034664252145901568,Article / social longform,http://x.com/i/article/2034664252145901568,,"Funding, Capital Flows & Public Goods","twitter, url-lead",Twitter/X social signal,Expanded URL in uploaded tweets.js,1,resource_registry_v0_2,raw,list with caveat,Resource Registry,Auto-extracted URL lead from Twitter archive. Context: RT @OctantApp: https://t.co/R4ngvC4QD9
E00470,X Article lead - 2036726641381056512,Article / social longform,http://x.com/i/article/2036726641381056512,,"Funding, Capital Flows & Public Goods","twitter, url-lead",Twitter/X social signal,Expanded URL in uploaded tweets.js,1,resource_registry_v0_2,raw,list with caveat,Resource Registry,Auto-extracted URL lead from Twitter archive. Context: RT @Giveth: https://t.co/P8n7UQNYHC
E00471,X Article lead - 2047094092711006208,Article / social longform,http://x.com/i/article/2047094092711006208,,"Funding, Capital Flows & Public Goods","twitter, url-lead",Twitter/X social signal,Expanded URL in uploaded tweets.js,1,resource_registry_v0_2,raw,list with caveat,Resource Registry,Auto-extracted URL lead from Twitter archive. Context: RT @wmougayar: https://t.co/eIirQFDU0k
E00472,X Article lead - 2049245957695639552,Article / social longform,http://x.com/i/article/2049245957695639552,,"Funding, Capital Flows & Public Goods","twitter, url-lead",Twitter/X social signal,Expanded URL in uploaded tweets.js,1,resource_registry_v0_2,raw,list with caveat,Resource Registry,Auto-extracted URL lead from Twitter archive. Context: RT @karmaticacid: https://t.co/KYtSMJxIoY
E00473,X Article lead - 2049537214158405632,Article / social longform,http://x.com/i/article/2049537214158405632,,"Funding, Capital Flows & Public Goods","twitter, url-lead",Twitter/X social signal,Expanded URL in uploaded tweets.js,1,resource_registry_v0_2,raw,list with caveat,Resource Registry,Auto-extracted URL lead from Twitter archive. Context: RT @karmahq_: https://t.co/2qKE1XvmRb
E00474,X Article lead - 2059273350539857920,Article / social longform,http://x.com/i/article/2059273350539857920,,"Funding, Capital Flows & Public Goods","twitter, url-lead",Twitter/X social signal,Expanded URL in uploaded tweets.js,1,resource_registry_v0_2,raw,list with caveat,Resource Registry,Auto-extracted URL lead from Twitter archive. Context: RT @OctantApp: https://t.co/eLJ2ymUuU8
E00480,Raw URL lead - allo.capital,Book / publication,https://www.allo.capital/resources/grassroots-economics-book,,"Funding, Capital Flows & Public Goods","raw-url, preserve-not-lose",Raw URL preservation,Extracted from provided docs/texts,1,resource_registry_v0_2,raw,list with caveat,Resource Registry,Preserved from uploaded documents/text. Context:
E00481,Raw URL lead - allo.capital,Book / publication,https://www.allo.capital/resources/ethereum-localism-book,,"Funding, Capital Flows & Public Goods","raw-url, preserve-not-lose",Raw URL preservation,Extracted from provided docs/texts,2,resource_registry_v0_2,raw,list with caveat,Resource Registry,Preserved from uploaded documents/text. Context:
E00535,Data Feminism,Book,https://data-feminism.mitpress.mit.edu/,D’Ignazio & Klein,Knowledge Commons & Ontologies,data justice,Provided resource seed,Markdown resource table,,resource_registry_v0_2,raw,list with caveat,Resource Registry,
E00538,How to Take Smart Notes,Book,https://takesmartnotes.com/,Sönke Ahrens,Knowledge Commons & Ontologies,PKM,Provided resource seed,Markdown resource table,,resource_registry_v0_2,raw,list with caveat,Resource Registry,
E00542,Understanding Knowledge as a Commons,Book,https://mitpress.mit.edu/9780262083577/understanding-knowledge-as-a-commons/,Hess & Ostrom,Knowledge Commons & Ontologies,knowledge commons,Provided resource seed,Markdown resource table,,resource_registry_v0_2,raw,list with caveat,Resource Registry,
E00547,Data Ecofeminism,Paper,https://arxiv.org/abs/2502.11086,Various,Knowledge Commons & Ontologies,"AI, ecology",Provided resource seed,Markdown resource table,,resource_registry_v0_2,raw,list with caveat,Resource Registry,
E00548,Data Feminism for AI,Paper,https://arxiv.org/abs/2405.01286,Various,Knowledge Commons & Ontologies,"AI, data feminism",Provided resource seed,Markdown resource table,,resource_registry_v0_2,raw,list with caveat,Resource Registry,
E00601,URL lead - 3ook.com,Book / publication,https://3ook.com/store/0xbef7ec8649fb96c8d78ea63d8dfeb40bc2a6eec4?ll_source=bookstore,,"Knowledge Commons, Ontology & Documentation","twitter, url-lead",Twitter/X social signal,Expanded URL in uploaded tweets.js,1,resource_registry_v0_2,raw,list with caveat,Resource Registry,"Auto-extracted URL lead from Twitter archive. Context: RT @swiftevo1: @lurenbian @web3foxcn @mbauwens @P2P_Foundation @GCCofCommons 感謝 @lurenbian 老師的幫忙

簡中版
https://t.co/QQinB5ten2

繁中版
https://…"
E00613,URL lead - hub.regencoordination.xyz,Book / publication,https://hub.regencoordination.xyz/t/decleanup-network-base-app-launched-celo-in-testing-playbook-published-docs-live-heres-everything/394,,"Knowledge Commons, Ontology & Documentation","twitter, url-lead",Twitter/X social signal,Expanded URL in uploaded tweets.js,1,resource_registry_v0_2,raw,list with caveat,Resource Registry,"Auto-extracted URL lead from Twitter archive. Context: RT @DeCleanupNet: hey gm everyone
posted some updates on @RegenCoordinate hub

https://t.co/swqOMZPgoX

dig in and leave some comments"
E00703,Asset-Based Community Development,Framework,https://www.abcdinstitute.org/,ABCD Institute,Participatory Research & Community Knowledge,community assets,Provided resource seed,Markdown resource table,,resource_registry_v0_2,raw,list with caveat,Resource Registry,
E00704,Community Economies Institute,Research institute,https://www.communityeconomies.org/,CEI,Participatory Research & Community Knowledge,solidarity economy,Provided resource seed,Markdown resource table,,resource_registry_v0_2,raw,list with caveat,Resource Registry,
E00705,Liberating Structures,Facilitation toolkit,https://www.liberatingstructures.com/,Liberating Structures,Participatory Research & Community Knowledge,facilitation,Provided resource seed,Markdown resource table,,resource_registry_v0_2,raw,list with caveat,Resource Registry,
E00706,P2P Foundation Wiki,Wiki,https://wiki.p2pfoundation.net/,P2P Foundation,Participatory Research & Community Knowledge,peer production,Provided resource seed,Markdown resource table,,resource_registry_v0_2,raw,list with caveat,Resource Registry,
E00707,Participatory Action Research,Method,https://participatoryactionresearch.sites.carleton.edu/,PAR community,Participatory Research & Community Knowledge,participatory research,Provided resource seed,Markdown resource table,,resource_registry_v0_2,raw,list with caveat,Resource Registry,
E00708,Art of Hosting,Facilitation practice,https://artofhosting.org/,Art of Hosting,Participatory Research & Community Knowledge,hosting,Provided resource seed,Markdown resource table,,resource_registry_v0_2,raw,list with caveat,Resource Registry,
E00709,Cooperation Jackson,Case study / org,https://cooperationjackson.org/,Cooperation Jackson,Participatory Research & Community Knowledge,solidarity economy,Provided resource seed,Markdown resource table,,resource_registry_v0_2,raw,list with caveat,Resource Registry,
E00710,Presencing Institute,Theory U / practice,https://www.presencing.org/,Presencing Institute,Participatory Research & Community Knowledge,presencing,Provided resource seed,Markdown resource table,,resource_registry_v0_2,raw,list with caveat,Resource Registry,
E00711,RIPESS,Network,https://ripess.org/,RIPESS,Participatory Research & Community Knowledge,solidarity economy,Provided resource seed,Markdown resource table,,resource_registry_v0_2,raw,list with caveat,Resource Registry,
E00712,Shareable,Publication / resource hub,https://www.shareable.net/,Shareable,Participatory Research & Community Knowledge,"mutual aid, commons",Provided resource seed,Markdown resource table,,resource_registry_v0_2,raw,list with caveat,Resource Registry,
E00713,Civil Monkey,Telegram / community,t.me/civilmonkey,Civil Monkey,Participatory Research & Community Knowledge,community,Provided resource seed,Markdown resource table,,resource_registry_v0_2,raw,list with caveat,Resource Registry,
E00714,Communet,Mutual aid / network,https://www.communet.xyz/,Communet,Participatory Research & Community Knowledge,mutual aid,Provided resource seed,Markdown resource table,,resource_registry_v0_2,raw,list with caveat,Resource Registry,
E00715,Decentral Park / GP NYC,Local node,Raw / no canonical link,Decentral Park / GreenPill NYC,Participatory Research & Community Knowledge,local node,Provided resource seed,Markdown resource table,,resource_registry_v0_2,raw,list with caveat,Resource Registry,
E00718,Ethereum Privacy Ecosystem Mapping,Article / map,https://paragraph.com/@web3privacy/ethereum-privacy-ecosystem-mapping,Web3Privacy Now,"Privacy, Identity & Digital Rights",Ethereum privacy,Provided resource seed,Markdown resource table,,resource_registry_v0_2,raw,list with caveat,Resource Registry,
E01179,X Article lead - 1894383753398460416,Article / social longform,http://x.com/i/article/1894383753398460416,,Raw Leads / To Review,"twitter, url-lead",Twitter/X social signal,Expanded URL in uploaded tweets.js,1,resource_registry_v0_2,raw,list with caveat,Resource Registry,Auto-extracted URL lead from Twitter archive. Context: RT @AzosFinance: https://t.co/xDP5FEz8dC
E01180,X Article lead - 1919027000095973376,Article / social longform,http://x.com/i/article/1919027000095973376,,Raw Leads / To Review,"twitter, url-lead",Twitter/X social signal,Expanded URL in uploaded tweets.js,1,resource_registry_v0_2,raw,list with caveat,Resource Registry,Auto-extracted URL lead from Twitter archive. Context: RT @owocki: https://t.co/gjfuMkO0l3
E01181,X Article lead - 1929532866582532096,Article / social longform,http://x.com/i/article/1929532866582532096,,Raw Leads / To Review,"twitter, url-lead",Twitter/X social signal,Expanded URL in uploaded tweets.js,1,resource_registry_v0_2,raw,list with caveat,Resource Registry,Auto-extracted URL lead from Twitter archive. Context: RT @lorepunkdoteth: https://t.co/x2aYfdoGj9
E01182,X Article lead - 1933588820169019392,Article / social longform,http://x.com/i/article/1933588820169019392,,Raw Leads / To Review,"twitter, url-lead",Twitter/X social signal,Expanded URL in uploaded tweets.js,1,resource_registry_v0_2,raw,list with caveat,Resource Registry,Auto-extracted URL lead from Twitter archive. Context: RT @tecmns: https://t.co/fohxPU74Am
E01183,X Article lead - 1933810565853630464,Article / social longform,http://x.com/i/article/1933810565853630464,,Raw Leads / To Review,"twitter, url-lead",Twitter/X social signal,Expanded URL in uploaded tweets.js,1,resource_registry_v0_2,raw,list with caveat,Resource Registry,Auto-extracted URL lead from Twitter archive. Context: RT @tokendynamics: https://t.co/xOL0JzFayc
E01184,X Article lead - 1934741278547152896,Article / social longform,http://x.com/i/article/1934741278547152896,,Raw Leads / To Review,"twitter, url-lead",Twitter/X social signal,Expanded URL in uploaded tweets.js,1,resource_registry_v0_2,raw,list with caveat,Resource Registry,Auto-extracted URL lead from Twitter archive. Context: RT @tecmns: https://t.co/lClDsgdnkj
E01185,X Article lead - 1934945050619691009,Article / social longform,http://x.com/i/article/1934945050619691009,,Raw Leads / To Review,"twitter, url-lead",Twitter/X social signal,Expanded URL in uploaded tweets.js,1,resource_registry_v0_2,raw,list with caveat,Resource Registry,Auto-extracted URL lead from Twitter archive. Context: RT @AzosFinance: https://t.co/VsKQEzOo8J
E01186,X Article lead - 1938219034429870080,Article / social longform,http://x.com/i/article/1938219034429870080,,Raw Leads / To Review,"twitter, url-lead",Twitter/X social signal,Expanded URL in uploaded tweets.js,1,resource_registry_v0_2,raw,list with caveat,Resource Registry,Auto-extracted URL lead from Twitter archive. Context: RT @frontiertower: https://t.co/8flgSS0YbI
E01187,X Article lead - 1938628629904424961,Article / social longform,http://x.com/i/article/1938628629904424961,,Raw Leads / To Review,"twitter, url-lead",Twitter/X social signal,Expanded URL in uploaded tweets.js,1,resource_registry_v0_2,raw,list with caveat,Resource Registry,Auto-extracted URL lead from Twitter archive. Context: RT @arlery: https://t.co/eUI0CT6Abn
E01188,X Article lead - 1940197887226314752,Article / social longform,http://x.com/i/article/1940197887226314752,,Raw Leads / To Review,"twitter, url-lead",Twitter/X social signal,Expanded URL in uploaded tweets.js,1,resource_registry_v0_2,raw,list with caveat,Resource Registry,Auto-extracted URL lead from Twitter archive. Context: RT @tecmns: https://t.co/b96jfEj9Eu
E01189,X Article lead - 1940737705123430400,Article / social longform,http://x.com/i/article/1940737705123430400,,Raw Leads / To Review,"twitter, url-lead",Twitter/X social signal,Expanded URL in uploaded tweets.js,1,resource_registry_v0_2,raw,list with caveat,Resource Registry,Auto-extracted URL lead from Twitter archive. Context: RT @jsuarez5341: https://t.co/DEMnbqPmtw
E01190,X Article lead - 1942754655072837632,Article / social longform,http://x.com/i/article/1942754655072837632,,Raw Leads / To Review,"twitter, url-lead",Twitter/X social signal,Expanded URL in uploaded tweets.js,1,resource_registry_v0_2,raw,list with caveat,Resource Registry,Auto-extracted URL lead from Twitter archive. Context: RT @papa_raw: https://t.co/4BGNU0IrnT
E01191,X Article lead - 1943250791784910848,Article / social longform,http://x.com/i/article/1943250791784910848,,Raw Leads / To Review,"twitter, url-lead",Twitter/X social signal,Expanded URL in uploaded tweets.js,1,resource_registry_v0_2,raw,list with caveat,Resource Registry,Auto-extracted URL lead from Twitter archive. Context: RT @linaventures1: https://t.co/h1Jj67RUMC
E01192,X Article lead - 1948240173487288320,Article / social longform,http://x.com/i/article/1948240173487288320,,Raw Leads / To Review,"twitter, url-lead",Twitter/X social signal,Expanded URL in uploaded tweets.js,1,resource_registry_v0_2,raw,list with caveat,Resource Registry,Auto-extracted URL lead from Twitter archive. Context: RT @papa_raw: https://t.co/2iHeEV3tLW
E01193,X Article lead - 1950914537936556032,Article / social longform,http://x.com/i/article/1950914537936556032,,Raw Leads / To Review,"twitter, url-lead",Twitter/X social signal,Expanded URL in uploaded tweets.js,1,resource_registry_v0_2,raw,list with caveat,Resource Registry,Auto-extracted URL lead from Twitter archive. Context: RT @flowstatecoop: https://t.co/Xelbq34V0i
E01194,X Article lead - 1957868896142213120,Article / social longform,http://x.com/i/article/1957868896142213120,,Raw Leads / To Review,"twitter, url-lead",Twitter/X social signal,Expanded URL in uploaded tweets.js,1,resource_registry_v0_2,raw,list with caveat,Resource Registry,Auto-extracted URL lead from Twitter archive. Context: RT @Frax: https://t.co/2vTbzVpW3G
E01195,X Article lead - 1960341211408916480,Article / social longform,http://x.com/i/article/1960341211408916480,,Raw Leads / To Review,"twitter, url-lead",Twitter/X social signal,Expanded URL in uploaded tweets.js,1,resource_registry_v0_2,raw,list with caveat,Resource Registry,Auto-extracted URL lead from Twitter archive. Context: RT @binji_x: https://t.co/y1PmpAHf5R
E01196,X Article lead - 1960787788468719616,Article / social longform,http://x.com/i/article/1960787788468719616,,Raw Leads / To Review,"twitter, url-lead",Twitter/X social signal,Expanded URL in uploaded tweets.js,1,resource_registry_v0_2,raw,list with caveat,Resource Registry,Auto-extracted URL lead from Twitter archive. Context: RT @Dionysus_Klima: https://t.co/7FOa6Y4cbl
E01197,X Article lead - 1963302648410710016,Article / social longform,http://x.com/i/article/1963302648410710016,,Raw Leads / To Review,"twitter, url-lead",Twitter/X social signal,Expanded URL in uploaded tweets.js,1,resource_registry_v0_2,raw,list with caveat,Resource Registry,Auto-extracted URL lead from Twitter archive. Context: RT @Superfluid_HQ: https://t.co/4oPCyYJADE
E01198,X Article lead - 1963949802061758464,Article / social longform,http://x.com/i/article/1963949802061758464,,Raw Leads / To Review,"twitter, url-lead",Twitter/X social signal,Expanded URL in uploaded tweets.js,1,resource_registry_v0_2,raw,list with caveat,Resource Registry,Auto-extracted URL lead from Twitter archive. Context: RT @haonan: https://t.co/LFjsaRg0Gb
E01199,X Article lead - 1965170051507744768,Article / social longform,http://x.com/i/article/1965170051507744768,,Raw Leads / To Review,"twitter, url-lead",Twitter/X social signal,Expanded URL in uploaded tweets.js,1,resource_registry_v0_2,raw,list with caveat,Resource Registry,Auto-extracted URL lead from Twitter archive. Context: RT @flowstatecoop: https://t.co/2O0rWMnkst
E01200,X Article lead - 1965761574045351936,Article / social longform,http://x.com/i/article/1965761574045351936,,Raw Leads / To Review,"twitter, url-lead",Twitter/X social signal,Expanded URL in uploaded tweets.js,1,resource_registry_v0_2,raw,list with caveat,Resource Registry,Auto-extracted URL lead from Twitter archive. Context: RT @A_Leutenegger: https://t.co/ZJmTs4V81n
E01201,X Article lead - 1968296793550028800,Article / social longform,http://x.com/i/article/1968296793550028800,,Raw Leads / To Review,"twitter, url-lead",Twitter/X social signal,Expanded URL in uploaded tweets.js,1,resource_registry_v0_2,raw,list with caveat,Resource Registry,Auto-extracted URL lead from Twitter archive. Context: RT @binji_x: https://t.co/S0cThgc5wR
E01202,X Article lead - 1971218404276051968,Article / social longform,http://x.com/i/article/1971218404276051968,,Raw Leads / To Review,"twitter, url-lead",Twitter/X social signal,Expanded URL in uploaded tweets.js,1,resource_registry_v0_2,raw,list with caveat,Resource Registry,Auto-extracted URL lead from Twitter archive. Context: RT @ECHInstitute: https://t.co/PRh7tVOXYq
E01203,X Article lead - 1973700584248127488,Article / social longform,http://x.com/i/article/1973700584248127488,,Raw Leads / To Review,"twitter, url-lead",Twitter/X social signal,Expanded URL in uploaded tweets.js,1,resource_registry_v0_2,raw,list with caveat,Resource Registry,Auto-extracted URL lead from Twitter archive. Context: RT @Abstract_Hzn: https://t.co/1FK0aUn4yZ
E01204,X Article lead - 1975909413635645440,Article / social longform,http://x.com/i/article/1975909413635645440,,Raw Leads / To Review,"twitter, url-lead",Twitter/X social signal,Expanded URL in uploaded tweets.js,1,resource_registry_v0_2,raw,list with caveat,Resource Registry,Auto-extracted URL lead from Twitter archive. Context: RT @AnalogueUSB: https://t.co/PLzjS5nN2y
E01205,X Article lead - 1975931924364337152,Article / social longform,http://x.com/i/article/1975931924364337152,,Raw Leads / To Review,"twitter, url-lead",Twitter/X social signal,Expanded URL in uploaded tweets.js,1,resource_registry_v0_2,raw,list with caveat,Resource Registry,Auto-extracted URL lead from Twitter archive. Context: RT @stablewatchHQ: https://t.co/7senveRiMf
E01206,X Article lead - 1976024112385409024,Article / social longform,http://x.com/i/article/1976024112385409024,,Raw Leads / To Review,"twitter, url-lead",Twitter/X social signal,Expanded URL in uploaded tweets.js,1,resource_registry_v0_2,raw,list with caveat,Resource Registry,Auto-extracted URL lead from Twitter archive. Context: RT @shibuyafilm: https://t.co/EA6GS6x8Jt
E01207,X Article lead - 1977602744920772608,Article / social longform,http://x.com/i/article/1977602744920772608,,Raw Leads / To Review,"twitter, url-lead",Twitter/X social signal,Expanded URL in uploaded tweets.js,1,resource_registry_v0_2,raw,list with caveat,Resource Registry,Auto-extracted URL lead from Twitter archive. Context: RT @wmougayar: https://t.co/aWOvJxrmYn
E01208,X Article lead - 1980557680067399680,Article / social longform,http://x.com/i/article/1980557680067399680,,Raw Leads / To Review,"twitter, url-lead",Twitter/X social signal,Expanded URL in uploaded tweets.js,1,resource_registry_v0_2,raw,list with caveat,Resource Registry,Auto-extracted URL lead from Twitter archive. Context: RT @papa_raw: https://t.co/u5R0bz9RkT
E01209,X Article lead - 1985469744196304900,Article / social longform,http://x.com/i/article/1985469744196304900,,Raw Leads / To Review,"twitter, url-lead",Twitter/X social signal,Expanded URL in uploaded tweets.js,1,resource_registry_v0_2,raw,list with caveat,Resource Registry,Auto-extracted URL lead from Twitter archive. Context: RT @Zac_Aztec: https://t.co/pgr0cbBW6Y
E01210,X Article lead - 1985799101175283712,Article / social longform,http://x.com/i/article/1985799101175283712,,Raw Leads / To Review,"twitter, url-lead",Twitter/X social signal,Expanded URL in uploaded tweets.js,1,resource_registry_v0_2,raw,list with caveat,Resource Registry,Auto-extracted URL lead from Twitter archive. Context: RT @IoachimViju: https://t.co/hJeZtnNEj7
E01211,X Article lead - 1987578279088304128,Article / social longform,http://x.com/i/article/1987578279088304128,,Raw Leads / To Review,"twitter, url-lead",Twitter/X social signal,Expanded URL in uploaded tweets.js,1,resource_registry_v0_2,raw,list with caveat,Resource Registry,Auto-extracted URL lead from Twitter archive. Context: RT @0xNN2: https://t.co/1XmgOEufPc
E01212,X Article lead - 1987587412478881792,Article / social longform,http://x.com/i/article/1987587412478881792,,Raw Leads / To Review,"twitter, url-lead",Twitter/X social signal,Expanded URL in uploaded tweets.js,1,resource_registry_v0_2,raw,list with caveat,Resource Registry,Auto-extracted URL lead from Twitter archive. Context: RT @Toluajet: https://t.co/VbMHHntxiN
E01213,X Article lead - 1991434093259857921,Article / social longform,http://x.com/i/article/1991434093259857921,,Raw Leads / To Review,"twitter, url-lead",Twitter/X social signal,Expanded URL in uploaded tweets.js,1,resource_registry_v0_2,raw,list with caveat,Resource Registry,Auto-extracted URL lead from Twitter archive. Context: RT @Atlantis_p2p: https://t.co/SnDt4Penol
E01214,X Article lead - 1995773844725137411,Article / social longform,http://x.com/i/article/1995773844725137411,,Raw Leads / To Review,"twitter, url-lead",Twitter/X social signal,Expanded URL in uploaded tweets.js,1,resource_registry_v0_2,raw,list with caveat,Resource Registry,Auto-extracted URL lead from Twitter archive. Context: RT @rocketman_w: https://t.co/svSNCG43R5
E01215,X Article lead - 1995909470434574336,Article / social longform,http://x.com/i/article/1995909470434574336,,Raw Leads / To Review,"twitter, url-lead",Twitter/X social signal,Expanded URL in uploaded tweets.js,1,resource_registry_v0_2,raw,list with caveat,Resource Registry,Auto-extracted URL lead from Twitter archive. Context: RT @binji_x: https://t.co/EUBUJgpyDw
E01216,X Article lead - 1995976778989666306,Article / social longform,http://x.com/i/article/1995976778989666306,,Raw Leads / To Review,"twitter, url-lead",Twitter/X social signal,Expanded URL in uploaded tweets.js,1,resource_registry_v0_2,raw,list with caveat,Resource Registry,Auto-extracted URL lead from Twitter archive. Context: RT @rocketman_w: https://t.co/n38C6V71I2
E01217,X Article lead - 1996823328468750336,Article / social longform,http://x.com/i/article/1996823328468750336,,Raw Leads / To Review,"twitter, url-lead",Twitter/X social signal,Expanded URL in uploaded tweets.js,1,resource_registry_v0_2,raw,list with caveat,Resource Registry,Auto-extracted URL lead from Twitter archive. Context: RT @owocki: https://t.co/b8fg95Kooz
E01218,X Article lead - 1997368797108580352,Article / social longform,http://x.com/i/article/1997368797108580352,,Raw Leads / To Review,"twitter, url-lead",Twitter/X social signal,Expanded URL in uploaded tweets.js,1,resource_registry_v0_2,raw,list with caveat,Resource Registry,Auto-extracted URL lead from Twitter archive. Context: RT @owocki: https://t.co/JpWUYnGbpx
E01219,X Article lead - 1998453641447870464,Article / social longform,http://x.com/i/article/1998453641447870464,,Raw Leads / To Review,"twitter, url-lead",Twitter/X social signal,Expanded URL in uploaded tweets.js,1,resource_registry_v0_2,raw,list with caveat,Resource Registry,Auto-extracted URL lead from Twitter archive. Context: RT @LidoFinance: https://t.co/zFlXh37X1k
E01220,X Article lead - 2001135898596122624,Article / social longform,http://x.com/i/article/2001135898596122624,,Raw Leads / To Review,"twitter, url-lead",Twitter/X social signal,Expanded URL in uploaded tweets.js,1,resource_registry_v0_2,raw,list with caveat,Resource Registry,Auto-extracted URL lead from Twitter archive. Context: RT @owocki: https://t.co/zFFlfHXzOO
E01221,X Article lead - 2001484972620673025,Article / social longform,http://x.com/i/article/2001484972620673025,,Raw Leads / To Review,"twitter, url-lead",Twitter/X social signal,Expanded URL in uploaded tweets.js,1,resource_registry_v0_2,raw,list with caveat,Resource Registry,Auto-extracted URL lead from Twitter archive. Context: RT @DisruptionJoe: https://t.co/Lh2isadeBk
E01222,X Article lead - 2002882812697808897,Article / social longform,http://x.com/i/article/2002882812697808897,,Raw Leads / To Review,"twitter, url-lead",Twitter/X social signal,Expanded URL in uploaded tweets.js,1,resource_registry_v0_2,raw,list with caveat,Resource Registry,Auto-extracted URL lead from Twitter archive. Context: RT @DisruptionJoe: https://t.co/rlZt9vqPYY
E01223,X Article lead - 2003227242835628032,Article / social longform,http://x.com/i/article/2003227242835628032,,Raw Leads / To Review,"twitter, url-lead",Twitter/X social signal,Expanded URL in uploaded tweets.js,1,resource_registry_v0_2,raw,list with caveat,Resource Registry,Auto-extracted URL lead from Twitter archive. Context: RT @marek_: https://t.co/md7roWvg6M
E01224,X Article lead - 2003344975170506753,Article / social longform,http://x.com/i/article/2003344975170506753,,Raw Leads / To Review,"twitter, url-lead",Twitter/X social signal,Expanded URL in uploaded tweets.js,1,resource_registry_v0_2,raw,list with caveat,Resource Registry,Auto-extracted URL lead from Twitter archive. Context: RT @Atlantis_p2p: https://t.co/By3BClSzV9
E01225,X Article lead - 2003429042003808256,Article / social longform,http://x.com/i/article/2003429042003808256,,Raw Leads / To Review,"twitter, url-lead",Twitter/X social signal,Expanded URL in uploaded tweets.js,1,resource_registry_v0_2,raw,list with caveat,Resource Registry,Auto-extracted URL lead from Twitter archive. Context: RT @Snapcrackle: https://t.co/E1znWKDEsW
E01226,X Article lead - 2003463223698493440,Article / social longform,http://x.com/i/article/2003463223698493440,,Raw Leads / To Review,"twitter, url-lead",Twitter/X social signal,Expanded URL in uploaded tweets.js,1,resource_registry_v0_2,raw,list with caveat,Resource Registry,Auto-extracted URL lead from Twitter archive. Context: RT @IrthuSuresh: https://t.co/S3JZlI2QIw
E01227,X Article lead - 2005722663210344448,Article / social longform,http://x.com/i/article/2005722663210344448,,Raw Leads / To Review,"twitter, url-lead",Twitter/X social signal,Expanded URL in uploaded tweets.js,1,resource_registry_v0_2,raw,list with caveat,Resource Registry,Auto-extracted URL lead from Twitter archive. Context: RT @DisruptionJoe: https://t.co/4RB95PgLVN
E01228,X Article lead - 2005758090990481408,Article / social longform,http://x.com/i/article/2005758090990481408,,Raw Leads / To Review,"twitter, url-lead",Twitter/X social signal,Expanded URL in uploaded tweets.js,1,resource_registry_v0_2,raw,list with caveat,Resource Registry,Auto-extracted URL lead from Twitter archive. Context: RT @guiribabrb: https://t.co/DfzCEiibQ2
E01229,X Article lead - 2006404184510443521,Article / social longform,http://x.com/i/article/2006404184510443521,,Raw Leads / To Review,"twitter, url-lead",Twitter/X social signal,Expanded URL in uploaded tweets.js,1,resource_registry_v0_2,raw,list with caveat,Resource Registry,Auto-extracted URL lead from Twitter archive. Context: RT @owocki: https://t.co/oQ4GIdGUyW
E01230,X Article lead - 2007540819763544064,Article / social longform,http://x.com/i/article/2007540819763544064,,Raw Leads / To Review,"twitter, url-lead",Twitter/X social signal,Expanded URL in uploaded tweets.js,1,resource_registry_v0_2,raw,list with caveat,Resource Registry,Auto-extracted URL lead from Twitter archive. Context: RT @aaronjmars: https://t.co/4RAwbgcyhy
E01231,X Article lead - 2007830543967084544,Article / social longform,http://x.com/i/article/2007830543967084544,,Raw Leads / To Review,"twitter, url-lead",Twitter/X social signal,Expanded URL in uploaded tweets.js,1,resource_registry_v0_2,raw,list with caveat,Resource Registry,Auto-extracted URL lead from Twitter archive. Context: RT @DeFiDave22: https://t.co/EFRjIThoPe
E01232,X Article lead - 2007937032333795329,Article / social longform,http://x.com/i/article/2007937032333795329,,Raw Leads / To Review,"twitter, url-lead",Twitter/X social signal,Expanded URL in uploaded tweets.js,1,resource_registry_v0_2,raw,list with caveat,Resource Registry,Auto-extracted URL lead from Twitter archive. Context: RT @JustJake: https://t.co/V8siEv9fa5
E01233,X Article lead - 2008016291098230784,Article / social longform,http://x.com/i/article/2008016291098230784,,Raw Leads / To Review,"twitter, url-lead",Twitter/X social signal,Expanded URL in uploaded tweets.js,1,resource_registry_v0_2,raw,list with caveat,Resource Registry,Auto-extracted URL lead from Twitter archive. Context: RT @ECHInstitute: https://t.co/ojHWhEJLwR
E01234,X Article lead - 2008596013095776257,Article / social longform,http://x.com/i/article/2008596013095776257,,Raw Leads / To Review,"twitter, url-lead",Twitter/X social signal,Expanded URL in uploaded tweets.js,1,resource_registry_v0_2,raw,list with caveat,Resource Registry,Auto-extracted URL lead from Twitter archive. Context: RT @owocki: https://t.co/e2YjnGu0wM
E01235,X Article lead - 2009248193532628992,Article / social longform,http://x.com/i/article/2009248193532628992,,Raw Leads / To Review,"twitter, url-lead",Twitter/X social signal,Expanded URL in uploaded tweets.js,1,resource_registry_v0_2,raw,list with caveat,Resource Registry,Auto-extracted URL lead from Twitter archive. Context: RT @donvito: https://t.co/J4SEA4iRNL
E01236,X Article lead - 2009265061563453440,Article / social longform,http://x.com/i/article/2009265061563453440,,Raw Leads / To Review,"twitter, url-lead",Twitter/X social signal,Expanded URL in uploaded tweets.js,1,resource_registry_v0_2,raw,list with caveat,Resource Registry,Auto-extracted URL lead from Twitter archive. Context: RT @howdymerry: https://t.co/E7uGKClbOl
E01237,X Article lead - 2009634608992669696,Article / social longform,http://x.com/i/article/2009634608992669696,,Raw Leads / To Review,"twitter, url-lead",Twitter/X social signal,Expanded URL in uploaded tweets.js,1,resource_registry_v0_2,raw,list with caveat,Resource Registry,Auto-extracted URL lead from Twitter archive. Context: RT @VittoStack: https://t.co/2uI4EiqNxg
E01238,X Article lead - 2010664201295986688,Article / social longform,http://x.com/i/article/2010664201295986688,,Raw Leads / To Review,"twitter, url-lead",Twitter/X social signal,Expanded URL in uploaded tweets.js,1,resource_registry_v0_2,raw,list with caveat,Resource Registry,Auto-extracted URL lead from Twitter archive. Context: RT @IntuitMachine: https://t.co/fiKeozPOpk
E01239,X Article lead - 2010776262520811521,Article / social longform,http://x.com/i/article/2010776262520811521,,Raw Leads / To Review,"twitter, url-lead",Twitter/X social signal,Expanded URL in uploaded tweets.js,1,resource_registry_v0_2,raw,list with caveat,Resource Registry,Auto-extracted URL lead from Twitter archive. Context: RT @Dionysus_Klima: https://t.co/bXaAP3ri9f
E01240,X Article lead - 2011189774153818114,Article / social longform,http://x.com/i/article/2011189774153818114,,Raw Leads / To Review,"twitter, url-lead",Twitter/X social signal,Expanded URL in uploaded tweets.js,1,resource_registry_v0_2,raw,list with caveat,Resource Registry,Auto-extracted URL lead from Twitter archive. Context: RT @a16zcrypto: https://t.co/oN4Vl9VuXC
E01241,X Article lead - 2011525266607104000,Article / social longform,http://x.com/i/article/2011525266607104000,,Raw Leads / To Review,"twitter, url-lead",Twitter/X social signal,Expanded URL in uploaded tweets.js,1,resource_registry_v0_2,raw,list with caveat,Resource Registry,Auto-extracted URL lead from Twitter archive. Context: RT @DisruptionJoe: https://t.co/obJfe02Rny
E01242,X Article lead - 2011957941042098178,Article / social longform,http://x.com/i/article/2011957941042098178,,Raw Leads / To Review,"twitter, url-lead",Twitter/X social signal,Expanded URL in uploaded tweets.js,1,resource_registry_v0_2,raw,list with caveat,Resource Registry,Auto-extracted URL lead from Twitter archive. Context: RT @DisruptionJoe: https://t.co/DkVuFygS9Z
E01243,X Article lead - 2013169287108931584,Article / social longform,http://x.com/i/article/2013169287108931584,,Raw Leads / To Review,"twitter, url-lead",Twitter/X social signal,Expanded URL in uploaded tweets.js,1,resource_registry_v0_2,raw,list with caveat,Resource Registry,Auto-extracted URL lead from Twitter archive. Context: RT @RohitMalekar: https://t.co/sIfy8pC0jh
E01244,X Article lead - 2013228676293242880,Article / social longform,http://x.com/i/article/2013228676293242880,,Raw Leads / To Review,"twitter, url-lead",Twitter/X social signal,Expanded URL in uploaded tweets.js,1,resource_registry_v0_2,raw,list with caveat,Resource Registry,Auto-extracted URL lead from Twitter archive. Context: RT @Snapcrackle: https://t.co/UgqOUGH2dV
E01245,X Article lead - 2013287343315103748,Article / social longform,http://x.com/i/article/2013287343315103748,,Raw Leads / To Review,"twitter, url-lead",Twitter/X social signal,Expanded URL in uploaded tweets.js,1,resource_registry_v0_2,raw,list with caveat,Resource Registry,Auto-extracted URL lead from Twitter archive. Context: RT @JoinEdgeCity: https://t.co/DPAEVj9VE0
E01246,X Article lead - 2013298035317723136,Article / social longform,http://x.com/i/article/2013298035317723136,,Raw Leads / To Review,"twitter, url-lead",Twitter/X social signal,Expanded URL in uploaded tweets.js,1,resource_registry_v0_2,raw,list with caveat,Resource Registry,Auto-extracted URL lead from Twitter archive. Context: RT @ECHInstitute: https://t.co/8T1180k728
E01247,X Article lead - 2013614396660989953,Article / social longform,http://x.com/i/article/2013614396660989953,,Raw Leads / To Review,"twitter, url-lead",Twitter/X social signal,Expanded URL in uploaded tweets.js,1,resource_registry_v0_2,raw,list with caveat,Resource Registry,Auto-extracted URL lead from Twitter archive. Context: RT @Celo: https://t.co/EEcce3EQuR
E01248,X Article lead - 2013661230460727296,Article / social longform,http://x.com/i/article/2013661230460727296,,Raw Leads / To Review,"twitter, url-lead",Twitter/X social signal,Expanded URL in uploaded tweets.js,1,resource_registry_v0_2,raw,list with caveat,Resource Registry,Auto-extracted URL lead from Twitter archive. Context: RT @christine_dkim: https://t.co/YFqr3O06dO
E01249,X Article lead - 2014360356009697280,Article / social longform,http://x.com/i/article/2014360356009697280,,Raw Leads / To Review,"twitter, url-lead",Twitter/X social signal,Expanded URL in uploaded tweets.js,1,resource_registry_v0_2,raw,list with caveat,Resource Registry,Auto-extracted URL lead from Twitter archive. Context: RT @Dionysus_Klima: https://t.co/3IdhyKlkIv
E01250,X Article lead - 2014399428317339648,Article / social longform,http://x.com/i/article/2014399428317339648,,Raw Leads / To Review,"twitter, url-lead",Twitter/X social signal,Expanded URL in uploaded tweets.js,1,resource_registry_v0_2,raw,list with caveat,Resource Registry,Auto-extracted URL lead from Twitter archive. Context: RT @thetreegens: https://t.co/G84WEvHJ5I
E01251,X Article lead - 2014674094474604544,Article / social longform,http://x.com/i/article/2014674094474604544,,Raw Leads / To Review,"twitter, url-lead",Twitter/X social signal,Expanded URL in uploaded tweets.js,1,resource_registry_v0_2,raw,list with caveat,Resource Registry,Auto-extracted URL lead from Twitter archive. Context: RT @davinci_vote: https://t.co/3zZdDChDvo
E01252,X Article lead - 2014784402606161920,Article / social longform,http://x.com/i/article/2014784402606161920,,Raw Leads / To Review,"twitter, url-lead",Twitter/X social signal,Expanded URL in uploaded tweets.js,1,resource_registry_v0_2,raw,list with caveat,Resource Registry,Auto-extracted URL lead from Twitter archive. Context: RT @rish_neynar: https://t.co/8YgyNDFP44
E01253,X Article lead - 2015754191487053826,Article / social longform,http://x.com/i/article/2015754191487053826,,Raw Leads / To Review,"twitter, url-lead",Twitter/X social signal,Expanded URL in uploaded tweets.js,1,resource_registry_v0_2,raw,list with caveat,Resource Registry,Auto-extracted URL lead from Twitter archive. Context: RT @nunet_global: https://t.co/0rmHT8jhAd
E01254,X Article lead - 2015826848869920778,Article / social longform,http://x.com/i/article/2015826848869920778,,Raw Leads / To Review,"twitter, url-lead",Twitter/X social signal,Expanded URL in uploaded tweets.js,1,resource_registry_v0_2,raw,list with caveat,Resource Registry,Auto-extracted URL lead from Twitter archive. Context: RT @JoinEdgeCity: https://t.co/jto9ldp8cL
E01255,X Article lead - 2016534346568761344,Article / social longform,http://x.com/i/article/2016534346568761344,,Raw Leads / To Review,"twitter, url-lead",Twitter/X social signal,Expanded URL in uploaded tweets.js,1,resource_registry_v0_2,raw,list with caveat,Resource Registry,Auto-extracted URL lead from Twitter archive. Context: RT @feemschats: https://t.co/jUQQEVqSN6
E01256,X Article lead - 2016558940742701057,Article / social longform,http://x.com/i/article/2016558940742701057,,Raw Leads / To Review,"twitter, url-lead",Twitter/X social signal,Expanded URL in uploaded tweets.js,1,resource_registry_v0_2,raw,list with caveat,Resource Registry,Auto-extracted URL lead from Twitter archive. Context: RT @ECHInstitute: https://t.co/MuWkFIa0V7
E01257,X Article lead - 2016654428737327106,Article / social longform,http://x.com/i/article/2016654428737327106,,Raw Leads / To Review,"twitter, url-lead",Twitter/X social signal,Expanded URL in uploaded tweets.js,1,resource_registry_v0_2,raw,list with caveat,Resource Registry,Auto-extracted URL lead from Twitter archive. Context: RT @RJPinnell: https://t.co/K1HBT7T052
E01258,X Article lead - 2016905482670129153,Article / social longform,http://x.com/i/article/2016905482670129153,,Raw Leads / To Review,"twitter, url-lead",Twitter/X social signal,Expanded URL in uploaded tweets.js,1,resource_registry_v0_2,raw,list with caveat,Resource Registry,Auto-extracted URL lead from Twitter archive. Context: RT @myosin_xyz: https://t.co/78M0yz38oK
E01259,X Article lead - 2016925866463506432,Article / social longform,http://x.com/i/article/2016925866463506432,,Raw Leads / To Review,"twitter, url-lead",Twitter/X social signal,Expanded URL in uploaded tweets.js,1,resource_registry_v0_2,raw,list with caveat,Resource Registry,Auto-extracted URL lead from Twitter archive. Context: RT @unhappyben: https://t.co/UgRLkiHjwc
E01260,X Article lead - 2017230079118458880,Article / social longform,http://x.com/i/article/2017230079118458880,,Raw Leads / To Review,"twitter, url-lead",Twitter/X social signal,Expanded URL in uploaded tweets.js,1,resource_registry_v0_2,raw,list with caveat,Resource Registry,Auto-extracted URL lead from Twitter archive. Context: RT @shape: https://t.co/2GpEyebKMb
E01261,X Article lead - 2018164804976795648,Article / social longform,http://x.com/i/article/2018164804976795648,,Raw Leads / To Review,"twitter, url-lead",Twitter/X social signal,Expanded URL in uploaded tweets.js,1,resource_registry_v0_2,raw,list with caveat,Resource Registry,Auto-extracted URL lead from Twitter archive. Context: RT @owocki: https://t.co/7R17YkEXWv
E01262,X Article lead - 2019035263582842880,Article / social longform,http://x.com/i/article/2019035263582842880,,Raw Leads / To Review,"twitter, url-lead",Twitter/X social signal,Expanded URL in uploaded tweets.js,1,resource_registry_v0_2,raw,list with caveat,Resource Registry,Auto-extracted URL lead from Twitter archive. Context: RT @optimystics_: https://t.co/eMLPA89XAo
E01263,X Article lead - 2019117513318277121,Article / social longform,http://x.com/i/article/2019117513318277121,,Raw Leads / To Review,"twitter, url-lead",Twitter/X social signal,Expanded URL in uploaded tweets.js,1,resource_registry_v0_2,raw,list with caveat,Resource Registry,Auto-extracted URL lead from Twitter archive. Context: RT @RJPinnell: https://t.co/Tbxn0OEDle
E01264,X Article lead - 2019783139376173056,Article / social longform,http://x.com/i/article/2019783139376173056,,Raw Leads / To Review,"twitter, url-lead",Twitter/X social signal,Expanded URL in uploaded tweets.js,1,resource_registry_v0_2,raw,list with caveat,Resource Registry,Auto-extracted URL lead from Twitter archive. Context: RT @christine_dkim: https://t.co/eV9nX84OXe
E01265,X Article lead - 2021315943872204800,Article / social longform,http://x.com/i/article/2021315943872204800,,Raw Leads / To Review,"twitter, url-lead",Twitter/X social signal,Expanded URL in uploaded tweets.js,1,resource_registry_v0_2,raw,list with caveat,Resource Registry,Auto-extracted URL lead from Twitter archive. Context: RT @JoinEdgeCity: https://t.co/5Fvhm7IEs3
E01266,X Article lead - 2021371601980182528,Article / social longform,http://x.com/i/article/2021371601980182528,,Raw Leads / To Review,"twitter, url-lead",Twitter/X social signal,Expanded URL in uploaded tweets.js,1,resource_registry_v0_2,raw,list with caveat,Resource Registry,Auto-extracted URL lead from Twitter archive. Context: RT @art_tem_: https://t.co/xiqxQ8ikc6
E01267,X Article lead - 2021482969265750016,Article / social longform,http://x.com/i/article/2021482969265750016,,Raw Leads / To Review,"twitter, url-lead",Twitter/X social signal,Expanded URL in uploaded tweets.js,1,resource_registry_v0_2,raw,list with caveat,Resource Registry,Auto-extracted URL lead from Twitter archive. Context: RT @JoinEdgeCity: https://t.co/VsTPjPoz5k
E01268,X Article lead - 2021944400302018560,Article / social longform,http://x.com/i/article/2021944400302018560,,Raw Leads / To Review,"twitter, url-lead",Twitter/X social signal,Expanded URL in uploaded tweets.js,1,resource_registry_v0_2,raw,list with caveat,Resource Registry,Auto-extracted URL lead from Twitter archive. Context: RT @cryptoeconlab: https://t.co/hcfrTSnz8H
E01269,X Article lead - 2022345326816821249,Article / social longform,http://x.com/i/article/2022345326816821249,,Raw Leads / To Review,"twitter, url-lead",Twitter/X social signal,Expanded URL in uploaded tweets.js,1,resource_registry_v0_2,raw,list with caveat,Resource Registry,Auto-extracted URL lead from Twitter archive. Context: RT @JoinEdgeCity: https://t.co/hRNUhk8YOm
E01270,X Article lead - 2022403585586401283,Article / social longform,http://x.com/i/article/2022403585586401283,,Raw Leads / To Review,"twitter, url-lead",Twitter/X social signal,Expanded URL in uploaded tweets.js,1,resource_registry_v0_2,raw,list with caveat,Resource Registry,Auto-extracted URL lead from Twitter archive. Context: RT @theopenmachine: https://t.co/PE95dt7pZh
E01271,X Article lead - 2023139761049772033,Article / social longform,http://x.com/i/article/2023139761049772033,,Raw Leads / To Review,"twitter, url-lead",Twitter/X social signal,Expanded URL in uploaded tweets.js,1,resource_registry_v0_2,raw,list with caveat,Resource Registry,Auto-extracted URL lead from Twitter archive. Context: RT @Gary_Weinstein_: https://t.co/WEkqSGDOrR
E01272,X Article lead - 2023822030626230272,Article / social longform,http://x.com/i/article/2023822030626230272,,Raw Leads / To Review,"twitter, url-lead",Twitter/X social signal,Expanded URL in uploaded tweets.js,1,resource_registry_v0_2,raw,list with caveat,Resource Registry,Auto-extracted URL lead from Twitter archive. Context: RT @Crypto_Altruism: https://t.co/ub3AhQSKvl
E01273,X Article lead - 2024112050687836160,Article / social longform,http://x.com/i/article/2024112050687836160,,Raw Leads / To Review,"twitter, url-lead",Twitter/X social signal,Expanded URL in uploaded tweets.js,1,resource_registry_v0_2,raw,list with caveat,Resource Registry,Auto-extracted URL lead from Twitter archive. Context: RT @JoinEdgeCity: https://t.co/PROBxeHeYY
E01274,X Article lead - 2024144031639306240,Article / social longform,http://x.com/i/article/2024144031639306240,,Raw Leads / To Review,"twitter, url-lead",Twitter/X social signal,Expanded URL in uploaded tweets.js,1,resource_registry_v0_2,raw,list with caveat,Resource Registry,Auto-extracted URL lead from Twitter archive. Context: RT @0xy_moron: https://t.co/STpOJDqCLP
E01275,X Article lead - 2026322199666438144,Article / social longform,http://x.com/i/article/2026322199666438144,,Raw Leads / To Review,"twitter, url-lead",Twitter/X social signal,Expanded URL in uploaded tweets.js,1,resource_registry_v0_2,raw,list with caveat,Resource Registry,Auto-extracted URL lead from Twitter archive. Context: RT @owocki: https://t.co/cb3w5U4eg5
E01276,X Article lead - 2026764089079508993,Article / social longform,http://x.com/i/article/2026764089079508993,,Raw Leads / To Review,"twitter, url-lead",Twitter/X social signal,Expanded URL in uploaded tweets.js,1,resource_registry_v0_2,raw,list with caveat,Resource Registry,Auto-extracted URL lead from Twitter archive. Context: RT @azeemk: https://t.co/TEGatXnlW7
E01277,X Article lead - 2027074644574863360,Article / social longform,http://x.com/i/article/2027074644574863360,,Raw Leads / To Review,"twitter, url-lead",Twitter/X social signal,Expanded URL in uploaded tweets.js,1,resource_registry_v0_2,raw,list with caveat,Resource Registry,Auto-extracted URL lead from Twitter archive. Context: RT @DisruptionJoe: https://t.co/R2OJ6QQR5H
E01278,X Article lead - 2027441986324860933,Article / social longform,http://x.com/i/article/2027441986324860933,,Raw Leads / To Review,"twitter, url-lead",Twitter/X social signal,Expanded URL in uploaded tweets.js,1,resource_registry_v0_2,raw,list with caveat,Resource Registry,Auto-extracted URL lead from Twitter archive. Context: RT @RohitMalekar: https://t.co/57BvABdd8E
E01279,X Article lead - 2027468925378650112,Article / social longform,http://x.com/i/article/2027468925378650112,,Raw Leads / To Review,"twitter, url-lead",Twitter/X social signal,Expanded URL in uploaded tweets.js,1,resource_registry_v0_2,raw,list with caveat,Resource Registry,Auto-extracted URL lead from Twitter archive. Context: RT @papa_raw: https://t.co/DPnQVj6dVb
E01280,X Article lead - 2028963410080350208,Article / social longform,http://x.com/i/article/2028963410080350208,,Raw Leads / To Review,"twitter, url-lead",Twitter/X social signal,Expanded URL in uploaded tweets.js,1,resource_registry_v0_2,raw,list with caveat,Resource Registry,Auto-extracted URL lead from Twitter archive. Context: RT @HumnPassport: https://t.co/M0pn9UQBhT
E01281,X Article lead - 2029105405570289664,Article / social longform,http://x.com/i/article/2029105405570289664,,Raw Leads / To Review,"twitter, url-lead",Twitter/X social signal,Expanded URL in uploaded tweets.js,1,resource_registry_v0_2,raw,list with caveat,Resource Registry,Auto-extracted URL lead from Twitter archive. Context: RT @Snapcrackle: https://t.co/r0KLqneV5V
E01282,X Article lead - 2029188774396149760,Article / social longform,http://x.com/i/article/2029188774396149760,,Raw Leads / To Review,"twitter, url-lead",Twitter/X social signal,Expanded URL in uploaded tweets.js,1,resource_registry_v0_2,raw,list with caveat,Resource Registry,Auto-extracted URL lead from Twitter archive. Context: RT @Molecule_sci: https://t.co/fGU65MfX7u
E01283,X Article lead - 2029310888705179649,Article / social longform,http://x.com/i/article/2029310888705179649,,Raw Leads / To Review,"twitter, url-lead",Twitter/X social signal,Expanded URL in uploaded tweets.js,1,resource_registry_v0_2,raw,list with caveat,Resource Registry,Auto-extracted URL lead from Twitter archive. Context: RT @synthesis_md: https://t.co/q2AqPuiQX0
E01284,X Article lead - 2029489286559510528,Article / social longform,http://x.com/i/article/2029489286559510528,,Raw Leads / To Review,"twitter, url-lead",Twitter/X social signal,Expanded URL in uploaded tweets.js,1,resource_registry_v0_2,raw,list with caveat,Resource Registry,Auto-extracted URL lead from Twitter archive. Context: RT @JoinEdgeCity: https://t.co/kTVyonwYzw
E01285,X Article lead - 2029683955176198144,Article / social longform,http://x.com/i/article/2029683955176198144,,Raw Leads / To Review,"twitter, url-lead",Twitter/X social signal,Expanded URL in uploaded tweets.js,1,resource_registry_v0_2,raw,list with caveat,Resource Registry,Auto-extracted URL lead from Twitter archive. Context: RT @papa_raw: https://t.co/ndLPNoxzjn
E01286,X Article lead - 2029944322876133380,Article / social longform,http://x.com/i/article/2029944322876133380,,Raw Leads / To Review,"twitter, url-lead",Twitter/X social signal,Expanded URL in uploaded tweets.js,1,resource_registry_v0_2,raw,list with caveat,Resource Registry,Auto-extracted URL lead from Twitter archive. Context: RT @kennyistyping: https://t.co/yoXD74pCEK
E01287,X Article lead - 2029947595485769728,Article / social longform,http://x.com/i/article/2029947595485769728,,Raw Leads / To Review,"twitter, url-lead",Twitter/X social signal,Expanded URL in uploaded tweets.js,1,resource_registry_v0_2,raw,list with caveat,Resource Registry,Auto-extracted URL lead from Twitter archive. Context: RT @christine_dkim: https://t.co/rJF06waJyz
E01288,X Article lead - 2030717360672272384,Article / social longform,http://x.com/i/article/2030717360672272384,,Raw Leads / To Review,"twitter, url-lead",Twitter/X social signal,Expanded URL in uploaded tweets.js,1,resource_registry_v0_2,raw,list with caveat,Resource Registry,Auto-extracted URL lead from Twitter archive. Context: RT @buidlguidl: https://t.co/cVETTWCuWG
E01289,X Article lead - 2030961559061528576,Article / social longform,http://x.com/i/article/2030961559061528576,,Raw Leads / To Review,"twitter, url-lead",Twitter/X social signal,Expanded URL in uploaded tweets.js,1,resource_registry_v0_2,raw,list with caveat,Resource Registry,Auto-extracted URL lead from Twitter archive. Context: RT @maxlomu: https://t.co/goa4PNy8ap
E01290,X Article lead - 2031024894620975104,Article / social longform,http://x.com/i/article/2031024894620975104,,Raw Leads / To Review,"twitter, url-lead",Twitter/X social signal,Expanded URL in uploaded tweets.js,1,resource_registry_v0_2,raw,list with caveat,Resource Registry,Auto-extracted URL lead from Twitter archive. Context: RT @feemschats: https://t.co/faJYOZH0YK
E01291,X Article lead - 2031025833964658688,Article / social longform,http://x.com/i/article/2031025833964658688,,Raw Leads / To Review,"twitter, url-lead",Twitter/X social signal,Expanded URL in uploaded tweets.js,1,resource_registry_v0_2,raw,list with caveat,Resource Registry,Auto-extracted URL lead from Twitter archive. Context: RT @arkreen_network: https://t.co/qliBAkka99
E01292,X Article lead - 2031240381510094848,Article / social longform,http://x.com/i/article/2031240381510094848,,Raw Leads / To Review,"twitter, url-lead",Twitter/X social signal,Expanded URL in uploaded tweets.js,1,resource_registry_v0_2,raw,list with caveat,Resource Registry,Auto-extracted URL lead from Twitter archive. Context: RT @JoinEdgeCity: https://t.co/4pdhfEEMJq
E01293,X Article lead - 2031260463280041986,Article / social longform,http://x.com/i/article/2031260463280041986,,Raw Leads / To Review,"twitter, url-lead",Twitter/X social signal,Expanded URL in uploaded tweets.js,1,resource_registry_v0_2,raw,list with caveat,Resource Registry,Auto-extracted URL lead from Twitter archive. Context: RT @seer_pm: https://t.co/avlxcRtKqV
E01294,X Article lead - 2032089015327883264,Article / social longform,http://x.com/i/article/2032089015327883264,,Raw Leads / To Review,"twitter, url-lead",Twitter/X social signal,Expanded URL in uploaded tweets.js,1,resource_registry_v0_2,raw,list with caveat,Resource Registry,Auto-extracted URL lead from Twitter archive. Context: RT @Etherealize_io: https://t.co/DrKAELg2kw
E01295,X Article lead - 2032180631409426434,Article / social longform,http://x.com/i/article/2032180631409426434,,Raw Leads / To Review,"twitter, url-lead",Twitter/X social signal,Expanded URL in uploaded tweets.js,1,resource_registry_v0_2,raw,list with caveat,Resource Registry,Auto-extracted URL lead from Twitter archive. Context: RT @izgnzlz: https://t.co/4hffMRx4Z8
E01296,X Article lead - 2033851337645891584,Article / social longform,http://x.com/i/article/2033851337645891584,,Raw Leads / To Review,"twitter, url-lead",Twitter/X social signal,Expanded URL in uploaded tweets.js,1,resource_registry_v0_2,raw,list with caveat,Resource Registry,Auto-extracted URL lead from Twitter archive. Context: RT @_julianma: https://t.co/7WZDKbB4Iz
E01297,X Article lead - 2033894681965117441,Article / social longform,http://x.com/i/article/2033894681965117441,,Raw Leads / To Review,"twitter, url-lead",Twitter/X social signal,Expanded URL in uploaded tweets.js,1,resource_registry_v0_2,raw,list with caveat,Resource Registry,Auto-extracted URL lead from Twitter archive. Context: RT @jchaskin22: https://t.co/ydkl0MJZQd
E01298,X Article lead - 2033909494313586688,Article / social longform,http://x.com/i/article/2033909494313586688,,Raw Leads / To Review,"twitter, url-lead",Twitter/X social signal,Expanded URL in uploaded tweets.js,1,resource_registry_v0_2,raw,list with caveat,Resource Registry,Auto-extracted URL lead from Twitter archive. Context: RT @humpty0x: https://t.co/pQZGQH2o8q
E01299,X Article lead - 2034029278661382145,Article / social longform,http://x.com/i/article/2034029278661382145,,Raw Leads / To Review,"twitter, url-lead",Twitter/X social signal,Expanded URL in uploaded tweets.js,1,resource_registry_v0_2,raw,list with caveat,Resource Registry,Auto-extracted URL lead from Twitter archive. Context: RT @theopenmachine: https://t.co/ia3a17SKdE
E01300,X Article lead - 2035067501277847552,Article / social longform,http://x.com/i/article/2035067501277847552,,Raw Leads / To Review,"twitter, url-lead",Twitter/X social signal,Expanded URL in uploaded tweets.js,1,resource_registry_v0_2,raw,list with caveat,Resource Registry,Auto-extracted URL lead from Twitter archive. Context: RT @synthesis_md: https://t.co/bcCu2Hd0RZ
E01301,X Article lead - 2036902131392024576,Article / social longform,http://x.com/i/article/2036902131392024576,,Raw Leads / To Review,"twitter, url-lead",Twitter/X social signal,Expanded URL in uploaded tweets.js,1,resource_registry_v0_2,raw,list with caveat,Resource Registry,Auto-extracted URL lead from Twitter archive. Context: RT @theopenmachine: https://t.co/Q3J64WxecG
E01302,X Article lead - 2037482545961742336,Article / social longform,http://x.com/i/article/2037482545961742336,,Raw Leads / To Review,"twitter, url-lead",Twitter/X social signal,Expanded URL in uploaded tweets.js,1,resource_registry_v0_2,raw,list with caveat,Resource Registry,Auto-extracted URL lead from Twitter archive. Context: RT @synthesis_md: https://t.co/zgfQKNCqtX
E01303,X Article lead - 2038227046099214336,Article / social longform,http://x.com/i/article/2038227046099214336,,Raw Leads / To Review,"twitter, url-lead",Twitter/X social signal,Expanded URL in uploaded tweets.js,1,resource_registry_v0_2,raw,list with caveat,Resource Registry,Auto-extracted URL lead from Twitter archive. Context: RT @etheconomiczone: https://t.co/T1730uZRFF
E01304,X Article lead - 2039415146863554560,Article / social longform,http://x.com/i/article/2039415146863554560,,Raw Leads / To Review,"twitter, url-lead",Twitter/X social signal,Expanded URL in uploaded tweets.js,1,resource_registry_v0_2,raw,list with caveat,Resource Registry,Auto-extracted URL lead from Twitter archive. Context: RT @KMLLCW3: https://t.co/ikMNrTpfua
E01305,X Article lead - 2042284826888171520,Article / social longform,http://x.com/i/article/2042284826888171520,,Raw Leads / To Review,"twitter, url-lead",Twitter/X social signal,Expanded URL in uploaded tweets.js,1,resource_registry_v0_2,raw,list with caveat,Resource Registry,Auto-extracted URL lead from Twitter archive. Context: RT @Crypto_Altruism: https://t.co/tGmw1o0Wlv
E01306,X Article lead - 2043975993853960193,Article / social longform,http://x.com/i/article/2043975993853960193,,Raw Leads / To Review,"twitter, url-lead",Twitter/X social signal,Expanded URL in uploaded tweets.js,1,resource_registry_v0_2,raw,list with caveat,Resource Registry,Auto-extracted URL lead from Twitter archive. Context: RT @JoinEdgeCity: https://t.co/5rbjFDJbHQ
E01307,X Article lead - 2044075283112665088,Article / social longform,http://x.com/i/article/2044075283112665088,,Raw Leads / To Review,"twitter, url-lead",Twitter/X social signal,Expanded URL in uploaded tweets.js,1,resource_registry_v0_2,raw,list with caveat,Resource Registry,Auto-extracted URL lead from Twitter archive. Context: RT @suno_finance: https://t.co/yEDJ4pG9fB
E01308,X Article lead - 2044318217494052865,Article / social longform,http://x.com/i/article/2044318217494052865,,Raw Leads / To Review,"twitter, url-lead",Twitter/X social signal,Expanded URL in uploaded tweets.js,1,resource_registry_v0_2,raw,list with caveat,Resource Registry,Auto-extracted URL lead from Twitter archive. Context: RT @Snapcrackle: https://t.co/ztrFb4E3Jw
E01309,X Article lead - 2047285496112467968,Article / social longform,http://x.com/i/article/2047285496112467968,,Raw Leads / To Review,"twitter, url-lead",Twitter/X social signal,Expanded URL in uploaded tweets.js,1,resource_registry_v0_2,raw,list with caveat,Resource Registry,Auto-extracted URL lead from Twitter archive. Context: RT @JoinEdgeCity: https://t.co/CuseMOsMZW
E01310,X Article lead - 2054512447411654656,Article / social longform,http://x.com/i/article/2054512447411654656,,Raw Leads / To Review,"twitter, url-lead",Twitter/X social signal,Expanded URL in uploaded tweets.js,1,resource_registry_v0_2,raw,list with caveat,Resource Registry,Auto-extracted URL lead from Twitter archive. Context: RT @ladislaus0x: https://t.co/ZgrmK0xL9U
E01311,X Article lead - 2056505474695208960,Article / social longform,http://x.com/i/article/2056505474695208960,,Raw Leads / To Review,"twitter, url-lead",Twitter/X social signal,Expanded URL in uploaded tweets.js,1,resource_registry_v0_2,raw,list with caveat,Resource Registry,Auto-extracted URL lead from Twitter archive. Context: RT @kennyistyping: https://t.co/pDKb5ki1CT
E01312,X Article lead - 2058853605004988416,Article / social longform,http://x.com/i/article/2058853605004988416,,Raw Leads / To Review,"twitter, url-lead",Twitter/X social signal,Expanded URL in uploaded tweets.js,1,resource_registry_v0_2,raw,list with caveat,Resource Registry,Auto-extracted URL lead from Twitter archive. Context: RT @seer_pm: https://t.co/secWGT7Bo2
E01313,X Article lead - 2060105581072171009,Article / social longform,http://x.com/i/article/2060105581072171009,,Raw Leads / To Review,"twitter, url-lead",Twitter/X social signal,Expanded URL in uploaded tweets.js,1,resource_registry_v0_2,raw,list with caveat,Resource Registry,Auto-extracted URL lead from Twitter archive. Context: RT @kennyistyping: https://t.co/jSrkAaCXxk
E01314,X Article lead - 2060348097738293253,Article / social longform,http://x.com/i/article/2060348097738293253,,Raw Leads / To Review,"twitter, url-lead",Twitter/X social signal,Expanded URL in uploaded tweets.js,1,resource_registry_v0_2,raw,list with caveat,Resource Registry,Auto-extracted URL lead from Twitter archive. Context: RT @higrowfi: https://t.co/y143ynJeeq
E01315,X Article lead - 2060390400083496960,Article / social longform,http://x.com/i/article/2060390400083496960,,Raw Leads / To Review,"twitter, url-lead",Twitter/X social signal,Expanded URL in uploaded tweets.js,1,resource_registry_v0_2,raw,list with caveat,Resource Registry,Auto-extracted URL lead from Twitter archive. Context: RT @trent_vanepps: https://t.co/GajUKQC8li
E01316,X Article lead - 2061141171511107584,Article / social longform,http://x.com/i/article/2061141171511107584,,Raw Leads / To Review,"twitter, url-lead",Twitter/X social signal,Expanded URL in uploaded tweets.js,1,resource_registry_v0_2,raw,list with caveat,Resource Registry,Auto-extracted URL lead from Twitter archive. Context: RT @JoinEdgeCity: https://t.co/kLEwZcstkB
E01317,X Article lead - 2061996825691967488,Article / social longform,http://x.com/i/article/2061996825691967488,,Raw Leads / To Review,"twitter, url-lead",Twitter/X social signal,Expanded URL in uploaded tweets.js,1,resource_registry_v0_2,raw,list with caveat,Resource Registry,Auto-extracted URL lead from Twitter archive. Context: RT @JoinEdgeCity: https://t.co/cBnk1CQ1dL
E01318,X Article lead - 2062126128483934208,Article / social longform,http://x.com/i/article/2062126128483934208,,Raw Leads / To Review,"twitter, url-lead",Twitter/X social signal,Expanded URL in uploaded tweets.js,1,resource_registry_v0_2,raw,list with caveat,Resource Registry,Auto-extracted URL lead from Twitter archive. Context: RT @wmougayar: https://t.co/9hWQ3hd2iE
E01319,X Article lead - 2062883827601854464,Article / social longform,http://x.com/i/article/2062883827601854464,,Raw Leads / To Review,"twitter, url-lead",Twitter/X social signal,Expanded URL in uploaded tweets.js,1,resource_registry_v0_2,raw,list with caveat,Resource Registry,Auto-extracted URL lead from Twitter archive. Context: RT @arkreen_network: https://t.co/mSYowhA9dK
E01334,Raw URL lead - akpress.org,Book / publication,https://www.akpress.org/emergent-strategy.html,,Raw Leads / To Review,"raw-url, preserve-not-lose",Raw URL preservation,Extracted from provided docs/texts,2,resource_registry_v0_2,raw,list with caveat,Resource Registry,Preserved from uploaded documents/text. Context:
E01342,Raw URL lead - book.getfoundry.sh,Book / publication,https://book.getfoundry.sh/,,Raw Leads / To Review,"raw-url, preserve-not-lose",Raw URL preservation,Extracted from provided docs/texts,1,resource_registry_v0_2,raw,list with caveat,Resource Registry,Preserved from uploaded documents/text. Context:
E01380,Raw URL lead - gitbook.com,Book / publication,https://www.gitbook.com/,,Raw Leads / To Review,"raw-url, preserve-not-lose",Raw URL preservation,Extracted from provided docs/texts,1,resource_registry_v0_2,raw,list with caveat,Resource Registry,Preserved from uploaded documents/text. Context:
E01416,Raw URL lead - patternlanguage.com,Book / publication,https://www.patternlanguage.com/bookstore/a-pattern-language,,Raw Leads / To Review,"raw-url, preserve-not-lose",Raw URL preservation,Extracted from provided docs/texts,1,resource_registry_v0_2,raw,list with caveat,Resource Registry,Preserved from uploaded documents/text. Context:
E01417,Raw URL lead - patternlanguage.com,Book / publication,https://www.patternlanguage.com/bookstore/the-timeless-way-of-building,,Raw Leads / To Review,"raw-url, preserve-not-lose",Raw URL preservation,Extracted from provided docs/texts,1,resource_registry_v0_2,raw,list with caveat,Resource Registry,Preserved from uploaded documents/text. Context:
E01426,Raw URL lead - questbook.app,Book / publication,https://questbook.app/,,Raw Leads / To Review,"raw-url, preserve-not-lose",Raw URL preservation,Extracted from provided docs/texts,1,resource_registry_v0_2,raw,list with caveat,Resource Registry,Preserved from uploaded documents/text. Context:
E01493,RIFAI Sicilia Regenerative Residency,Article,https://paragraph.com/@regen-avocado/rifai-sicilia-regenerative-residency,Regen Avocado,"ReFi, Localism & Regenerative Crypto",bioregional,Provided resource seed,Markdown resource table,,resource_registry_v0_2,raw,list with caveat,Resource Registry,
E01494,Sicily Bioregional Portfolio Business Plan,Article,https://paragraph.com/@regen-avocado/sicily-bioregional-portfolio-business-plan,Regen Avocado,"ReFi, Localism & Regenerative Crypto",bioregional,Provided resource seed,Markdown resource table,,resource_registry_v0_2,raw,list with caveat,Resource Registry,
E01496,Biomimicry,Book,https://biomimicry.org/janine-benyus/,Janine Benyus,"Regeneration, Ecology & Design",biomimicry,Provided resource seed,Markdown resource table,,resource_registry_v0_2,raw,list with caveat,Resource Registry,
E01497,Braiding Sweetgrass,Book,https://milkweed.org/book/braiding-sweetgrass,Robin Wall Kimmerer,"Regeneration, Ecology & Design","reciprocity, ecology",Provided resource seed,Markdown resource table,,resource_registry_v0_2,raw,list with caveat,Resource Registry,
E01498,Designing Regenerative Cultures,Book,https://www.triarchypress.net/drc.html,Daniel Christian Wahl,"Regeneration, Ecology & Design",regenerative culture,Provided resource seed,Markdown resource table,,resource_registry_v0_2,raw,list with caveat,Resource Registry,
E01499,Doughnut Economics,Book / framework,https://www.kateraworth.com/doughnut/,Kate Raworth,"Regeneration, Ecology & Design","post-growth, economics",Provided resource seed,Markdown resource table,,resource_registry_v0_2,raw,list with caveat,Resource Registry,
E01501,Permaculture: A Designers’ Manual,Book,https://tagari.com/product/permaculture-a-designers-manual/,Bill Mollison,"Regeneration, Ecology & Design",permaculture,Provided resource seed,Markdown resource table,,resource_registry_v0_2,raw,list with caveat,Resource Registry,
E01503,Regenerative Development and Design,Book,https://regenesisgroup.com/,Pamela Mang & Bill Reed,"Regeneration, Ecology & Design",regenerative design,Provided resource seed,Markdown resource table,,resource_registry_v0_2,raw,list with caveat,Resource Registry,
E01508,Design Justice,Book,https://designjustice.mitpress.mit.edu/,Sasha Costanza-Chock,"Regeneration, Ecology & Design","justice, design",Provided resource seed,Markdown resource table,,resource_registry_v0_2,raw,list with caveat,Resource Registry,
E01509,"Free, Fair and Alive",Book,https://freefairandalive.org/,David Bollier & Silke Helfrich,"Regeneration, Ecology & Design",commoning,Provided resource seed,Markdown resource table,,resource_registry_v0_2,raw,list with caveat,Resource Registry,
E01511,Operating Manual for Spaceship Earth,Book,https://www.lars-mueller-publishers.com/operating-manual-for-spaceship-earth,Buckminster Fuller,"Regeneration, Ecology & Design",planetary systems,Provided resource seed,Markdown resource table,,resource_registry_v0_2,raw,list with caveat,Resource Registry,
E01512,Regenerative Business,Book,https://carolsanford.com/books/the-regenerative-business/,Carol Sanford,"Regeneration, Ecology & Design",regenerative business,Provided resource seed,Markdown resource table,,resource_registry_v0_2,raw,list with caveat,Resource Registry,
E01514,Sand Talk,Book,https://www.harpercollins.com/products/sand-talk-tyson-yunkaporta,Tyson Yunkaporta,"Regeneration, Ecology & Design",indigenous knowledge,Provided resource seed,Markdown resource table,,resource_registry_v0_2,raw,list with caveat,Resource Registry,
E01515,The Hidden Architecture of Human Systems,Article,https://paragraph.com/@holonic-horizons/the-hidden-architecture-of-human-systems-how-complexity-organizes-itself-through-tensegrity,Holonic Horizons,"Regeneration, Ecology & Design","tensegrity, design",Provided resource seed,Markdown resource table,,resource_registry_v0_2,raw,list with caveat,Resource Registry,
E01524,The Responsible Business,Book,https://carolsanford.com/books/the-responsible-business/,Carol Sanford,"Regeneration, Ecology & Design",business design,Provided resource seed,Markdown resource table,,resource_registry_v0_2,raw,list with caveat,Resource Registry,
E01570,URL lead - carboncopy.news,Book / publication,https://carboncopy.news/features/interview-louise-borreani-pat-rawson-ecofrontiers-green-crypto-handbook-part-two/,,"Regeneration, Ecology & Localism","twitter, url-lead",Twitter/X social signal,Expanded URL in uploaded tweets.js,1,resource_registry_v0_2,raw,list with caveat,Resource Registry,"Auto-extracted URL lead from Twitter archive. Context: RT @CC_ReFi_News: As promised, part 2 of @TrinityMorphy's interview with @LBorreani and @papa_raw!

https://t.co/EoeZj2TxlL"
E01595,X Article lead - 1932881598854168576,Article / social longform,http://x.com/i/article/1932881598854168576,,"Regeneration, Ecology & Localism","twitter, url-lead",Twitter/X social signal,Expanded URL in uploaded tweets.js,1,resource_registry_v0_2,raw,list with caveat,Resource Registry,Auto-extracted URL lead from Twitter archive. Context: RT @regen_network: https://t.co/MQc3CbUAA0
E01596,X Article lead - 2018353742354186240,Article / social longform,http://x.com/i/article/2018353742354186240,,"Regeneration, Ecology & Localism","twitter, url-lead",Twitter/X social signal,Expanded URL in uploaded tweets.js,1,resource_registry_v0_2,raw,list with caveat,Resource Registry,Auto-extracted URL lead from Twitter archive. Context: RT @RegenRene: https://t.co/R6ygbDSKOr
E01597,X Article lead - 2033935058961068033,Article / social longform,http://x.com/i/article/2033935058961068033,,"Regeneration, Ecology & Localism","twitter, url-lead",Twitter/X social signal,Expanded URL in uploaded tweets.js,1,resource_registry_v0_2,raw,list with caveat,Resource Registry,Auto-extracted URL lead from Twitter archive. Context: RT @localscale: https://t.co/EKjNSaWfWY
E01598,X Article lead - 2061437516650020864,Article / social longform,http://x.com/i/article/2061437516650020864,,"Regeneration, Ecology & Localism","twitter, url-lead",Twitter/X social signal,Expanded URL in uploaded tweets.js,1,resource_registry_v0_2,raw,list with caveat,Resource Registry,Auto-extracted URL lead from Twitter archive. Context: RT @localscale: https://t.co/eCo1CsZou2
E01616,Leverage Points,Essay,https://donellameadows.org/archives/leverage-points-places-to-intervene-in-a-system/,Donella Meadows,"Systems, Complexity & Sensemaking","leverage, intervention",Provided resource seed,Markdown resource table,,resource_registry_v0_2,raw,list with caveat,Resource Registry,
E01617,The Web of Life,Book,https://www.penguinrandomhouse.com/books/24922/the-web-of-life-by-fritjof-capra/,Fritjof Capra,"Systems, Complexity & Sensemaking",living systems,Provided resource seed,Markdown resource table,,resource_registry_v0_2,raw,list with caveat,Resource Registry,
E01618,Thinking in Systems,Book,https://www.chelseagreen.com/product/thinking-in-systems/,Donella Meadows,"Systems, Complexity & Sensemaking","systems, feedback",Provided resource seed,Markdown resource table,,resource_registry_v0_2,raw,list with caveat,Resource Registry,
E01619,A Pattern Language,Book,https://www.patternlanguage.com/,Christopher Alexander,"Systems, Complexity & Sensemaking","patterns, design",Provided resource seed,Markdown resource table,,resource_registry_v0_2,raw,list with caveat,Resource Registry,
E01620,Antifragile,Book,https://www.penguinrandomhouse.com/books/176227/antifragile-by-nassim-nicholas-taleb/,Nassim Taleb,"Systems, Complexity & Sensemaking",antifragility,Provided resource seed,Markdown resource table,,resource_registry_v0_2,raw,list with caveat,Resource Registry,
E01621,Autopoiesis and Cognition,Book,https://link.springer.com/book/10.1007/978-94-009-8947-4,Maturana & Varela,"Systems, Complexity & Sensemaking","autopoiesis, cognition",Provided resource seed,Markdown resource table,,resource_registry_v0_2,raw,list with caveat,Resource Registry,
E01623,Complexity: A Guided Tour,Book,https://global.oup.com/academic/product/complexity-9780199798100,Melanie Mitchell,"Systems, Complexity & Sensemaking","complexity, emergence",Provided resource seed,Markdown resource table,,resource_registry_v0_2,raw,list with caveat,Resource Registry,
E01625,Mind and Nature,Book,https://www.hamptonpress.com/Merchant2/merchant.mvc?Screen=PROD&Product_Code=9781572734340,Gregory Bateson,"Systems, Complexity & Sensemaking","pattern, epistemology",Provided resource seed,Markdown resource table,,resource_registry_v0_2,raw,list with caveat,Resource Registry,
E01626,Network Science,Book / open textbook,https://networksciencebook.com/,Albert-László Barabási,"Systems, Complexity & Sensemaking","networks, hubs",Provided resource seed,Markdown resource table,,resource_registry_v0_2,raw,list with caveat,Resource Registry,
E01628,Seeing Like a State,Book,https://yalebooks.yale.edu/book/9780300246759/seeing-like-a-state/,James C. Scott,"Systems, Complexity & Sensemaking","legibility, control",Provided resource seed,Markdown resource table,,resource_registry_v0_2,raw,list with caveat,Resource Registry,
E01629,Steps to an Ecology of Mind,Book,https://press.uchicago.edu/ucp/books/book/chicago/S/bo3620295.html,Gregory Bateson,"Systems, Complexity & Sensemaking","recursion, learning",Provided resource seed,Markdown resource table,,resource_registry_v0_2,raw,list with caveat,Resource Registry,
E01631,The Mushroom at the End of the World,Book,https://press.princeton.edu/books/paperback/9780691178325/the-mushroom-at-the-end-of-the-world,Anna Tsing,"Systems, Complexity & Sensemaking","ecology, supply chains",Provided resource seed,Markdown resource table,,resource_registry_v0_2,raw,list with caveat,Resource Registry,
E01632,The Tree of Knowledge,Book,https://www.shambhala.com/the-tree-of-knowledge-1220.html,Maturana & Varela,"Systems, Complexity & Sensemaking","cognition, living systems",Provided resource seed,Markdown resource table,,resource_registry_v0_2,raw,list with caveat,Resource Registry,
E01636,Cosmopolitics,Book,https://www.upress.umn.edu/book-division/books/cosmopolitics-i,Isabelle Stengers,"Systems, Complexity & Sensemaking","plurality, epistemology",Provided resource seed,Markdown resource table,,resource_registry_v0_2,raw,list with caveat,Resource Registry,
E01637,Power/Knowledge,Book,https://www.penguinrandomhouse.com/books/306950/powerknowledge-by-michel-foucault/,Michel Foucault,"Systems, Complexity & Sensemaking","power, knowledge",Provided resource seed,Markdown resource table,,resource_registry_v0_2,raw,list with caveat,Resource Registry,
E01638,Reassembling the Social,Book,https://global.oup.com/academic/product/reassembling-the-social-9780199256051,Bruno Latour,"Systems, Complexity & Sensemaking",actor-network theory,Provided resource seed,Markdown resource table,,resource_registry_v0_2,raw,list with caveat,Resource Registry,
E01639,The Art of Not Being Governed,Book,https://yalebooks.yale.edu/book/9780300169171/the-art-of-not-being-governed/,James C. Scott,"Systems, Complexity & Sensemaking",local autonomy,Provided resource seed,Markdown resource table,,resource_registry_v0_2,raw,list with caveat,Resource Registry,
E01640,The Matter With Things,Book,https://channelmcgilchrist.com/the-matter-with-things/,Iain McGilchrist,"Systems, Complexity & Sensemaking","cognition, context",Provided resource seed,Markdown resource table,,resource_registry_v0_2,raw,list with caveat,Resource Registry,
E01641,The Rise of the Network Society,Book,https://www.wiley.com/en-us/The+Rise+of+the+Network+Society%2C+2nd+Edition-p-9781405196864,Manuel Castells,"Systems, Complexity & Sensemaking",network society,Provided resource seed,Markdown resource table,,resource_registry_v0_2,raw,list with caveat,Resource Registry,
E01647,Ethereum Whitepaper,Whitepaper,https://ethereum.org/en/whitepaper/,Ethereum,"Web3, Ethereum & Mechanism Design",Ethereum,Provided resource seed,Markdown resource table,,resource_registry_v0_2,raw,list with caveat,Resource Registry,
E01650,GreenPilled,Book / ecosystem,https://greenpill.network/,Kevin Owocki,"Web3, Ethereum & Mechanism Design",GreenPill,Provided resource seed,Markdown resource table,,resource_registry_v0_2,raw,list with caveat,Resource Registry,
E01653,Quadratic Funding Paper,Paper,https://papers.ssrn.com/sol3/papers.cfm?abstract_id=3243656,"Buterin, Hitzig, Weyl","Web3, Ethereum & Mechanism Design",QF,Provided resource seed,Markdown resource table,,resource_registry_v0_2,raw,list with caveat,Resource Registry,
E01751,Bioregional Public-Goods Round Playbook,White-space / playbook need,Raw / no canonical link,Podcast synthesis / Greenpill strategy compass,Media Source Systems & Living Artifacts,"QF, RetroPGF, bioregion, playbook, Allo pattern language",White space: practical how-to for running a regen QF/RetroPGF round in a bioregion with retrospectives and capital-stack honesty.,Media source-system synthesis,,resource_registry_v0_2,raw,list with caveat,Resource Registry,Podcast-derived lead; inclusion is not endorsement.
B00287,GreenPilled: How Crypto Can Regenerate the World,Book,https://greenpill.network/#book,Kevin Owocki,,regenerative crypto; public goods,resource_seed; adjacent_expansion,manual adjacent expansion,,resource_seed; adjacent_expansion,raw; needs verification,list with caveat,Encyclopedia; Resource Graph,Greenpill / regenerative crypto foundational source
B00288,The Economics of Ecosystems and Biodiversity (TEEB),Report series,https://teebweb.org/,TEEB,,ecological economics; nature valuation,adjacent_expansion,manual adjacent expansion,,adjacent_expansion,raw; needs verification,list with caveat,Encyclopedia; Resource Graph,Nature valuation / ecological economics adjacent reference
B00289,The Dawn of Everything,Book,,David Graeber and David Wengrow,,anthropology; governance,adjacent_expansion,manual adjacent expansion,,adjacent_expansion,raw; needs verification,list with caveat,Encyclopedia; Resource Graph,Political anthropology / alternatives to state-market narratives
B00290,Team Topologies,Book,https://teamtopologies.com/,Matthew Skelton and Manuel Pais,,org design; DevOps,adjacent_expansion,manual adjacent expansion,,adjacent_expansion,raw; needs verification,list with caveat,Encyclopedia; Resource Graph,Operational team design / deployment layer relevance
B00291,Viable System Model,Framework/book family,,Stafford Beer,,cybernetics; organization design,adjacent_expansion,manual adjacent expansion,,adjacent_expansion,raw; needs verification,list with caveat,Encyclopedia; Resource Graph,Cybernetic organization design / recursion
B00292,Cradle to Cradle,Book,,William McDonough and Michael Braungart,,regenerative design; circular economy,adjacent_expansion,manual adjacent expansion,,adjacent_expansion,raw; needs verification,list with caveat,Encyclopedia; Resource Graph,Regenerative design / materials systems
B00293,Plurality: The Future of Collaborative Technology and Democracy,Book/online project,https://www.plurality.net/,"Glen Weyl, Audrey Tang, community",,plurality; democracy,resource_seed; adjacent_expansion,manual adjacent expansion,,resource_seed; adjacent_expansion,raw; needs verification,list with caveat,Encyclopedia; Resource Graph,Plurality / civic tech source
B00294,Funding the Commons Research,Talks/research archive,https://fundingthecommons.io/,Funding the Commons,,public goods funding,web_verified; adjacent_expansion,manual adjacent expansion,,web_verified; adjacent_expansion,raw; needs verification,list with caveat,Encyclopedia; Resource Graph,Public goods funding research corpus
