person_id,name_or_handle,known_name,x_handle,source_origin,source_detail,known_affiliation,mentioned_in_podcast_synthesis,mentioned_in_twitter,twitter_mention_count,twitter_retweet_count,associated_orgs_projects,associated_topics,associated_tools_protocols,possible_role,bridge_signal,reviewer_candidate,guest_candidate,person_node_caution,public_use_status,review_status,notes
P00001,'@Crypto_Altruism,Crypto Altruists,'@Crypto_Altruism,Twitter/X archive,mentioned/retweeted account,,TRUE,TRUE,53,51,,,,social signal source; possible person/org account lead,,,,TRUE,list with caveat,raw social signal; not endorsement,Raw account signal from archive. Frequency does not imply quality or endorsement.
P00002,'@OctantApp,Octant,'@OctantApp,Twitter/X archive,mentioned/retweeted account,,TRUE,TRUE,38,22,,,,social signal source; possible person/org account lead,,,,TRUE,list with caveat,raw social signal; not endorsement,Raw account signal from archive. Frequency does not imply quality or endorsement.
P00003,'@BlockchainGov,BlockchainGov,'@BlockchainGov,Twitter/X archive,mentioned/retweeted account,,TRUE,TRUE,34,34,,,,social signal source; possible person/org account lead,,,,TRUE,list with caveat,raw social signal; not endorsement,Raw account signal from archive. Frequency does not imply quality or endorsement.
P00004,'@owocki,owockai,'@owocki,Twitter/X archive,mentioned/retweeted account,,TRUE,TRUE,34,23,,,,social signal source; possible person/org account lead,,,,TRUE,list with caveat,raw social signal; not endorsement,Raw account signal from archive. Frequency does not imply quality or endorsement.
P00005,'@mbauwens,Michel Bauwens,'@mbauwens,Twitter/X archive,mentioned/retweeted account,,TRUE,TRUE,34,31,,,,social signal source; possible person/org account lead,,,,TRUE,list with caveat,raw social signal; not endorsement,Raw account signal from archive. Frequency does not imply quality or endorsement.
P00006,'@CC_ReFi_News,CARBON Copy ReFi,'@CC_ReFi_News,Twitter/X archive,mentioned/retweeted account,,TRUE,TRUE,34,26,,,,social signal source; possible person/org account lead,,,,TRUE,list with caveat,raw social signal; not endorsement,Raw account signal from archive. Frequency does not imply quality or endorsement.
P00007,'@PluralityInst,Plurality.Institute,'@PluralityInst,Twitter/X archive,mentioned/retweeted account,,TRUE,TRUE,32,31,,,,social signal source; possible person/org account lead,,,,TRUE,list with caveat,raw social signal; not endorsement,Raw account signal from archive. Frequency does not imply quality or endorsement.
P00008,'@gitcoin,Gitcoin,'@gitcoin,Twitter/X archive,mentioned/retweeted account,,TRUE,TRUE,25,11,,,,social signal source; possible person/org account lead,,,,TRUE,list with caveat,raw social signal; not endorsement,Raw account signal from archive. Frequency does not imply quality or endorsement.
P00009,'@JoinEdgeCity,Edge City,'@JoinEdgeCity,Twitter/X archive,mentioned/retweeted account,,TRUE,TRUE,23,21,,,,social signal source; possible person/org account lead,,,,TRUE,list with caveat,raw social signal; not endorsement,Raw account signal from archive. Frequency does not imply quality or endorsement.
P00010,'@VitalikButerin,vitalik.eth,'@VitalikButerin,Twitter/X archive,mentioned/retweeted account,,TRUE,TRUE,23,18,,,,social signal source; possible person/org account lead,,,,TRUE,list with caveat,raw social signal; not endorsement,Raw account signal from archive. Frequency does not imply quality or endorsement.
P00011,'@omniharmonic,Benjamin Life (re/acc),'@omniharmonic,Twitter/X archive,mentioned/retweeted account,,TRUE,TRUE,23,20,,,,social signal source; possible person/org account lead,,,,TRUE,list with caveat,raw social signal; not endorsement,Raw account signal from archive. Frequency does not imply quality or endorsement.
P00012,'@regen_network,Regen Network,'@regen_network,Twitter/X archive,mentioned/retweeted account,,TRUE,TRUE,23,17,,,,social signal source; possible person/org account lead,,,,TRUE,list with caveat,raw social signal; not endorsement,Raw account signal from archive. Frequency does not imply quality or endorsement.
P00013,'@durgadasjii,durgadas.eth,'@durgadasjii,Twitter/X archive,mentioned/retweeted account,,TRUE,TRUE,22,21,,,,social signal source; possible person/org account lead,,,,TRUE,list with caveat,raw social signal; not endorsement,Raw account signal from archive. Frequency does not imply quality or endorsement.
P00014,'@ethereum,Ethereum,'@ethereum,Twitter/X archive,mentioned/retweeted account,,TRUE,TRUE,22,13,,,,social signal source; possible person/org account lead,,,,TRUE,list with caveat,raw social signal; not endorsement,Raw account signal from archive. Frequency does not imply quality or endorsement.
P00015,'@cognitivepolicy,Joe Brewer,'@cognitivepolicy,Twitter/X archive,mentioned/retweeted account,,TRUE,TRUE,19,19,,,,social signal source; possible person/org account lead,,,,TRUE,list with caveat,raw social signal; not endorsement,Raw account signal from archive. Frequency does not imply quality or endorsement.
P00016,'@wor,Will Ruddick,'@wor,Twitter/X archive,mentioned/retweeted account,,TRUE,TRUE,19,18,,,,social signal source; possible person/org account lead,,,,TRUE,list with caveat,raw social signal; not endorsement,Raw account signal from archive. Frequency does not imply quality or endorsement.
P00017,'@Giveth,Giveth,'@Giveth,Twitter/X archive,mentioned/retweeted account,,TRUE,TRUE,19,16,,,,social signal source; possible person/org account lead,,,,TRUE,list with caveat,raw social signal; not endorsement,Raw account signal from archive. Frequency does not imply quality or endorsement.
P00018,'@greenpilldevs,Greenpill Dev Guild,'@greenpilldevs,Twitter/X archive,mentioned/retweeted account,,TRUE,TRUE,18,12,,,,social signal source; possible person/org account lead,,,,TRUE,list with caveat,raw social signal; not endorsement,Raw account signal from archive. Frequency does not imply quality or endorsement.
P00019,'@EtherealnewsHQ,Ethereal news,'@EtherealnewsHQ,Twitter/X archive,mentioned/retweeted account,,TRUE,TRUE,17,17,,,,social signal source; possible person/org account lead,,,,TRUE,list with caveat,raw social signal; not endorsement,Raw account signal from archive. Frequency does not imply quality or endorsement.
P00020,'@LBorreani,Louise Borreani,'@LBorreani,Twitter/X archive,mentioned/retweeted account,,TRUE,TRUE,16,14,,,,social signal source; possible person/org account lead,,,,TRUE,list with caveat,raw social signal; not endorsement,Raw account signal from archive. Frequency does not imply quality or endorsement.
P00021,'@breadcoop,Bread Cooperative,'@breadcoop,Twitter/X archive,mentioned/retweeted account,,TRUE,TRUE,16,12,,,,social signal source; possible person/org account lead,,,,TRUE,list with caveat,raw social signal; not endorsement,Raw account signal from archive. Frequency does not imply quality or endorsement.
P00022,'@owockibot,bot.owocki.eth 🤖,'@owockibot,Twitter/X archive,mentioned/retweeted account,,TRUE,TRUE,15,15,,,,social signal source; possible person/org account lead,,,,TRUE,list with caveat,raw social signal; not endorsement,Raw account signal from archive. Frequency does not imply quality or endorsement.
P00023,'@EFDevcon,"Devcon 8 | Mumbai, India 🇮🇳",'@EFDevcon,Twitter/X archive,mentioned/retweeted account,,TRUE,,13,0,,,,social signal source; possible person/org account lead,,,,TRUE,list with caveat,raw social signal; not endorsement,Raw account signal from archive. Frequency does not imply quality or endorsement.
P00024,'@tecmns,Token Engineering Commons,'@tecmns,Twitter/X archive,mentioned/retweeted account,,TRUE,TRUE,13,13,,,,social signal source; possible person/org account lead,,,,TRUE,list with caveat,raw social signal; not endorsement,Raw account signal from archive. Frequency does not imply quality or endorsement.
P00025,'@samflan,Sam Flanagan,'@samflan,Twitter/X archive,mentioned/retweeted account,,TRUE,TRUE,12,12,,,,social signal source; possible person/org account lead,,,,TRUE,list with caveat,raw social signal; not endorsement,Raw account signal from archive. Frequency does not imply quality or endorsement.
P00026,'@exeuntdoteth,exeunt,'@exeuntdoteth,Twitter/X archive,mentioned/retweeted account,,TRUE,TRUE,12,10,,,,social signal source; possible person/org account lead,,,,TRUE,list with caveat,raw social signal; not endorsement,Raw account signal from archive. Frequency does not imply quality or endorsement.
P00027,'@devanshmehta,Devansh Mehta,'@devanshmehta,Twitter/X archive,mentioned/retweeted account,,TRUE,TRUE,12,10,,,,social signal source; possible person/org account lead,,,,TRUE,list with caveat,raw social signal; not endorsement,Raw account signal from archive. Frequency does not imply quality or endorsement.
P00028,'@DisruptionJoe,Disruption Joe,'@DisruptionJoe,Twitter/X archive,mentioned/retweeted account,,TRUE,TRUE,11,11,,,,social signal source; possible person/org account lead,,,,TRUE,list with caveat,raw social signal; not endorsement,Raw account signal from archive. Frequency does not imply quality or endorsement.
P00029,'@ethereumboulder,EthBoulder,'@ethereumboulder,Twitter/X archive,mentioned/retweeted account,,TRUE,TRUE,11,5,,,,social signal source; possible person/org account lead,,,,TRUE,list with caveat,raw social signal; not endorsement,Raw account signal from archive. Frequency does not imply quality or endorsement.
P00030,'@FundingCommons,Funding the Commons,'@FundingCommons,Twitter/X archive,mentioned/retweeted account,,TRUE,TRUE,10,6,,,,social signal source; possible person/org account lead,,,,TRUE,list with caveat,raw social signal; not endorsement,Raw account signal from archive. Frequency does not imply quality or endorsement.
P00031,'@regenavocado,regenavocado,'@regenavocado,Twitter/X archive,mentioned/retweeted account,,TRUE,TRUE,10,10,,,,social signal source; possible person/org account lead,,,,TRUE,list with caveat,raw social signal; not endorsement,Raw account signal from archive. Frequency does not imply quality or endorsement.
P00032,'@papa_raw,pat ✨,'@papa_raw,Twitter/X archive,mentioned/retweeted account,,TRUE,TRUE,10,8,,,,social signal source; possible person/org account lead,,,,TRUE,list with caveat,raw social signal; not endorsement,Raw account signal from archive. Frequency does not imply quality or endorsement.
P00033,'@RohitMalekar,rohitmalekar.eth,'@RohitMalekar,Twitter/X archive,mentioned/retweeted account,,TRUE,TRUE,10,9,,,,social signal source; possible person/org account lead,,,,TRUE,list with caveat,raw social signal; not endorsement,Raw account signal from archive. Frequency does not imply quality or endorsement.
P00034,'@ethereumfndn,Ethereum Foundation,'@ethereumfndn,Twitter/X archive,mentioned/retweeted account,,TRUE,TRUE,10,2,,,,social signal source; possible person/org account lead,,,,TRUE,list with caveat,raw social signal; not endorsement,Raw account signal from archive. Frequency does not imply quality or endorsement.
P00035,'@web3privacy,Web3Privacy Now,'@web3privacy,Twitter/X archive,mentioned/retweeted account,,TRUE,TRUE,9,9,,,,social signal source; possible person/org account lead,,,,TRUE,list with caveat,raw social signal; not endorsement,Raw account signal from archive. Frequency does not imply quality or endorsement.
P00036,'@MCSocialVenture,Mercy Corps Ventures,'@MCSocialVenture,Twitter/X archive,mentioned/retweeted account,,TRUE,TRUE,9,6,,,,social signal source; possible person/org account lead,,,,TRUE,list with caveat,raw social signal; not endorsement,Raw account signal from archive. Frequency does not imply quality or endorsement.
P00037,'@networknations_,Network Nations Alliance,'@networknations_,Twitter/X archive,mentioned/retweeted account,,TRUE,TRUE,9,9,,,,social signal source; possible person/org account lead,,,,TRUE,list with caveat,raw social signal; not endorsement,Raw account signal from archive. Frequency does not imply quality or endorsement.
P00038,'@UnlockProtocol,Ʉnlock Protocol,'@UnlockProtocol,Twitter/X archive,mentioned/retweeted account,,TRUE,TRUE,9,8,,,,social signal source; possible person/org account lead,,,,TRUE,list with caveat,raw social signal; not endorsement,Raw account signal from archive. Frequency does not imply quality or endorsement.
P00039,'@karmahq_,Karma,'@karmahq_,Twitter/X archive,mentioned/retweeted account,,TRUE,TRUE,9,7,,,,social signal source; possible person/org account lead,,,,TRUE,list with caveat,raw social signal; not endorsement,Raw account signal from archive. Frequency does not imply quality or endorsement.
P00040,'@greenpillnet,greenpill.network,'@greenpillnet,Twitter/X archive,mentioned/retweeted account,,TRUE,TRUE,9,4,,,,social signal source; possible person/org account lead,,,,TRUE,list with caveat,raw social signal; not endorsement,Raw account signal from archive. Frequency does not imply quality or endorsement.
P00041,'@TheDevanshMehta,,'@TheDevanshMehta,Twitter/X archive,mentioned/retweeted account,,TRUE,TRUE,9,9,,,,social signal source; possible person/org account lead,,,,TRUE,list with caveat,raw social signal; not endorsement,Raw account signal from archive. Frequency does not imply quality or endorsement.
P00042,'@arkreen_network,arkreen,'@arkreen_network,Twitter/X archive,mentioned/retweeted account,,TRUE,TRUE,8,4,,,,social signal source; possible person/org account lead,,,,TRUE,list with caveat,raw social signal; not endorsement,Raw account signal from archive. Frequency does not imply quality or endorsement.
P00043,'@ipecity,Ipê City,'@ipecity,Twitter/X archive,mentioned/retweeted account,,TRUE,TRUE,8,7,,,,social signal source; possible person/org account lead,,,,TRUE,list with caveat,raw social signal; not endorsement,Raw account signal from archive. Frequency does not imply quality or endorsement.
P00044,'@TerezaBizkova,Tereza Bízková,'@TerezaBizkova,Twitter/X archive,mentioned/retweeted account,,TRUE,TRUE,8,6,,,,social signal source; possible person/org account lead,,,,TRUE,list with caveat,raw social signal; not endorsement,Raw account signal from archive. Frequency does not imply quality or endorsement.
P00045,'@ntnsndr,Nathan Schneider,'@ntnsndr,Twitter/X archive,mentioned/retweeted account,,TRUE,TRUE,8,4,,,,social signal source; possible person/org account lead,,,,TRUE,list with caveat,raw social signal; not endorsement,Raw account signal from archive. Frequency does not imply quality or endorsement.
P00046,'@TrinityMorphy,Trinity Morphy,'@TrinityMorphy,Twitter/X archive,mentioned/retweeted account,,TRUE,TRUE,8,3,,,,social signal source; possible person/org account lead,,,,TRUE,list with caveat,raw social signal; not endorsement,Raw account signal from archive. Frequency does not imply quality or endorsement.
P00047,'@wmougayar,William Mougayar,'@wmougayar,Twitter/X archive,mentioned/retweeted account,,TRUE,TRUE,7,5,,,,social signal source; possible person/org account lead,,,,TRUE,list with caveat,raw social signal; not endorsement,Raw account signal from archive. Frequency does not imply quality or endorsement.
P00048,'@trent_vanepps,trent.eth,'@trent_vanepps,Twitter/X archive,mentioned/retweeted account,,TRUE,TRUE,7,7,,,,social signal source; possible person/org account lead,,,,TRUE,list with caveat,raw social signal; not endorsement,Raw account signal from archive. Frequency does not imply quality or endorsement.
P00049,'@TheDRC_,Decentralization Research Center,'@TheDRC_,Twitter/X archive,mentioned/retweeted account,,TRUE,TRUE,7,7,,,,social signal source; possible person/org account lead,,,,TRUE,list with caveat,raw social signal; not endorsement,Raw account signal from archive. Frequency does not imply quality or endorsement.
P00050,'@gen_ukraine,GEN Ukraine Ecovillage #Octant #GG23,'@gen_ukraine,Twitter/X archive,mentioned/retweeted account,,TRUE,TRUE,7,7,,,,social signal source; possible person/org account lead,,,,TRUE,list with caveat,raw social signal; not endorsement,Raw account signal from archive. Frequency does not imply quality or endorsement.
P00051,'@cryptoeconlab,CryptoEconLab,'@cryptoeconlab,Twitter/X archive,mentioned/retweeted account,,TRUE,TRUE,7,7,,,,social signal source; possible person/org account lead,,,,TRUE,list with caveat,raw social signal; not endorsement,Raw account signal from archive. Frequency does not imply quality or endorsement.
P00052,'@OSObserver,oso.xyz,'@OSObserver,Twitter/X archive,mentioned/retweeted account,,TRUE,TRUE,7,6,,,,social signal source; possible person/org account lead,,,,TRUE,list with caveat,raw social signal; not endorsement,Raw account signal from archive. Frequency does not imply quality or endorsement.
P00053,'@HumnPassport,Human Passport,'@HumnPassport,Twitter/X archive,mentioned/retweeted account,,TRUE,TRUE,7,7,,,,social signal source; possible person/org account lead,,,,TRUE,list with caveat,raw social signal; not endorsement,Raw account signal from archive. Frequency does not imply quality or endorsement.
P00054,'@AzosFinance,Azos Finance,'@AzosFinance,Twitter/X archive,mentioned/retweeted account,,TRUE,TRUE,7,7,,,,social signal source; possible person/org account lead,,,,TRUE,list with caveat,raw social signal; not endorsement,Raw account signal from archive. Frequency does not imply quality or endorsement.
P00055,'@GaiaAIxyz,Gaia AI,'@GaiaAIxyz,Twitter/X archive,mentioned/retweeted account,,TRUE,TRUE,7,5,,,,social signal source; possible person/org account lead,,,,TRUE,list with caveat,raw social signal; not endorsement,Raw account signal from archive. Frequency does not imply quality or endorsement.
P00056,'@RegenCoordinate,Regen Coordination,'@RegenCoordinate,Twitter/X archive,mentioned/retweeted account,,TRUE,TRUE,7,1,,,,social signal source; possible person/org account lead,,,,TRUE,list with caveat,raw social signal; not endorsement,Raw account signal from archive. Frequency does not imply quality or endorsement.
P00057,'@kelsiemvn,Kelsie Nabben,'@kelsiemvn,Twitter/X archive,mentioned/retweeted account,,TRUE,TRUE,7,4,,,,social signal source; possible person/org account lead,,,,TRUE,list with caveat,raw social signal; not endorsement,Raw account signal from archive. Frequency does not imply quality or endorsement.
P00058,'@Abundance_DAO,Mike | Abundance,'@Abundance_DAO,Twitter/X archive,mentioned/retweeted account,,TRUE,TRUE,7,7,,,,social signal source; possible person/org account lead,,,,TRUE,list with caveat,raw social signal; not endorsement,Raw account signal from archive. Frequency does not imply quality or endorsement.
P00059,'@tmoindustries,tmo | nature coiner,'@tmoindustries,Twitter/X archive,mentioned/retweeted account,,TRUE,TRUE,6,6,,,,social signal source; possible person/org account lead,,,,TRUE,list with caveat,raw social signal; not endorsement,Raw account signal from archive. Frequency does not imply quality or endorsement.
P00060,'@Paul_Glavin,paul 🪧,'@Paul_Glavin,Twitter/X archive,mentioned/retweeted account,,TRUE,TRUE,6,6,,,,social signal source; possible person/org account lead,,,,TRUE,list with caveat,raw social signal; not endorsement,Raw account signal from archive. Frequency does not imply quality or endorsement.
P00061,'@rileybeans_,rileybeans 💖,'@rileybeans_,Twitter/X archive,mentioned/retweeted account,,TRUE,TRUE,6,6,,,,social signal source; possible person/org account lead,,,,TRUE,list with caveat,raw social signal; not endorsement,Raw account signal from archive. Frequency does not imply quality or endorsement.
P00062,'@MontyMerlin,Monty Merlin Bryant 🧙✨,'@MontyMerlin,Twitter/X archive,mentioned/retweeted account,,TRUE,TRUE,6,6,,,,social signal source; possible person/org account lead,,,,TRUE,list with caveat,raw social signal; not endorsement,Raw account signal from archive. Frequency does not imply quality or endorsement.
P00063,'@drakefjustin,Justin Drake,'@drakefjustin,Twitter/X archive,mentioned/retweeted account,,TRUE,TRUE,6,2,,,,social signal source; possible person/org account lead,,,,TRUE,list with caveat,raw social signal; not endorsement,Raw account signal from archive. Frequency does not imply quality or endorsement.
P00064,'@AntiKrisis_xyz,AK69.fun,'@AntiKrisis_xyz,Twitter/X archive,mentioned/retweeted account,,TRUE,TRUE,6,4,,,,social signal source; possible person/org account lead,,,,TRUE,list with caveat,raw social signal; not endorsement,Raw account signal from archive. Frequency does not imply quality or endorsement.
P00065,'@Obol_Collective,Obol,'@Obol_Collective,Twitter/X archive,mentioned/retweeted account,,TRUE,TRUE,6,6,,,,social signal source; possible person/org account lead,,,,TRUE,list with caveat,raw social signal; not endorsement,Raw account signal from archive. Frequency does not imply quality or endorsement.
P00066,'@ECHInstitute,ECH Institute Inc.,'@ECHInstitute,Twitter/X archive,mentioned/retweeted account,,TRUE,TRUE,6,6,,,,social signal source; possible person/org account lead,,,,TRUE,list with caveat,raw social signal; not endorsement,Raw account signal from archive. Frequency does not imply quality or endorsement.
P00067,'@DAOscope,DAOscope,'@DAOscope,Twitter/X archive,mentioned/retweeted account,,TRUE,TRUE,6,6,,,,social signal source; possible person/org account lead,,,,TRUE,list with caveat,raw social signal; not endorsement,Raw account signal from archive. Frequency does not imply quality or endorsement.
P00068,'@ChonesWeaving,Chones Ecosystem Weaving,'@ChonesWeaving,Twitter/X archive,mentioned/retweeted account,,TRUE,TRUE,6,6,,,,social signal source; possible person/org account lead,,,,TRUE,list with caveat,raw social signal; not endorsement,Raw account signal from archive. Frequency does not imply quality or endorsement.
P00069,'@Celo,Celo,'@Celo,Twitter/X archive,mentioned/retweeted account,,TRUE,TRUE,6,4,,,,social signal source; possible person/org account lead,,,,TRUE,list with caveat,raw social signal; not endorsement,Raw account signal from archive. Frequency does not imply quality or endorsement.
P00070,'@gregory_landua,"Gregory Landua (🌳,🌳,🌳)",'@gregory_landua,Twitter/X archive,mentioned/retweeted account,,TRUE,TRUE,6,6,,,,social signal source; possible person/org account lead,,,,TRUE,list with caveat,raw social signal; not endorsement,Raw account signal from archive. Frequency does not imply quality or endorsement.
P00071,'@OurBloomNetwork,Bloom Network,'@OurBloomNetwork,Twitter/X archive,mentioned/retweeted account,,TRUE,TRUE,6,6,,,,social signal source; possible person/org account lead,,,,TRUE,list with caveat,raw social signal; not endorsement,Raw account signal from archive. Frequency does not imply quality or endorsement.
P00072,'@Atlantis_p2p,Atlantis 🔱,'@Atlantis_p2p,Twitter/X archive,mentioned/retweeted account,,TRUE,TRUE,6,4,,,,social signal source; possible person/org account lead,,,,TRUE,list with caveat,raw social signal; not endorsement,Raw account signal from archive. Frequency does not imply quality or endorsement.
P00073,'@GainForestNow,GainForest.Earth,'@GainForestNow,Twitter/X archive,mentioned/retweeted account,,TRUE,TRUE,6,3,,,,social signal source; possible person/org account lead,,,,TRUE,list with caveat,raw social signal; not endorsement,Raw account signal from archive. Frequency does not imply quality or endorsement.
P00074,'@localscale,LocalScale,'@localscale,Twitter/X archive,mentioned/retweeted account,,TRUE,TRUE,5,5,,,,social signal source; possible person/org account lead,,,,TRUE,list with caveat,raw social signal; not endorsement,Raw account signal from archive. Frequency does not imply quality or endorsement.
P00075,'@synthesis_md,synthesis,'@synthesis_md,Twitter/X archive,mentioned/retweeted account,,TRUE,TRUE,5,3,,,,social signal source; possible person/org account lead,,,,TRUE,list with caveat,raw social signal; not endorsement,Raw account signal from archive. Frequency does not imply quality or endorsement.
P00076,'@thedaofund,thedao.fund,'@thedaofund,Twitter/X archive,mentioned/retweeted account,,TRUE,TRUE,5,4,,,,social signal source; possible person/org account lead,,,,TRUE,list with caveat,raw social signal; not endorsement,Raw account signal from archive. Frequency does not imply quality or endorsement.
P00077,'@bbeats1,Eugene Leventhal,'@bbeats1,Twitter/X archive,mentioned/retweeted account,,TRUE,TRUE,5,4,,,,social signal source; possible person/org account lead,,,,TRUE,list with caveat,raw social signal; not endorsement,Raw account signal from archive. Frequency does not imply quality or endorsement.
P00078,'@gardens_fund,gardens 🌱,'@gardens_fund,Twitter/X archive,mentioned/retweeted account,,TRUE,TRUE,5,2,,,,social signal source; possible person/org account lead,,,,TRUE,list with caveat,raw social signal; not endorsement,Raw account signal from archive. Frequency does not imply quality or endorsement.
P00079,'@metagov_project,Metagov,'@metagov_project,Twitter/X archive,mentioned/retweeted account,,TRUE,TRUE,5,2,,,,social signal source; possible person/org account lead,,,,TRUE,list with caveat,raw social signal; not endorsement,Raw account signal from archive. Frequency does not imply quality or endorsement.
P00080,'@EFetheverywhere,Ethereum Everywhere,'@EFetheverywhere,Twitter/X archive,mentioned/retweeted account,,TRUE,TRUE,5,5,,,,social signal source; possible person/org account lead,,,,TRUE,list with caveat,raw social signal; not endorsement,Raw account signal from archive. Frequency does not imply quality or endorsement.
P00081,'@flowstatecoop,Flow State 🦫,'@flowstatecoop,Twitter/X archive,mentioned/retweeted account,,TRUE,TRUE,5,5,,,,social signal source; possible person/org account lead,,,,TRUE,list with caveat,raw social signal; not endorsement,Raw account signal from archive. Frequency does not imply quality or endorsement.
P00082,'@CommonsHubAT,Commons Hub,'@CommonsHubAT,Twitter/X archive,mentioned/retweeted account,,TRUE,TRUE,5,5,,,,social signal source; possible person/org account lead,,,,TRUE,list with caveat,raw social signal; not endorsement,Raw account signal from archive. Frequency does not imply quality or endorsement.
P00083,'@Dionysus_Klima,Dionysus,'@Dionysus_Klima,Twitter/X archive,mentioned/retweeted account,,TRUE,TRUE,5,5,,,,social signal source; possible person/org account lead,,,,TRUE,list with caveat,raw social signal; not endorsement,Raw account signal from archive. Frequency does not imply quality or endorsement.
P00084,'@RifaiSicilia,RifaiSicilia.ETH 🌍,'@RifaiSicilia,Twitter/X archive,mentioned/retweeted account,,TRUE,TRUE,5,2,,,,social signal source; possible person/org account lead,,,,TRUE,list with caveat,raw social signal; not endorsement,Raw account signal from archive. Frequency does not imply quality or endorsement.
P00085,'@nixorokish,nixo.eth 🦇🔊🥐,'@nixorokish,Twitter/X archive,mentioned/retweeted account,,TRUE,TRUE,5,5,,,,social signal source; possible person/org account lead,,,,TRUE,list with caveat,raw social signal; not endorsement,Raw account signal from archive. Frequency does not imply quality or endorsement.
P00086,'@paths2regen,Pathways to Regeneration,'@paths2regen,Twitter/X archive,mentioned/retweeted account,,TRUE,TRUE,5,5,,,,social signal source; possible person/org account lead,,,,TRUE,list with caveat,raw social signal; not endorsement,Raw account signal from archive. Frequency does not imply quality or endorsement.
P00087,'@ShutterNetwork,Shutter 🛡️⚔️,'@ShutterNetwork,Twitter/X archive,mentioned/retweeted account,,TRUE,TRUE,4,3,,,,social signal source; possible person/org account lead,,,,TRUE,list with caveat,raw social signal; not endorsement,Raw account signal from archive. Frequency does not imply quality or endorsement.
P00088,'@base,Base,'@base,Twitter/X archive,mentioned/retweeted account,,TRUE,,4,0,,,,social signal source; possible person/org account lead,,,,TRUE,list with caveat,raw social signal; not endorsement,Raw account signal from archive. Frequency does not imply quality or endorsement.
P00089,'@ladislaus0x,ladislaus.eth,'@ladislaus0x,Twitter/X archive,mentioned/retweeted account,,TRUE,TRUE,4,4,,,,social signal source; possible person/org account lead,,,,TRUE,list with caveat,raw social signal; not endorsement,Raw account signal from archive. Frequency does not imply quality or endorsement.
P00090,'@zaldarren,Darren,'@zaldarren,Twitter/X archive,mentioned/retweeted account,,TRUE,TRUE,4,3,,,,social signal source; possible person/org account lead,,,,TRUE,list with caveat,raw social signal; not endorsement,Raw account signal from archive. Frequency does not imply quality or endorsement.
P00091,'@NetxState,,'@NetxState,Twitter/X archive,mentioned/retweeted account,,TRUE,TRUE,4,4,,,,social signal source; possible person/org account lead,,,,TRUE,list with caveat,raw social signal; not endorsement,Raw account signal from archive. Frequency does not imply quality or endorsement.
P00092,'@theopenmachine,Open Machine,'@theopenmachine,Twitter/X archive,mentioned/retweeted account,,TRUE,TRUE,4,3,,,,social signal source; possible person/org account lead,,,,TRUE,list with caveat,raw social signal; not endorsement,Raw account signal from archive. Frequency does not imply quality or endorsement.
P00093,'@christine_dkim,Christine D. Kim,'@christine_dkim,Twitter/X archive,mentioned/retweeted account,,TRUE,TRUE,4,4,,,,social signal source; possible person/org account lead,,,,TRUE,list with caveat,raw social signal; not endorsement,Raw account signal from archive. Frequency does not imply quality or endorsement.
P00094,'@aave,Aave,'@aave,Twitter/X archive,mentioned/retweeted account,,TRUE,,4,0,,,,social signal source; possible person/org account lead,,,,TRUE,list with caveat,raw social signal; not endorsement,Raw account signal from archive. Frequency does not imply quality or endorsement.
P00095,'@SilviProtocol,Silvi🤳🌳,'@SilviProtocol,Twitter/X archive,mentioned/retweeted account,,TRUE,TRUE,4,3,,,,social signal source; possible person/org account lead,,,,TRUE,list with caveat,raw social signal; not endorsement,Raw account signal from archive. Frequency does not imply quality or endorsement.
P00096,'@Snapcrackle,James | Snapcrackle,'@Snapcrackle,Twitter/X archive,mentioned/retweeted account,,TRUE,TRUE,4,4,,,,social signal source; possible person/org account lead,,,,TRUE,list with caveat,raw social signal; not endorsement,Raw account signal from archive. Frequency does not imply quality or endorsement.
P00097,'@KlimaDAO,Klima Protocol,'@KlimaDAO,Twitter/X archive,mentioned/retweeted account,,TRUE,TRUE,4,1,,,,social signal source; possible person/org account lead,,,,TRUE,list with caveat,raw social signal; not endorsement,Raw account signal from archive. Frequency does not imply quality or endorsement.
P00098,'@RodovidMe,Maksym Zalevskyi GEN Ukraine #Octant,'@RodovidMe,Twitter/X archive,mentioned/retweeted account,,TRUE,TRUE,4,4,,,,social signal source; possible person/org account lead,,,,TRUE,list with caveat,raw social signal; not endorsement,Raw account signal from archive. Frequency does not imply quality or endorsement.
P00099,'@Solar_FND,The Solar Foundation,'@Solar_FND,Twitter/X archive,mentioned/retweeted account,,TRUE,TRUE,4,3,,,,social signal source; possible person/org account lead,,,,TRUE,list with caveat,raw social signal; not endorsement,Raw account signal from archive. Frequency does not imply quality or endorsement.
P00100,'@humntech,human.tech,'@humntech,Twitter/X archive,mentioned/retweeted account,,TRUE,TRUE,4,4,,,,social signal source; possible person/org account lead,,,,TRUE,list with caveat,raw social signal; not endorsement,Raw account signal from archive. Frequency does not imply quality or endorsement.
P00101,'@ColeenChase,Coleen Chase:@coleenc.bsky.social,'@ColeenChase,Twitter/X archive,mentioned/retweeted account,,TRUE,TRUE,4,4,,,,social signal source; possible person/org account lead,,,,TRUE,list with caveat,raw social signal; not endorsement,Raw account signal from archive. Frequency does not imply quality or endorsement.
P00102,'@agroforestDAO,AgroforestDAO,'@agroforestDAO,Twitter/X archive,mentioned/retweeted account,,TRUE,TRUE,4,3,,,,social signal source; possible person/org account lead,,,,TRUE,list with caveat,raw social signal; not endorsement,Raw account signal from archive. Frequency does not imply quality or endorsement.
P00103,'@suno_finance,Suno,'@suno_finance,Twitter/X archive,mentioned/retweeted account,,TRUE,TRUE,4,3,,,,social signal source; possible person/org account lead,,,,TRUE,list with caveat,raw social signal; not endorsement,Raw account signal from archive. Frequency does not imply quality or endorsement.
P00104,'@RJPinnell,René 🌱 Invest in Creativity,'@RJPinnell,Twitter/X archive,mentioned/retweeted account,,TRUE,TRUE,4,4,,,,social signal source; possible person/org account lead,,,,TRUE,list with caveat,raw social signal; not endorsement,Raw account signal from archive. Frequency does not imply quality or endorsement.
P00105,'@KMLLCW3,KFMEDIA℠.tgn edu/acc | SPO | ✨Minting Now ✨,'@KMLLCW3,Twitter/X archive,mentioned/retweeted account,,TRUE,TRUE,4,3,,,,social signal source; possible person/org account lead,,,,TRUE,list with caveat,raw social signal; not endorsement,Raw account signal from archive. Frequency does not imply quality or endorsement.
P00106,'@tokengineering,Token Engineering Academy,'@tokengineering,Twitter/X archive,mentioned/retweeted account,,TRUE,TRUE,4,2,,,,social signal source; possible person/org account lead,,,,TRUE,list with caveat,raw social signal; not endorsement,Raw account signal from archive. Frequency does not imply quality or endorsement.
P00107,'@hypercerts,Hypercerts Foundation,'@hypercerts,Twitter/X archive,mentioned/retweeted account,,TRUE,TRUE,4,2,,,,social signal source; possible person/org account lead,,,,TRUE,list with caveat,raw social signal; not endorsement,Raw account signal from archive. Frequency does not imply quality or endorsement.
P00108,'@TBSocialist,Josh | ⬛🟥⬛,'@TBSocialist,Twitter/X archive,mentioned/retweeted account,,TRUE,TRUE,4,3,,,,social signal source; possible person/org account lead,,,,TRUE,list with caveat,raw social signal; not endorsement,Raw account signal from archive. Frequency does not imply quality or endorsement.
P00109,'@Optimism,Optimism,'@Optimism,Twitter/X archive,mentioned/retweeted account,,TRUE,,4,0,,,,social signal source; possible person/org account lead,,,,TRUE,list with caveat,raw social signal; not endorsement,Raw account signal from archive. Frequency does not imply quality or endorsement.
P00110,'@RaymondCheng00,,'@RaymondCheng00,Twitter/X archive,mentioned/retweeted account,,TRUE,TRUE,4,4,,,,social signal source; possible person/org account lead,,,,TRUE,list with caveat,raw social signal; not endorsement,Raw account signal from archive. Frequency does not imply quality or endorsement.
P00111,'@ecofrontiers,Ecofrontiers,'@ecofrontiers,Twitter/X archive,mentioned/retweeted account,,TRUE,TRUE,4,1,,,,social signal source; possible person/org account lead,,,,TRUE,list with caveat,raw social signal; not endorsement,Raw account signal from archive. Frequency does not imply quality or endorsement.
P00112,'@binji_x,binji,'@binji_x,Twitter/X archive,mentioned/retweeted account,,TRUE,TRUE,4,4,,,,social signal source; possible person/org account lead,,,,TRUE,list with caveat,raw social signal; not endorsement,Raw account signal from archive. Frequency does not imply quality or endorsement.
P00113,'@ArtizenFund,,'@ArtizenFund,Twitter/X archive,mentioned/retweeted account,,TRUE,TRUE,4,4,,,,social signal source; possible person/org account lead,,,,TRUE,list with caveat,raw social signal; not endorsement,Raw account signal from archive. Frequency does not imply quality or endorsement.
P00114,'@tdfinyourdreams,traditionaldreamfactory 🌱 $TDF 🐑,'@tdfinyourdreams,Twitter/X archive,mentioned/retweeted account,,TRUE,TRUE,4,4,,,,social signal source; possible person/org account lead,,,,TRUE,list with caveat,raw social signal; not endorsement,Raw account signal from archive. Frequency does not imply quality or endorsement.
P00115,'@RnDAO__,RnD Ventures (Prev RnDAO),'@RnDAO__,Twitter/X archive,mentioned/retweeted account,,TRUE,TRUE,4,2,,,,social signal source; possible person/org account lead,,,,TRUE,list with caveat,raw social signal; not endorsement,Raw account signal from archive. Frequency does not imply quality or endorsement.
P00116,'@DCF_io,DCF,'@DCF_io,Twitter/X archive,mentioned/retweeted account,,TRUE,TRUE,4,2,,,,social signal source; possible person/org account lead,,,,TRUE,list with caveat,raw social signal; not endorsement,Raw account signal from archive. Frequency does not imply quality or endorsement.
P00117,'@kennyistyping,kenny,'@kennyistyping,Twitter/X archive,mentioned/retweeted account,,TRUE,TRUE,3,3,,,,social signal source; possible person/org account lead,,,,TRUE,list with caveat,raw social signal; not endorsement,Raw account signal from archive. Frequency does not imply quality or endorsement.
P00118,'@tcoratger,Thomas Coratger,'@tcoratger,Twitter/X archive,mentioned/retweeted account,,TRUE,TRUE,3,3,,,,social signal source; possible person/org account lead,,,,TRUE,list with caveat,raw social signal; not endorsement,Raw account signal from archive. Frequency does not imply quality or endorsement.
P00119,'@seer_pm,Seer,'@seer_pm,Twitter/X archive,mentioned/retweeted account,,TRUE,TRUE,3,2,,,,social signal source; possible person/org account lead,,,,TRUE,list with caveat,raw social signal; not endorsement,Raw account signal from archive. Frequency does not imply quality or endorsement.
P00120,'@ethdaily,ethdaily.eth,'@ethdaily,Twitter/X archive,mentioned/retweeted account,,TRUE,TRUE,3,3,,,,social signal source; possible person/org account lead,,,,TRUE,list with caveat,raw social signal; not endorsement,Raw account signal from archive. Frequency does not imply quality or endorsement.
P00121,'@GreenSofa_TW,GreenSofa_TW,'@GreenSofa_TW,Twitter/X archive,mentioned/retweeted account,,TRUE,TRUE,3,2,,,,social signal source; possible person/org account lead,,,,TRUE,list with caveat,raw social signal; not endorsement,Raw account signal from archive. Frequency does not imply quality or endorsement.
P00122,'@HeenalR,Heenal Rajani (he/him) 🍉✊ heenal.eth,'@HeenalR,Twitter/X archive,mentioned/retweeted account,,TRUE,TRUE,3,2,,,,social signal source; possible person/org account lead,,,,TRUE,list with caveat,raw social signal; not endorsement,Raw account signal from archive. Frequency does not imply quality or endorsement.
P00123,'@ethdotorg,ethereum.org Community,'@ethdotorg,Twitter/X archive,mentioned/retweeted account,,TRUE,TRUE,3,2,,,,social signal source; possible person/org account lead,,,,TRUE,list with caveat,raw social signal; not endorsement,Raw account signal from archive. Frequency does not imply quality or endorsement.
P00124,'@spengrah,spengrah.eth,'@spengrah,Twitter/X archive,mentioned/retweeted account,,TRUE,TRUE,3,3,,,,social signal source; possible person/org account lead,,,,TRUE,list with caveat,raw social signal; not endorsement,Raw account signal from archive. Frequency does not imply quality or endorsement.
P00125,'@akrtws,AK,'@akrtws,Twitter/X archive,mentioned/retweeted account,,TRUE,TRUE,3,3,,,,social signal source; possible person/org account lead,,,,TRUE,list with caveat,raw social signal; not endorsement,Raw account signal from archive. Frequency does not imply quality or endorsement.
P00126,'@carbonmarkcom,Carbonmark,'@carbonmarkcom,Twitter/X archive,mentioned/retweeted account,,TRUE,TRUE,3,2,,,,social signal source; possible person/org account lead,,,,TRUE,list with caveat,raw social signal; not endorsement,Raw account signal from archive. Frequency does not imply quality or endorsement.
P00127,'@RefiColombia,ReFi Colombia,'@RefiColombia,Twitter/X archive,mentioned/retweeted account,,TRUE,TRUE,3,2,,,,social signal source; possible person/org account lead,,,,TRUE,list with caveat,raw social signal; not endorsement,Raw account signal from archive. Frequency does not imply quality or endorsement.
P00128,'@localismfund,Localism Fund,'@localismfund,Twitter/X archive,mentioned/retweeted account,,TRUE,TRUE,3,1,,,,social signal source; possible person/org account lead,,,,TRUE,list with caveat,raw social signal; not endorsement,Raw account signal from archive. Frequency does not imply quality or endorsement.
P00129,'@Etherealize_io,Etherealize,'@Etherealize_io,Twitter/X archive,mentioned/retweeted account,,TRUE,TRUE,3,3,,,,social signal source; possible person/org account lead,,,,TRUE,list with caveat,raw social signal; not endorsement,Raw account signal from archive. Frequency does not imply quality or endorsement.
P00130,'@Molecule_sci,Molecule,'@Molecule_sci,Twitter/X archive,mentioned/retweeted account,,TRUE,TRUE,3,3,,,,social signal source; possible person/org account lead,,,,TRUE,list with caveat,raw social signal; not endorsement,Raw account signal from archive. Frequency does not imply quality or endorsement.
P00131,'@RelayFunder,Relay Funder,'@RelayFunder,Twitter/X archive,mentioned/retweeted account,,TRUE,TRUE,3,2,,,,social signal source; possible person/org account lead,,,,TRUE,list with caveat,raw social signal; not endorsement,Raw account signal from archive. Frequency does not imply quality or endorsement.
P00132,'@reslashacc,samu (re/acc),'@reslashacc,Twitter/X archive,mentioned/retweeted account,,TRUE,TRUE,3,3,,,,social signal source; possible person/org account lead,,,,TRUE,list with caveat,raw social signal; not endorsement,Raw account signal from archive. Frequency does not imply quality or endorsement.
P00133,'@solidity_lang,Solidity,'@solidity_lang,Twitter/X archive,mentioned/retweeted account,,TRUE,,3,0,,,,social signal source; possible person/org account lead,,,,TRUE,list with caveat,raw social signal; not endorsement,Raw account signal from archive. Frequency does not imply quality or endorsement.
P00134,'@swiftevo1,SwiftEvo.tgn,'@swiftevo1,Twitter/X archive,mentioned/retweeted account,,TRUE,TRUE,3,3,,,,social signal source; possible person/org account lead,,,,TRUE,list with caveat,raw social signal; not endorsement,Raw account signal from archive. Frequency does not imply quality or endorsement.
P00135,'@DeCleanupNet,DeCleanup Network,'@DeCleanupNet,Twitter/X archive,mentioned/retweeted account,,TRUE,TRUE,3,3,,,,social signal source; possible person/org account lead,,,,TRUE,list with caveat,raw social signal; not endorsement,Raw account signal from archive. Frequency does not imply quality or endorsement.
P00136,'@deeparocks,deepa 🏴‍☠️,'@deeparocks,Twitter/X archive,mentioned/retweeted account,,TRUE,TRUE,3,3,,,,social signal source; possible person/org account lead,,,,TRUE,list with caveat,raw social signal; not endorsement,Raw account signal from archive. Frequency does not imply quality or endorsement.
P00137,'@growthepie_eth,growthepie 🥧📏,'@growthepie_eth,Twitter/X archive,mentioned/retweeted account,,TRUE,TRUE,3,3,,,,social signal source; possible person/org account lead,,,,TRUE,list with caveat,raw social signal; not endorsement,Raw account signal from archive. Frequency does not imply quality or endorsement.
P00138,'@EthPrague,ETHPrague,'@EthPrague,Twitter/X archive,mentioned/retweeted account,,TRUE,TRUE,3,1,,,,social signal source; possible person/org account lead,,,,TRUE,list with caveat,raw social signal; not endorsement,Raw account signal from archive. Frequency does not imply quality or endorsement.
P00139,'@dOrg_tech,dOrg,'@dOrg_tech,Twitter/X archive,mentioned/retweeted account,,TRUE,TRUE,3,3,,,,social signal source; possible person/org account lead,,,,TRUE,list with caveat,raw social signal; not endorsement,Raw account signal from archive. Frequency does not imply quality or endorsement.
P00140,'@PrivacyEthereum,PSE,'@PrivacyEthereum,Twitter/X archive,mentioned/retweeted account,,TRUE,TRUE,3,3,,,,social signal source; possible person/org account lead,,,,TRUE,list with caveat,raw social signal; not endorsement,Raw account signal from archive. Frequency does not imply quality or endorsement.
P00141,'@w3b3forgood,Web3forGood,'@w3b3forgood,Twitter/X archive,mentioned/retweeted account,,TRUE,,3,0,,,,social signal source; possible person/org account lead,,,,TRUE,list with caveat,raw social signal; not endorsement,Raw account signal from archive. Frequency does not imply quality or endorsement.
P00142,'@natesuits,natesuits,'@natesuits,Twitter/X archive,mentioned/retweeted account,,TRUE,TRUE,3,3,,,,social signal source; possible person/org account lead,,,,TRUE,list with caveat,raw social signal; not endorsement,Raw account signal from archive. Frequency does not imply quality or endorsement.
P00143,'@OpenLitterMap,Let the people map 📲 🗺️ 🌍🫡,'@OpenLitterMap,Twitter/X archive,mentioned/retweeted account,,TRUE,TRUE,3,3,,,,social signal source; possible person/org account lead,,,,TRUE,list with caveat,raw social signal; not endorsement,Raw account signal from archive. Frequency does not imply quality or endorsement.
P00144,'@RegenRene,Rene ◘,'@RegenRene,Twitter/X archive,mentioned/retweeted account,,TRUE,TRUE,3,3,,,,social signal source; possible person/org account lead,,,,TRUE,list with caveat,raw social signal; not endorsement,Raw account signal from archive. Frequency does not imply quality or endorsement.
P00145,'@theregenatlas,Regen Atlas,'@theregenatlas,Twitter/X archive,mentioned/retweeted account,,TRUE,TRUE,3,2,,,,social signal source; possible person/org account lead,,,,TRUE,list with caveat,raw social signal; not endorsement,Raw account signal from archive. Frequency does not imply quality or endorsement.
P00146,'@grassEcon,Grassroots Economics,'@grassEcon,Twitter/X archive,mentioned/retweeted account,,TRUE,TRUE,3,2,,,,social signal source; possible person/org account lead,,,,TRUE,list with caveat,raw social signal; not endorsement,Raw account signal from archive. Frequency does not imply quality or endorsement.
P00147,'@ProtocolGuild,Protocol Guild,'@ProtocolGuild,Twitter/X archive,mentioned/retweeted account,,TRUE,TRUE,3,2,,,,social signal source; possible person/org account lead,,,,TRUE,list with caveat,raw social signal; not endorsement,Raw account signal from archive. Frequency does not imply quality or endorsement.
P00148,'@MattyCompost,Matty Compost,'@MattyCompost,Twitter/X archive,mentioned/retweeted account,,TRUE,,3,0,,,,social signal source; possible person/org account lead,,,,TRUE,list with caveat,raw social signal; not endorsement,Raw account signal from archive. Frequency does not imply quality or endorsement.
P00149,'@kentbabin,Kent Babin,'@kentbabin,Twitter/X archive,mentioned/retweeted account,,TRUE,,3,0,,,,social signal source; possible person/org account lead,,,,TRUE,list with caveat,raw social signal; not endorsement,Raw account signal from archive. Frequency does not imply quality or endorsement.
P00150,'@theobtl,Theo Beutel,'@theobtl,Twitter/X archive,mentioned/retweeted account,,TRUE,TRUE,3,1,,,,social signal source; possible person/org account lead,,,,TRUE,list with caveat,raw social signal; not endorsement,Raw account signal from archive. Frequency does not imply quality or endorsement.
P00151,'@sovereignsignal,Sov,'@sovereignsignal,Twitter/X archive,mentioned/retweeted account,,TRUE,TRUE,3,3,,,,social signal source; possible person/org account lead,,,,TRUE,list with caveat,raw social signal; not endorsement,Raw account signal from archive. Frequency does not imply quality or endorsement.
P00152,'@Regentokenomics,Regen Tokenomics,'@Regentokenomics,Twitter/X archive,mentioned/retweeted account,,TRUE,TRUE,3,3,,,,social signal source; possible person/org account lead,,,,TRUE,list with caveat,raw social signal; not endorsement,Raw account signal from archive. Frequency does not imply quality or endorsement.
P00153,'@audreyt,⿻ Audrey Tang 唐鳳,'@audreyt,Twitter/X archive,mentioned/retweeted account,,TRUE,TRUE,3,3,,,,social signal source; possible person/org account lead,,,,TRUE,list with caveat,raw social signal; not endorsement,Raw account signal from archive. Frequency does not imply quality or endorsement.
P00154,'@Kernel0x,Kernel,'@Kernel0x,Twitter/X archive,mentioned/retweeted account,,TRUE,TRUE,3,1,,,,social signal source; possible person/org account lead,,,,TRUE,list with caveat,raw social signal; not endorsement,Raw account signal from archive. Frequency does not imply quality or endorsement.
P00155,'@revnets,Revnet | Tokenize your revenues and fundraises,'@revnets,Twitter/X archive,mentioned/retweeted account,,TRUE,TRUE,3,1,,,,social signal source; possible person/org account lead,,,,TRUE,list with caveat,raw social signal; not endorsement,Raw account signal from archive. Frequency does not imply quality or endorsement.
P00156,'@etheconomiczone,The Ethereum Economic Zone,'@etheconomiczone,Twitter/X archive,mentioned/retweeted account,,TRUE,TRUE,3,3,,,,social signal source; possible person/org account lead,,,,TRUE,list with caveat,raw social signal; not endorsement,Raw account signal from archive. Frequency does not imply quality or endorsement.
P00157,'@Superfluid_HQ,superfluid.eth,'@Superfluid_HQ,Twitter/X archive,mentioned/retweeted account,,TRUE,TRUE,3,1,,,,social signal source; possible person/org account lead,,,,TRUE,list with caveat,raw social signal; not endorsement,Raw account signal from archive. Frequency does not imply quality or endorsement.
P00158,'@_newcubes_,free air 🎐 🍉,'@_newcubes_,Twitter/X archive,mentioned/retweeted account,,TRUE,TRUE,3,2,,,,social signal source; possible person/org account lead,,,,TRUE,list with caveat,raw social signal; not endorsement,Raw account signal from archive. Frequency does not imply quality or endorsement.
P00159,'@CeloPublicGoods,Celo Public Goods ♻️,'@CeloPublicGoods,Twitter/X archive,mentioned/retweeted account,,TRUE,TRUE,3,1,,,,social signal source; possible person/org account lead,,,,TRUE,list with caveat,raw social signal; not endorsement,Raw account signal from archive. Frequency does not imply quality or endorsement.
P00160,'@allo_capital,Allo.Capital ⛲️💦,'@allo_capital,Twitter/X archive,mentioned/retweeted account,,TRUE,,3,0,,,,social signal source; possible person/org account lead,,,,TRUE,list with caveat,raw social signal; not endorsement,Raw account signal from archive. Frequency does not imply quality or endorsement.
P00161,'@dwddao,David Dao,'@dwddao,Twitter/X archive,mentioned/retweeted account,,TRUE,TRUE,3,2,,,,social signal source; possible person/org account lead,,,,TRUE,list with caveat,raw social signal; not endorsement,Raw account signal from archive. Frequency does not imply quality or endorsement.
P00162,'@GreenpillWrites,Greenpill Writers Guild,'@GreenpillWrites,Twitter/X archive,mentioned/retweeted account,,TRUE,TRUE,3,1,,,,social signal source; possible person/org account lead,,,,TRUE,list with caveat,raw social signal; not endorsement,Raw account signal from archive. Frequency does not imply quality or endorsement.
P00163,'@ethresearchbot,ethresearchbot,'@ethresearchbot,Twitter/X archive,mentioned/retweeted account,,TRUE,TRUE,2,2,,,,social signal source; possible person/org account lead,,,,TRUE,list with caveat,raw social signal; not endorsement,Raw account signal from archive. Frequency does not imply quality or endorsement.
P00164,'@techandsunhub,TAS HUBS,'@techandsunhub,Twitter/X archive,mentioned/retweeted account,,TRUE,TRUE,2,2,,,,social signal source; possible person/org account lead,,,,TRUE,list with caveat,raw social signal; not endorsement,Raw account signal from archive. Frequency does not imply quality or endorsement.
P00165,'@dankrad,Dankrad Feist,'@dankrad,Twitter/X archive,mentioned/retweeted account,,TRUE,TRUE,2,2,,,,social signal source; possible person/org account lead,,,,TRUE,list with caveat,raw social signal; not endorsement,Raw account signal from archive. Frequency does not imply quality or endorsement.
P00166,'@l2beat,L2BEAT 💗,'@l2beat,Twitter/X archive,mentioned/retweeted account,,TRUE,TRUE,2,1,,,,social signal source; possible person/org account lead,,,,TRUE,list with caveat,raw social signal; not endorsement,Raw account signal from archive. Frequency does not imply quality or endorsement.
P00167,'@higrowfi,GrowFi,'@higrowfi,Twitter/X archive,mentioned/retweeted account,,TRUE,TRUE,2,2,,,,social signal source; possible person/org account lead,,,,TRUE,list with caveat,raw social signal; not endorsement,Raw account signal from archive. Frequency does not imply quality or endorsement.
P00168,'@blockful_io,blockful.eth,'@blockful_io,Twitter/X archive,mentioned/retweeted account,,TRUE,TRUE,2,2,,,,social signal source; possible person/org account lead,,,,TRUE,list with caveat,raw social signal; not endorsement,Raw account signal from archive. Frequency does not imply quality or endorsement.
P00169,'@griffgreen,Griff Green - griff.eth,'@griffgreen,Twitter/X archive,mentioned/retweeted account,,TRUE,TRUE,2,1,,,,social signal source; possible person/org account lead,,,,TRUE,list with caveat,raw social signal; not endorsement,Raw account signal from archive. Frequency does not imply quality or endorsement.
P00170,'@ensdomains,ens.eth,'@ensdomains,Twitter/X archive,mentioned/retweeted account,,TRUE,TRUE,2,1,,,,social signal source; possible person/org account lead,,,,TRUE,list with caveat,raw social signal; not endorsement,Raw account signal from archive. Frequency does not imply quality or endorsement.
P00171,'@CharlieStLouis,charles (csl) ᛋ,'@CharlieStLouis,Twitter/X archive,mentioned/retweeted account,,TRUE,TRUE,2,2,,,,social signal source; possible person/org account lead,,,,TRUE,list with caveat,raw social signal; not endorsement,Raw account signal from archive. Frequency does not imply quality or endorsement.
P00172,'@RegenFdn,Regen Foundation,'@RegenFdn,Twitter/X archive,mentioned/retweeted account,,TRUE,TRUE,2,2,,,,social signal source; possible person/org account lead,,,,TRUE,list with caveat,raw social signal; not endorsement,Raw account signal from archive. Frequency does not imply quality or endorsement.
P00173,'@KokonutNetwork,Kokonut Network 💚🥥🌴,'@KokonutNetwork,Twitter/X archive,mentioned/retweeted account,,TRUE,TRUE,2,1,,,,social signal source; possible person/org account lead,,,,TRUE,list with caveat,raw social signal; not endorsement,Raw account signal from archive. Frequency does not imply quality or endorsement.
P00174,'@feemschats,Feems,'@feemschats,Twitter/X archive,mentioned/retweeted account,,TRUE,TRUE,2,2,,,,social signal source; possible person/org account lead,,,,TRUE,list with caveat,raw social signal; not endorsement,Raw account signal from archive. Frequency does not imply quality or endorsement.
P00175,'@PublicNouns,Public Nouns,'@PublicNouns,Twitter/X archive,mentioned/retweeted account,,TRUE,TRUE,2,1,,,,social signal source; possible person/org account lead,,,,TRUE,list with caveat,raw social signal; not endorsement,Raw account signal from archive. Frequency does not imply quality or endorsement.
P00176,'@Greenpill9ja,Greenpill Nigeria,'@Greenpill9ja,Twitter/X archive,mentioned/retweeted account,,TRUE,TRUE,2,1,,,,social signal source; possible person/org account lead,,,,TRUE,list with caveat,raw social signal; not endorsement,Raw account signal from archive. Frequency does not imply quality or endorsement.
P00177,'@crypto4commons,Crypto Commons Association,'@crypto4commons,Twitter/X archive,mentioned/retweeted account,,TRUE,TRUE,2,2,,,,social signal source; possible person/org account lead,,,,TRUE,list with caveat,raw social signal; not endorsement,Raw account signal from archive. Frequency does not imply quality or endorsement.
P00178,'@ethPandaOps,ethPandaOps,'@ethPandaOps,Twitter/X archive,mentioned/retweeted account,,TRUE,TRUE,2,1,,,,social signal source; possible person/org account lead,,,,TRUE,list with caveat,raw social signal; not endorsement,Raw account signal from archive. Frequency does not imply quality or endorsement.
P00179,'@jerri_nft,Jerri 🌱DeFi to ReFi to Regen 🌎🍄🧠,'@jerri_nft,Twitter/X archive,mentioned/retweeted account,,TRUE,TRUE,2,2,,,,social signal source; possible person/org account lead,,,,TRUE,list with caveat,raw social signal; not endorsement,Raw account signal from archive. Frequency does not imply quality or endorsement.
P00180,'@bonfiresai,Bonfires.ai,'@bonfiresai,Twitter/X archive,mentioned/retweeted account,,TRUE,TRUE,2,1,,,,social signal source; possible person/org account lead,,,,TRUE,list with caveat,raw social signal; not endorsement,Raw account signal from archive. Frequency does not imply quality or endorsement.
P00181,'@DeSciWorld,DeSciWorld,'@DeSciWorld,Twitter/X archive,mentioned/retweeted account,,TRUE,TRUE,2,1,,,,social signal source; possible person/org account lead,,,,TRUE,list with caveat,raw social signal; not endorsement,Raw account signal from archive. Frequency does not imply quality or endorsement.
P00182,'@DeSciAsia,DeSciAsia,'@DeSciAsia,Twitter/X archive,mentioned/retweeted account,,TRUE,,2,0,,,,social signal source; possible person/org account lead,,,,TRUE,list with caveat,raw social signal; not endorsement,Raw account signal from archive. Frequency does not imply quality or endorsement.
P00183,'@endaomentdotorg,Endaoment,'@endaomentdotorg,Twitter/X archive,mentioned/retweeted account,,TRUE,TRUE,2,2,,,,social signal source; possible person/org account lead,,,,TRUE,list with caveat,raw social signal; not endorsement,Raw account signal from archive. Frequency does not imply quality or endorsement.
P00184,'@hellofrommarv,marv,'@hellofrommarv,Twitter/X archive,mentioned/retweeted account,,TRUE,TRUE,2,2,,,,social signal source; possible person/org account lead,,,,TRUE,list with caveat,raw social signal; not endorsement,Raw account signal from archive. Frequency does not imply quality or endorsement.
P00185,'@samccarthy27,Sam McCarthy,'@samccarthy27,Twitter/X archive,mentioned/retweeted account,,TRUE,,2,0,,,,social signal source; possible person/org account lead,,,,TRUE,list with caveat,raw social signal; not endorsement,Raw account signal from archive. Frequency does not imply quality or endorsement.
P00186,'@regensolarpunk,Sara Johnstone,'@regensolarpunk,Twitter/X archive,mentioned/retweeted account,,TRUE,TRUE,2,2,,,,social signal source; possible person/org account lead,,,,TRUE,list with caveat,raw social signal; not endorsement,Raw account signal from archive. Frequency does not imply quality or endorsement.
P00187,'@Uniswap,Uniswap,'@Uniswap,Twitter/X archive,mentioned/retweeted account,,TRUE,,2,0,,,,social signal source; possible person/org account lead,,,,TRUE,list with caveat,raw social signal; not endorsement,Raw account signal from archive. Frequency does not imply quality or endorsement.
P00188,'@americamag,America Magazine,'@americamag,Twitter/X archive,mentioned/retweeted account,,TRUE,,2,0,,,,social signal source; possible person/org account lead,,,,TRUE,list with caveat,raw social signal; not endorsement,Raw account signal from archive. Frequency does not imply quality or endorsement.
P00189,'@SEAL_911,SEAL 911,'@SEAL_911,Twitter/X archive,mentioned/retweeted account,,TRUE,,2,0,,,,social signal source; possible person/org account lead,,,,TRUE,list with caveat,raw social signal; not endorsement,Raw account signal from archive. Frequency does not imply quality or endorsement.
P00190,'@EFprotocol,EF Protocol Support,'@EFprotocol,Twitter/X archive,mentioned/retweeted account,,TRUE,,2,0,,,,social signal source; possible person/org account lead,,,,TRUE,list with caveat,raw social signal; not endorsement,Raw account signal from archive. Frequency does not imply quality or endorsement.
P00191,'@myosin_xyz,"Myosin.xyz (〽️, 🌎)",'@myosin_xyz,Twitter/X archive,mentioned/retweeted account,,TRUE,TRUE,2,2,,,,social signal source; possible person/org account lead,,,,TRUE,list with caveat,raw social signal; not endorsement,Raw account signal from archive. Frequency does not imply quality or endorsement.
P00192,'@web3_data,matze | growthepie 🥧,'@web3_data,Twitter/X archive,mentioned/retweeted account,,TRUE,TRUE,2,2,,,,social signal source; possible person/org account lead,,,,TRUE,list with caveat,raw social signal; not endorsement,Raw account signal from archive. Frequency does not imply quality or endorsement.
P00193,'@optimystics_,Optimystics,'@optimystics_,Twitter/X archive,mentioned/retweeted account,,TRUE,TRUE,2,2,,,,social signal source; possible person/org account lead,,,,TRUE,list with caveat,raw social signal; not endorsement,Raw account signal from archive. Frequency does not imply quality or endorsement.
P00194,'@EthCC,EthCC - Ethereum Community Conference,'@EthCC,Twitter/X archive,mentioned/retweeted account,,TRUE,,2,0,,,,social signal source; possible person/org account lead,,,,TRUE,list with caveat,raw social signal; not endorsement,Raw account signal from archive. Frequency does not imply quality or endorsement.
P00195,'@nunet_global,NuNet 🌐,'@nunet_global,Twitter/X archive,mentioned/retweeted account,,TRUE,TRUE,2,2,,,,social signal source; possible person/org account lead,,,,TRUE,list with caveat,raw social signal; not endorsement,Raw account signal from archive. Frequency does not imply quality or endorsement.
P00196,'@davinci_vote,DAVINCI protocol,'@davinci_vote,Twitter/X archive,mentioned/retweeted account,,TRUE,TRUE,2,2,,,,social signal source; possible person/org account lead,,,,TRUE,list with caveat,raw social signal; not endorsement,Raw account signal from archive. Frequency does not imply quality or endorsement.
P00197,'@amioantho,Amio,'@amioantho,Twitter/X archive,mentioned/retweeted account,,TRUE,,2,0,,,,social signal source; possible person/org account lead,,,,TRUE,list with caveat,raw social signal; not endorsement,Raw account signal from archive. Frequency does not imply quality or endorsement.
P00198,'@time_is_oba,Afo Wefa,'@time_is_oba,Twitter/X archive,mentioned/retweeted account,,TRUE,,2,0,,,,social signal source; possible person/org account lead,,,,TRUE,list with caveat,raw social signal; not endorsement,Raw account signal from archive. Frequency does not imply quality or endorsement.
P00199,'@heenal,Heenal Patel,'@heenal,Twitter/X archive,mentioned/retweeted account,,TRUE,,2,0,,,,social signal source; possible person/org account lead,,,,TRUE,list with caveat,raw social signal; not endorsement,Raw account signal from archive. Frequency does not imply quality or endorsement.
P00200,'@kineticsarah,Sarah Smith,'@kineticsarah,Twitter/X archive,mentioned/retweeted account,,TRUE,,2,0,,,,social signal source; possible person/org account lead,,,,TRUE,list with caveat,raw social signal; not endorsement,Raw account signal from archive. Frequency does not imply quality or endorsement.
P00201,'@greenpillbrasil,Greenpill Brasil,'@greenpillbrasil,Twitter/X archive,mentioned/retweeted account,,TRUE,,2,0,,,,social signal source; possible person/org account lead,,,,TRUE,list with caveat,raw social signal; not endorsement,Raw account signal from archive. Frequency does not imply quality or endorsement.
P00202,'@orishim,ori shimony,'@orishim,Twitter/X archive,mentioned/retweeted account,,TRUE,TRUE,2,1,,,,social signal source; possible person/org account lead,,,,TRUE,list with caveat,raw social signal; not endorsement,Raw account signal from archive. Frequency does not imply quality or endorsement.
P00203,'@cadamstallard,C. Adam Stallard🪁🔆🆔⿻ gov/acc,'@cadamstallard,Twitter/X archive,mentioned/retweeted account,,TRUE,TRUE,2,2,,,,social signal source; possible person/org account lead,,,,TRUE,list with caveat,raw social signal; not endorsement,Raw account signal from archive. Frequency does not imply quality or endorsement.
P00204,'@johnx25bd,johnx,'@johnx25bd,Twitter/X archive,mentioned/retweeted account,,TRUE,TRUE,2,2,,,,social signal source; possible person/org account lead,,,,TRUE,list with caveat,raw social signal; not endorsement,Raw account signal from archive. Frequency does not imply quality or endorsement.
P00205,'@IntuitMachine,Carlos E. Perez,'@IntuitMachine,Twitter/X archive,mentioned/retweeted account,,TRUE,TRUE,2,2,,,,social signal source; possible person/org account lead,,,,TRUE,list with caveat,raw social signal; not endorsement,Raw account signal from archive. Frequency does not imply quality or endorsement.
P00206,'@akosmicfool,∞ Gman,'@akosmicfool,Twitter/X archive,mentioned/retweeted account,,TRUE,TRUE,2,1,,,,social signal source; possible person/org account lead,,,,TRUE,list with caveat,raw social signal; not endorsement,Raw account signal from archive. Frequency does not imply quality or endorsement.
P00207,'@rstormsf,Roman Storm 🇺🇸 🌪️,'@rstormsf,Twitter/X archive,mentioned/retweeted account,,TRUE,,2,0,,,,social signal source; possible person/org account lead,,,,TRUE,list with caveat,raw social signal; not endorsement,Raw account signal from archive. Frequency does not imply quality or endorsement.
P00208,'@lurenbian,路人蝙,'@lurenbian,Twitter/X archive,mentioned/retweeted account,,TRUE,,2,0,,,,social signal source; possible person/org account lead,,,,TRUE,list with caveat,raw social signal; not endorsement,Raw account signal from archive. Frequency does not imply quality or endorsement.
P00209,'@oasaliving,OASA 🌱🌍,'@oasaliving,Twitter/X archive,mentioned/retweeted account,,TRUE,TRUE,2,1,,,,social signal source; possible person/org account lead,,,,TRUE,list with caveat,raw social signal; not endorsement,Raw account signal from archive. Frequency does not imply quality or endorsement.
P00210,'@0xEN0VA,EN0VA,'@0xEN0VA,Twitter/X archive,mentioned/retweeted account,,TRUE,TRUE,2,1,,,,social signal source; possible person/org account lead,,,,TRUE,list with caveat,raw social signal; not endorsement,Raw account signal from archive. Frequency does not imply quality or endorsement.
P00211,'@LidoFinance,Lido,'@LidoFinance,Twitter/X archive,mentioned/retweeted account,,TRUE,TRUE,2,2,,,,social signal source; possible person/org account lead,,,,TRUE,list with caveat,raw social signal; not endorsement,Raw account signal from archive. Frequency does not imply quality or endorsement.
P00212,'@A_Leutenegger,Leuts.eth,'@A_Leutenegger,Twitter/X archive,mentioned/retweeted account,,TRUE,TRUE,2,2,,,,social signal source; possible person/org account lead,,,,TRUE,list with caveat,raw social signal; not endorsement,Raw account signal from archive. Frequency does not imply quality or endorsement.
P00213,'@GlowTracker,Glow Tracker 🤖,'@GlowTracker,Twitter/X archive,mentioned/retweeted account,,TRUE,TRUE,2,2,,,,social signal source; possible person/org account lead,,,,TRUE,list with caveat,raw social signal; not endorsement,Raw account signal from archive. Frequency does not imply quality or endorsement.
P00214,'@NatalieCrue,Nataliecrue.eth,'@NatalieCrue,Twitter/X archive,mentioned/retweeted account,,TRUE,TRUE,2,1,,,,social signal source; possible person/org account lead,,,,TRUE,list with caveat,raw social signal; not endorsement,Raw account signal from archive. Frequency does not imply quality or endorsement.
P00215,'@arbitrum,Arbitrum,'@arbitrum,Twitter/X archive,mentioned/retweeted account,,TRUE,,2,0,,,,social signal source; possible person/org account lead,,,,TRUE,list with caveat,raw social signal; not endorsement,Raw account signal from archive. Frequency does not imply quality or endorsement.
P00216,'@curtis_yarvin,Curtis Yarvin,'@curtis_yarvin,Twitter/X archive,mentioned/retweeted account,,TRUE,,2,0,,,,social signal source; possible person/org account lead,,,,TRUE,list with caveat,raw social signal; not endorsement,Raw account signal from archive. Frequency does not imply quality or endorsement.
P00217,'@regensunite,Regens Unite 🌱✨,'@regensunite,Twitter/X archive,mentioned/retweeted account,,TRUE,TRUE,2,1,,,,social signal source; possible person/org account lead,,,,TRUE,list with caveat,raw social signal; not endorsement,Raw account signal from archive. Frequency does not imply quality or endorsement.
P00218,'@rocketman_w,rocketman,'@rocketman_w,Twitter/X archive,mentioned/retweeted account,,TRUE,TRUE,2,2,,,,social signal source; possible person/org account lead,,,,TRUE,list with caveat,raw social signal; not endorsement,Raw account signal from archive. Frequency does not imply quality or endorsement.
P00219,'@_Daniel_Ospina,Daniel Ospina,'@_Daniel_Ospina,Twitter/X archive,mentioned/retweeted account,,TRUE,TRUE,2,2,,,,social signal source; possible person/org account lead,,,,TRUE,list with caveat,raw social signal; not endorsement,Raw account signal from archive. Frequency does not imply quality or endorsement.
P00220,'@0xNN2,Nick,'@0xNN2,Twitter/X archive,mentioned/retweeted account,,TRUE,TRUE,2,1,,,,social signal source; possible person/org account lead,,,,TRUE,list with caveat,raw social signal; not endorsement,Raw account signal from archive. Frequency does not imply quality or endorsement.
P00221,'@ETHForTheWorld,For The World,'@ETHForTheWorld,Twitter/X archive,mentioned/retweeted account,,TRUE,TRUE,2,1,,,,social signal source; possible person/org account lead,,,,TRUE,list with caveat,raw social signal; not endorsement,Raw account signal from archive. Frequency does not imply quality or endorsement.
P00222,'@foundation_gsr,GSR Foundation,'@foundation_gsr,Twitter/X archive,mentioned/retweeted account,,TRUE,,2,0,,,,social signal source; possible person/org account lead,,,,TRUE,list with caveat,raw social signal; not endorsement,Raw account signal from archive. Frequency does not imply quality or endorsement.
P00223,'@city_sync_,City/Sync,'@city_sync_,Twitter/X archive,mentioned/retweeted account,,TRUE,TRUE,2,2,,,,social signal source; possible person/org account lead,,,,TRUE,list with caveat,raw social signal; not endorsement,Raw account signal from archive. Frequency does not imply quality or endorsement.
P00224,'@juiceboxETH,Juicebox Protocol | Program your project's money,'@juiceboxETH,Twitter/X archive,mentioned/retweeted account,,TRUE,,2,0,,,,social signal source; possible person/org account lead,,,,TRUE,list with caveat,raw social signal; not endorsement,Raw account signal from archive. Frequency does not imply quality or endorsement.
P00225,'@me_jango,jango.eth,'@me_jango,Twitter/X archive,mentioned/retweeted account,,TRUE,TRUE,2,1,,,,social signal source; possible person/org account lead,,,,TRUE,list with caveat,raw social signal; not endorsement,Raw account signal from archive. Frequency does not imply quality or endorsement.
P00226,'@8ctopuso,researcher: octopus,'@8ctopuso,Twitter/X archive,mentioned/retweeted account,,TRUE,TRUE,2,1,,,,social signal source; possible person/org account lead,,,,TRUE,list with caveat,raw social signal; not endorsement,Raw account signal from archive. Frequency does not imply quality or endorsement.
P00227,'@Bookof_Eth,The Book of Ethereum 📘 booe.eth,'@Bookof_Eth,Twitter/X archive,mentioned/retweeted account,,TRUE,TRUE,2,2,,,,social signal source; possible person/org account lead,,,,TRUE,list with caveat,raw social signal; not endorsement,Raw account signal from archive. Frequency does not imply quality or endorsement.
P00228,'@thegrifft,,'@thegrifft,Twitter/X archive,mentioned/retweeted account,,TRUE,TRUE,2,2,,,,social signal source; possible person/org account lead,,,,TRUE,list with caveat,raw social signal; not endorsement,Raw account signal from archive. Frequency does not imply quality or endorsement.
P00229,'@fhe_org,FHE.org,'@fhe_org,Twitter/X archive,mentioned/retweeted account,,TRUE,TRUE,2,1,,,,social signal source; possible person/org account lead,,,,TRUE,list with caveat,raw social signal; not endorsement,Raw account signal from archive. Frequency does not imply quality or endorsement.
P00230,'@C1aranMurray,Ciarán Murray,'@C1aranMurray,Twitter/X archive,mentioned/retweeted account,,TRUE,,2,0,,,,social signal source; possible person/org account lead,,,,TRUE,list with caveat,raw social signal; not endorsement,Raw account signal from archive. Frequency does not imply quality or endorsement.
P00231,'@DAOstar_One,DAOstar,'@DAOstar_One,Twitter/X archive,mentioned/retweeted account,,TRUE,TRUE,2,2,,,,social signal source; possible person/org account lead,,,,TRUE,list with caveat,raw social signal; not endorsement,Raw account signal from archive. Frequency does not imply quality or endorsement.
P00232,'@networkcoin,Stephen DeMeulenaere,'@networkcoin,Twitter/X archive,mentioned/retweeted account,,TRUE,TRUE,2,1,,,,social signal source; possible person/org account lead,,,,TRUE,list with caveat,raw social signal; not endorsement,Raw account signal from archive. Frequency does not imply quality or endorsement.
P00233,'@0xHolonym,Holonym (old account),'@0xHolonym,Twitter/X archive,mentioned/retweeted account,,TRUE,TRUE,2,1,,,,social signal source; possible person/org account lead,,,,TRUE,list with caveat,raw social signal; not endorsement,Raw account signal from archive. Frequency does not imply quality or endorsement.
P00234,'@glenweyl,(((E. Glen Weyl/衛谷倫))) ⿻ 🇺🇸/🇩🇪/🇹🇼,'@glenweyl,Twitter/X archive,mentioned/retweeted account,,TRUE,TRUE,2,1,,,,social signal source; possible person/org account lead,,,,TRUE,list with caveat,raw social signal; not endorsement,Raw account signal from archive. Frequency does not imply quality or endorsement.
P00235,'@ethdevnews,ethdevnews,'@ethdevnews,Twitter/X archive,mentioned/retweeted account,,TRUE,TRUE,2,2,,,,social signal source; possible person/org account lead,,,,TRUE,list with caveat,raw social signal; not endorsement,Raw account signal from archive. Frequency does not imply quality or endorsement.
P00236,'@magentaceiba,Magenta,'@magentaceiba,Twitter/X archive,mentioned/retweeted account,,TRUE,TRUE,2,1,,,,social signal source; possible person/org account lead,,,,TRUE,list with caveat,raw social signal; not endorsement,Raw account signal from archive. Frequency does not imply quality or endorsement.
P00237,'@guildguild_eth,Guild Guild,'@guildguild_eth,Twitter/X archive,mentioned/retweeted account,,TRUE,TRUE,2,2,,,,social signal source; possible person/org account lead,,,,TRUE,list with caveat,raw social signal; not endorsement,Raw account signal from archive. Frequency does not imply quality or endorsement.
P00238,'@SterlinLujan,Sterlin Lujan,'@SterlinLujan,Twitter/X archive,mentioned/retweeted account,,TRUE,TRUE,2,2,,,,social signal source; possible person/org account lead,,,,TRUE,list with caveat,raw social signal; not endorsement,Raw account signal from archive. Frequency does not imply quality or endorsement.
P00239,'@alexsotodigital,Alex Soto,'@alexsotodigital,Twitter/X archive,mentioned/retweeted account,,TRUE,TRUE,1,1,,,,social signal source; possible person/org account lead,,,,TRUE,list with caveat,raw social signal; not endorsement,Raw account signal from archive. Frequency does not imply quality or endorsement.
P00240,'@josancamon19,Joan Cabezas,'@josancamon19,Twitter/X archive,mentioned/retweeted account,,TRUE,TRUE,1,1,,,,social signal source; possible person/org account lead,,,,TRUE,list with caveat,raw social signal; not endorsement,Raw account signal from archive. Frequency does not imply quality or endorsement.
P00241,'@akorinek,Anton Korinek,'@akorinek,Twitter/X archive,mentioned/retweeted account,,TRUE,,1,0,,,,social signal source; possible person/org account lead,,,,TRUE,list with caveat,raw social signal; not endorsement,Raw account signal from archive. Frequency does not imply quality or endorsement.
P00242,'@CryptoStatuette,statuette.eth,'@CryptoStatuette,Twitter/X archive,mentioned/retweeted account,,TRUE,TRUE,1,1,,,,social signal source; possible person/org account lead,,,,TRUE,list with caveat,raw social signal; not endorsement,Raw account signal from archive. Frequency does not imply quality or endorsement.
P00243,'@hashcloak,HashCloak,'@hashcloak,Twitter/X archive,mentioned/retweeted account,,TRUE,,1,0,,,,social signal source; possible person/org account lead,,,,TRUE,list with caveat,raw social signal; not endorsement,Raw account signal from archive. Frequency does not imply quality or endorsement.
P00244,'@BigWProtocol,BigWater,'@BigWProtocol,Twitter/X archive,mentioned/retweeted account,,TRUE,TRUE,1,1,,,,social signal source; possible person/org account lead,,,,TRUE,list with caveat,raw social signal; not endorsement,Raw account signal from archive. Frequency does not imply quality or endorsement.
P00245,'@mikeneuder,mikeneuder.eth ⟠,'@mikeneuder,Twitter/X archive,mentioned/retweeted account,,TRUE,TRUE,1,1,,,,social signal source; possible person/org account lead,,,,TRUE,list with caveat,raw social signal; not endorsement,Raw account signal from archive. Frequency does not imply quality or endorsement.
P00246,'@bahrani_maryam,Maryam Bahrani,'@bahrani_maryam,Twitter/X archive,mentioned/retweeted account,,TRUE,,1,0,,,,social signal source; possible person/org account lead,,,,TRUE,list with caveat,raw social signal; not endorsement,Raw account signal from archive. Frequency does not imply quality or endorsement.
P00247,'@kosmostasis,"Koss (🌱,🌌) 🐝",'@kosmostasis,Twitter/X archive,mentioned/retweeted account,,TRUE,TRUE,1,1,,,,social signal source; possible person/org account lead,,,,TRUE,list with caveat,raw social signal; not endorsement,Raw account signal from archive. Frequency does not imply quality or endorsement.
P00248,'@mode_nearchos,Modestas Stragys,'@mode_nearchos,Twitter/X archive,mentioned/retweeted account,,TRUE,TRUE,1,1,,,,social signal source; possible person/org account lead,,,,TRUE,list with caveat,raw social signal; not endorsement,Raw account signal from archive. Frequency does not imply quality or endorsement.
P00249,'@Common_Planet,Common Planet Foundation,'@Common_Planet,Twitter/X archive,mentioned/retweeted account,,TRUE,TRUE,1,1,,,,social signal source; possible person/org account lead,,,,TRUE,list with caveat,raw social signal; not endorsement,Raw account signal from archive. Frequency does not imply quality or endorsement.
P00250,'@poidhxyz,pics or it didn't happen,'@poidhxyz,Twitter/X archive,mentioned/retweeted account,,TRUE,TRUE,1,1,,,,social signal source; possible person/org account lead,,,,TRUE,list with caveat,raw social signal; not endorsement,Raw account signal from archive. Frequency does not imply quality or endorsement.
P00251,'@OgallalaLife,Ogallala Life💧🌱🦫🦬,'@OgallalaLife,Twitter/X archive,mentioned/retweeted account,,TRUE,TRUE,1,1,,,,social signal source; possible person/org account lead,,,,TRUE,list with caveat,raw social signal; not endorsement,Raw account signal from archive. Frequency does not imply quality or endorsement.
P00252,'@jchaskin22,chaskin.eth,'@jchaskin22,Twitter/X archive,mentioned/retweeted account,,TRUE,TRUE,1,1,,,,social signal source; possible person/org account lead,,,,TRUE,list with caveat,raw social signal; not endorsement,Raw account signal from archive. Frequency does not imply quality or endorsement.
P00253,'@buidlguidl,BuidlGuidl.eth,'@buidlguidl,Twitter/X archive,mentioned/retweeted account,,TRUE,TRUE,1,1,,,,social signal source; possible person/org account lead,,,,TRUE,list with caveat,raw social signal; not endorsement,Raw account signal from archive. Frequency does not imply quality or endorsement.
P00254,'@humpty0x,humpty,'@humpty0x,Twitter/X archive,mentioned/retweeted account,,TRUE,TRUE,1,1,,,,social signal source; possible person/org account lead,,,,TRUE,list with caveat,raw social signal; not endorsement,Raw account signal from archive. Frequency does not imply quality or endorsement.
P00255,'@_julianma,Julian,'@_julianma,Twitter/X archive,mentioned/retweeted account,,TRUE,TRUE,1,1,,,,social signal source; possible person/org account lead,,,,TRUE,list with caveat,raw social signal; not endorsement,Raw account signal from archive. Frequency does not imply quality or endorsement.
P00256,'@LocaleNet,Locale Network 🏡,'@LocaleNet,Twitter/X archive,mentioned/retweeted account,,TRUE,TRUE,1,1,,,,social signal source; possible person/org account lead,,,,TRUE,list with caveat,raw social signal; not endorsement,Raw account signal from archive. Frequency does not imply quality or endorsement.
P00257,'@Abeers123,Abeera Akhtar,'@Abeers123,Twitter/X archive,mentioned/retweeted account,,TRUE,,1,0,,,,social signal source; possible person/org account lead,,,,TRUE,list with caveat,raw social signal; not endorsement,Raw account signal from archive. Frequency does not imply quality or endorsement.
P00258,'@kenya_mchuzi,Captain Obvious,'@kenya_mchuzi,Twitter/X archive,mentioned/retweeted account,,TRUE,,1,0,,,,social signal source; possible person/org account lead,,,,TRUE,list with caveat,raw social signal; not endorsement,Raw account signal from archive. Frequency does not imply quality or endorsement.
P00259,'@NewAmerica,New America,'@NewAmerica,Twitter/X archive,mentioned/retweeted account,,TRUE,,1,0,,,,social signal source; possible person/org account lead,,,,TRUE,list with caveat,raw social signal; not endorsement,Raw account signal from archive. Frequency does not imply quality or endorsement.
P00260,'@octant,octant,'@octant,Twitter/X archive,mentioned/retweeted account,,TRUE,,1,0,,,,social signal source; possible person/org account lead,,,,TRUE,list with caveat,raw social signal; not endorsement,Raw account signal from archive. Frequency does not imply quality or endorsement.
P00261,'@barnabemonnot,barnabe.eth,'@barnabemonnot,Twitter/X archive,mentioned/retweeted account,,TRUE,TRUE,1,1,,,,social signal source; possible person/org account lead,,,,TRUE,list with caveat,raw social signal; not endorsement,Raw account signal from archive. Frequency does not imply quality or endorsement.
P00262,'@tzhen,There.Is.Now.Alternative⚡🤖,'@tzhen,Twitter/X archive,mentioned/retweeted account,,TRUE,,1,0,,,,social signal source; possible person/org account lead,,,,TRUE,list with caveat,raw social signal; not endorsement,Raw account signal from archive. Frequency does not imply quality or endorsement.
P00263,'@george,Spa Monkey,'@george,Twitter/X archive,mentioned/retweeted account,,TRUE,,1,0,,,,social signal source; possible person/org account lead,,,,TRUE,list with caveat,raw social signal; not endorsement,Raw account signal from archive. Frequency does not imply quality or endorsement.
P00264,'@datasociety,Data & Society,'@datasociety,Twitter/X archive,mentioned/retweeted account,,TRUE,,1,0,,,,social signal source; possible person/org account lead,,,,TRUE,list with caveat,raw social signal; not endorsement,Raw account signal from archive. Frequency does not imply quality or endorsement.
P00265,'@izgnzlz,isabel,'@izgnzlz,Twitter/X archive,mentioned/retweeted account,,TRUE,TRUE,1,1,,,,social signal source; possible person/org account lead,,,,TRUE,list with caveat,raw social signal; not endorsement,Raw account signal from archive. Frequency does not imply quality or endorsement.
P00266,'@jembendell,Prof Jem Bendell 🌍☸️,'@jembendell,Twitter/X archive,mentioned/retweeted account,,TRUE,TRUE,1,1,,,,social signal source; possible person/org account lead,,,,TRUE,list with caveat,raw social signal; not endorsement,Raw account signal from archive. Frequency does not imply quality or endorsement.
P00267,'@maxlomu,maxlomu 🤌,'@maxlomu,Twitter/X archive,mentioned/retweeted account,,TRUE,TRUE,1,1,,,,social signal source; possible person/org account lead,,,,TRUE,list with caveat,raw social signal; not endorsement,Raw account signal from archive. Frequency does not imply quality or endorsement.
P00268,'@UNICEFinnovate,UNICEF Innovation,'@UNICEFinnovate,Twitter/X archive,mentioned/retweeted account,,TRUE,,1,0,,,,social signal source; possible person/org account lead,,,,TRUE,list with caveat,raw social signal; not endorsement,Raw account signal from archive. Frequency does not imply quality or endorsement.
P00269,'@kotanipay,Kotani Pay,'@kotanipay,Twitter/X archive,mentioned/retweeted account,,TRUE,,1,0,,,,social signal source; possible person/org account lead,,,,TRUE,list with caveat,raw social signal; not endorsement,Raw account signal from archive. Frequency does not imply quality or endorsement.
P00270,'@SwarthyHatter,Swarthy ( Timo ) Hatter,'@SwarthyHatter,Twitter/X archive,mentioned/retweeted account,,TRUE,TRUE,1,1,,,,social signal source; possible person/org account lead,,,,TRUE,list with caveat,raw social signal; not endorsement,Raw account signal from archive. Frequency does not imply quality or endorsement.
P00271,'@wassimulacrum,wassimulacrum,'@wassimulacrum,Twitter/X archive,mentioned/retweeted account,,TRUE,,1,0,,,,social signal source; possible person/org account lead,,,,TRUE,list with caveat,raw social signal; not endorsement,Raw account signal from archive. Frequency does not imply quality or endorsement.
P00272,'@devtoolsguild,Dev Tools Guild,'@devtoolsguild,Twitter/X archive,mentioned/retweeted account,,TRUE,TRUE,1,1,,,,social signal source; possible person/org account lead,,,,TRUE,list with caveat,raw social signal; not endorsement,Raw account signal from archive. Frequency does not imply quality or endorsement.
P00273,'@EF_ESP,EF Ecosystem Support Program,'@EF_ESP,Twitter/X archive,mentioned/retweeted account,,TRUE,,1,0,,,,social signal source; possible person/org account lead,,,,TRUE,list with caveat,raw social signal; not endorsement,Raw account signal from archive. Frequency does not imply quality or endorsement.
P00274,'@samueldelesque,Sam | 🐑 $TDF 🚀 | 📍 Portugal,'@samueldelesque,Twitter/X archive,mentioned/retweeted account,,TRUE,,1,0,,,,social signal source; possible person/org account lead,,,,TRUE,list with caveat,raw social signal; not endorsement,Raw account signal from archive. Frequency does not imply quality or endorsement.
P00275,'@stellaachenbach,stellaachenbach,'@stellaachenbach,Twitter/X archive,mentioned/retweeted account,,TRUE,TRUE,1,1,,,,social signal source; possible person/org account lead,,,,TRUE,list with caveat,raw social signal; not endorsement,Raw account signal from archive. Frequency does not imply quality or endorsement.
P00276,'@wildp4u,Pau 🏴‍☠️,'@wildp4u,Twitter/X archive,mentioned/retweeted account,,TRUE,TRUE,1,1,,,,social signal source; possible person/org account lead,,,,TRUE,list with caveat,raw social signal; not endorsement,Raw account signal from archive. Frequency does not imply quality or endorsement.
P00277,'@jmonegro,Joel Monegro,'@jmonegro,Twitter/X archive,mentioned/retweeted account,,TRUE,,1,0,,,,social signal source; possible person/org account lead,,,,TRUE,list with caveat,raw social signal; not endorsement,Raw account signal from archive. Frequency does not imply quality or endorsement.
P00278,'@0xShikhar,0xShikhar⚡️,'@0xShikhar,Twitter/X archive,mentioned/retweeted account,,TRUE,TRUE,1,1,,,,social signal source; possible person/org account lead,,,,TRUE,list with caveat,raw social signal; not endorsement,Raw account signal from archive. Frequency does not imply quality or endorsement.
P00279,'@wonderwomancode,Angela Steffens (she/her),'@wonderwomancode,Twitter/X archive,mentioned/retweeted account,,TRUE,TRUE,1,1,,,,social signal source; possible person/org account lead,,,,TRUE,list with caveat,raw social signal; not endorsement,Raw account signal from archive. Frequency does not imply quality or endorsement.
P00280,'@zkMenno,zkMenno 🌱,'@zkMenno,Twitter/X archive,mentioned/retweeted account,,TRUE,TRUE,1,1,,,,social signal source; possible person/org account lead,,,,TRUE,list with caveat,raw social signal; not endorsement,Raw account signal from archive. Frequency does not imply quality or endorsement.
P00281,'@thetreegens,,'@thetreegens,Twitter/X archive,mentioned/retweeted account,,TRUE,TRUE,1,1,,,,social signal source; possible person/org account lead,,,,TRUE,list with caveat,raw social signal; not endorsement,Raw account signal from archive. Frequency does not imply quality or endorsement.
P00282,'@lawmaster,Larry Cermak,'@lawmaster,Twitter/X archive,mentioned/retweeted account,,TRUE,TRUE,1,1,,,,social signal source; possible person/org account lead,,,,TRUE,list with caveat,raw social signal; not endorsement,Raw account signal from archive. Frequency does not imply quality or endorsement.
P00283,'@FrankResearcher,Igor Igamberdiev,'@FrankResearcher,Twitter/X archive,mentioned/retweeted account,,TRUE,,1,0,,,,social signal source; possible person/org account lead,,,,TRUE,list with caveat,raw social signal; not endorsement,Raw account signal from archive. Frequency does not imply quality or endorsement.
P00284,'@BNPParibas,BNP Paribas Group,'@BNPParibas,Twitter/X archive,mentioned/retweeted account,,TRUE,,1,0,,,,social signal source; possible person/org account lead,,,,TRUE,list with caveat,raw social signal; not endorsement,Raw account signal from archive. Frequency does not imply quality or endorsement.
P00285,'@plurality_book,PLURALITY日本語版 公式,'@plurality_book,Twitter/X archive,mentioned/retweeted account,,TRUE,TRUE,1,1,,,,social signal source; possible person/org account lead,,,,TRUE,list with caveat,raw social signal; not endorsement,Raw account signal from archive. Frequency does not imply quality or endorsement.
P00286,'@MesoReefDAO,MesoReef DAO 🌊🪸🐠✨,'@MesoReefDAO,Twitter/X archive,mentioned/retweeted account,,TRUE,TRUE,1,1,,,,social signal source; possible person/org account lead,,,,TRUE,list with caveat,raw social signal; not endorsement,Raw account signal from archive. Frequency does not imply quality or endorsement.
P00287,'@Gary_Weinstein_,Gary Weinstein 🛡,'@Gary_Weinstein_,Twitter/X archive,mentioned/retweeted account,,TRUE,TRUE,1,1,,,,social signal source; possible person/org account lead,,,,TRUE,list with caveat,raw social signal; not endorsement,Raw account signal from archive. Frequency does not imply quality or endorsement.
P00288,'@azeemk,azeem,'@azeemk,Twitter/X archive,mentioned/retweeted account,,TRUE,TRUE,1,1,,,,social signal source; possible person/org account lead,,,,TRUE,list with caveat,raw social signal; not endorsement,Raw account signal from archive. Frequency does not imply quality or endorsement.
P00289,'@GrabowskiDylan,DylanΞGra₿owski,'@GrabowskiDylan,Twitter/X archive,mentioned/retweeted account,,TRUE,TRUE,1,1,,,,social signal source; possible person/org account lead,,,,TRUE,list with caveat,raw social signal; not endorsement,Raw account signal from archive. Frequency does not imply quality or endorsement.
P00290,'@grok,Grok,'@grok,Twitter/X archive,mentioned/retweeted account,,TRUE,,1,0,,,,social signal source; possible person/org account lead,,,,TRUE,list with caveat,raw social signal; not endorsement,Raw account signal from archive. Frequency does not imply quality or endorsement.
P00291,'@ReFiBCN,ReFi Barcelona,'@ReFiBCN,Twitter/X archive,mentioned/retweeted account,,TRUE,TRUE,1,1,,,,social signal source; possible person/org account lead,,,,TRUE,list with caveat,raw social signal; not endorsement,Raw account signal from archive. Frequency does not imply quality or endorsement.
P00292,'@allianceforph,AlliancePublicHealth,'@allianceforph,Twitter/X archive,mentioned/retweeted account,,TRUE,,1,0,,,,social signal source; possible person/org account lead,,,,TRUE,list with caveat,raw social signal; not endorsement,Raw account signal from archive. Frequency does not imply quality or endorsement.
P00293,'@VOSTPT,VOST Portugal,'@VOSTPT,Twitter/X archive,mentioned/retweeted account,,TRUE,,1,0,,,,social signal source; possible person/org account lead,,,,TRUE,list with caveat,raw social signal; not endorsement,Raw account signal from archive. Frequency does not imply quality or endorsement.
P00294,'@NextState_,Next State Official,'@NextState_,Twitter/X archive,mentioned/retweeted account,,TRUE,,1,0,,,,social signal source; possible person/org account lead,,,,TRUE,list with caveat,raw social signal; not endorsement,Raw account signal from archive. Frequency does not imply quality or endorsement.
P00295,'@corcoranwill,Will Corcoran,'@corcoranwill,Twitter/X archive,mentioned/retweeted account,,TRUE,TRUE,1,1,,,,social signal source; possible person/org account lead,,,,TRUE,list with caveat,raw social signal; not endorsement,Raw account signal from archive. Frequency does not imply quality or endorsement.
P00296,'@sonkiski,Sofia | sonki.eth | 🇪🇺 eu/acc,'@sonkiski,Twitter/X archive,mentioned/retweeted account,,TRUE,TRUE,1,1,,,,social signal source; possible person/org account lead,,,,TRUE,list with caveat,raw social signal; not endorsement,Raw account signal from archive. Frequency does not imply quality or endorsement.
P00297,'@EdgeEsmeralda,Edge Esmeralda,'@EdgeEsmeralda,Twitter/X archive,mentioned/retweeted account,,TRUE,,1,0,,,,social signal source; possible person/org account lead,,,,TRUE,list with caveat,raw social signal; not endorsement,Raw account signal from archive. Frequency does not imply quality or endorsement.
P00298,'@ChainforGood,Blockchain for Good Alliance (BGA),'@ChainforGood,Twitter/X archive,mentioned/retweeted account,,TRUE,TRUE,1,1,,,,social signal source; possible person/org account lead,,,,TRUE,list with caveat,raw social signal; not endorsement,Raw account signal from archive. Frequency does not imply quality or endorsement.
P00299,'@OthmanGbad,Othman,'@OthmanGbad,Twitter/X archive,mentioned/retweeted account,,TRUE,TRUE,1,1,,,,social signal source; possible person/org account lead,,,,TRUE,list with caveat,raw social signal; not endorsement,Raw account signal from archive. Frequency does not imply quality or endorsement.
P00300,'@DjimoSerodio,Djimo Serodio 🌳,'@DjimoSerodio,Twitter/X archive,mentioned/retweeted account,,TRUE,,1,0,,,,social signal source; possible person/org account lead,,,,TRUE,list with caveat,raw social signal; not endorsement,Raw account signal from archive. Frequency does not imply quality or endorsement.
P00301,'@michaelpollan,Michael Pollan,'@michaelpollan,Twitter/X archive,mentioned/retweeted account,,TRUE,,1,0,,,,social signal source; possible person/org account lead,,,,TRUE,list with caveat,raw social signal; not endorsement,Raw account signal from archive. Frequency does not imply quality or endorsement.
P00302,'@joshdavislight,joshdavis.eth 🐙,'@joshdavislight,Twitter/X archive,mentioned/retweeted account,,TRUE,TRUE,1,1,,,,social signal source; possible person/org account lead,,,,TRUE,list with caveat,raw social signal; not endorsement,Raw account signal from archive. Frequency does not imply quality or endorsement.
P00303,'@soispoke,soispoke.eth,'@soispoke,Twitter/X archive,mentioned/retweeted account,,TRUE,,1,0,,,,social signal source; possible person/org account lead,,,,TRUE,list with caveat,raw social signal; not endorsement,Raw account signal from archive. Frequency does not imply quality or endorsement.
P00304,'@Steph_Curdy,Steph Curdy,'@Steph_Curdy,Twitter/X archive,mentioned/retweeted account,,TRUE,TRUE,1,1,,,,social signal source; possible person/org account lead,,,,TRUE,list with caveat,raw social signal; not endorsement,Raw account signal from archive. Frequency does not imply quality or endorsement.
P00305,'@heen_ai,bot.heenal.eth,'@heen_ai,Twitter/X archive,mentioned/retweeted account,,TRUE,,1,0,,,,social signal source; possible person/org account lead,,,,TRUE,list with caveat,raw social signal; not endorsement,Raw account signal from archive. Frequency does not imply quality or endorsement.
P00306,'@EthereumDenver,ETHDenver 🏔🦬🦄,'@EthereumDenver,Twitter/X archive,mentioned/retweeted account,,TRUE,,1,0,,,,social signal source; possible person/org account lead,,,,TRUE,list with caveat,raw social signal; not endorsement,Raw account signal from archive. Frequency does not imply quality or endorsement.
P00307,'@HolmesrjRob,Rob,'@HolmesrjRob,Twitter/X archive,mentioned/retweeted account,,TRUE,,1,0,,,,social signal source; possible person/org account lead,,,,TRUE,list with caveat,raw social signal; not endorsement,Raw account signal from archive. Frequency does not imply quality or endorsement.
P00308,'@0xy_moron,Alex 🌍,'@0xy_moron,Twitter/X archive,mentioned/retweeted account,,TRUE,TRUE,1,1,,,,social signal source; possible person/org account lead,,,,TRUE,list with caveat,raw social signal; not endorsement,Raw account signal from archive. Frequency does not imply quality or endorsement.
P00309,'@zerolendxyz,ZeroLend,'@zerolendxyz,Twitter/X archive,mentioned/retweeted account,,TRUE,,1,0,,,,social signal source; possible person/org account lead,,,,TRUE,list with caveat,raw social signal; not endorsement,Raw account signal from archive. Frequency does not imply quality or endorsement.
P00310,'@eas_eth,EAS (Ethereum Attestation Service),'@eas_eth,Twitter/X archive,mentioned/retweeted account,,TRUE,TRUE,1,1,,,,social signal source; possible person/org account lead,,,,TRUE,list with caveat,raw social signal; not endorsement,Raw account signal from archive. Frequency does not imply quality or endorsement.
P00311,'@SacredProtocol,Sacred Protocol,'@SacredProtocol,Twitter/X archive,mentioned/retweeted account,,TRUE,TRUE,1,1,,,,social signal source; possible person/org account lead,,,,TRUE,list with caveat,raw social signal; not endorsement,Raw account signal from archive. Frequency does not imply quality or endorsement.
P00312,'@MBugajEth,Marcin Bugaj,'@MBugajEth,Twitter/X archive,mentioned/retweeted account,,TRUE,TRUE,1,1,,,,social signal source; possible person/org account lead,,,,TRUE,list with caveat,raw social signal; not endorsement,Raw account signal from archive. Frequency does not imply quality or endorsement.
P00313,'@iamsvenh,Sven Hermann,'@iamsvenh,Twitter/X archive,mentioned/retweeted account,,TRUE,TRUE,1,1,,,,social signal source; possible person/org account lead,,,,TRUE,list with caveat,raw social signal; not endorsement,Raw account signal from archive. Frequency does not imply quality or endorsement.
P00314,'@francescoswiss,Francesco Andreoli ᵍᵐ,'@francescoswiss,Twitter/X archive,mentioned/retweeted account,,TRUE,TRUE,1,1,,,,social signal source; possible person/org account lead,,,,TRUE,list with caveat,raw social signal; not endorsement,Raw account signal from archive. Frequency does not imply quality or endorsement.
P00315,'@tkstanczak,Tomasz K. Stańczak,'@tkstanczak,Twitter/X archive,mentioned/retweeted account,,TRUE,,1,0,,,,social signal source; possible person/org account lead,,,,TRUE,list with caveat,raw social signal; not endorsement,Raw account signal from archive. Frequency does not imply quality or endorsement.
P00316,'@LearningImpact,1EdTech,'@LearningImpact,Twitter/X archive,mentioned/retweeted account,,TRUE,,1,0,,,,social signal source; possible person/org account lead,,,,TRUE,list with caveat,raw social signal; not endorsement,Raw account signal from archive. Frequency does not imply quality or endorsement.
P00317,'@dannyryan,dannyryan,'@dannyryan,Twitter/X archive,mentioned/retweeted account,,TRUE,,1,0,,,,social signal source; possible person/org account lead,,,,TRUE,list with caveat,raw social signal; not endorsement,Raw account signal from archive. Frequency does not imply quality or endorsement.
P00318,'@thegaiantimes,The Gaian Times,'@thegaiantimes,Twitter/X archive,mentioned/retweeted account,,TRUE,TRUE,1,1,,,,social signal source; possible person/org account lead,,,,TRUE,list with caveat,raw social signal; not endorsement,Raw account signal from archive. Frequency does not imply quality or endorsement.
P00319,'@urbeEth,urbe.eth 🐺,'@urbeEth,Twitter/X archive,mentioned/retweeted account,,TRUE,,1,0,,,,social signal source; possible person/org account lead,,,,TRUE,list with caveat,raw social signal; not endorsement,Raw account signal from archive. Frequency does not imply quality or endorsement.
P00320,'@MarceloReFi,Mar.celo.eth,'@MarceloReFi,Twitter/X archive,mentioned/retweeted account,,TRUE,TRUE,1,1,,,,social signal source; possible person/org account lead,,,,TRUE,list with caveat,raw social signal; not endorsement,Raw account signal from archive. Frequency does not imply quality or endorsement.
P00321,'@GraceRachmany,GraceDAO,'@GraceRachmany,Twitter/X archive,mentioned/retweeted account,,TRUE,TRUE,1,1,,,,social signal source; possible person/org account lead,,,,TRUE,list with caveat,raw social signal; not endorsement,Raw account signal from archive. Frequency does not imply quality or endorsement.
P00322,'@by_caballero,bumblefudge dot com is OVER this shithole,'@by_caballero,Twitter/X archive,mentioned/retweeted account,,TRUE,,1,0,,,,social signal source; possible person/org account lead,,,,TRUE,list with caveat,raw social signal; not endorsement,Raw account signal from archive. Frequency does not imply quality or endorsement.
P00323,'@AnthropicAI,Anthropic,'@AnthropicAI,Twitter/X archive,mentioned/retweeted account,,TRUE,,1,0,,,,social signal source; possible person/org account lead,,,,TRUE,list with caveat,raw social signal; not endorsement,Raw account signal from archive. Frequency does not imply quality or endorsement.
P00324,'@simile_ai,Simile,'@simile_ai,Twitter/X archive,mentioned/retweeted account,,TRUE,TRUE,1,1,,,,social signal source; possible person/org account lead,,,,TRUE,list with caveat,raw social signal; not endorsement,Raw account signal from archive. Frequency does not imply quality or endorsement.
P00325,'@oskarth,oskarth,'@oskarth,Twitter/X archive,mentioned/retweeted account,,TRUE,,1,0,,,,social signal source; possible person/org account lead,,,,TRUE,list with caveat,raw social signal; not endorsement,Raw account signal from archive. Frequency does not imply quality or endorsement.
P00326,'@0xSofiverse,sofiverse,'@0xSofiverse,Twitter/X archive,mentioned/retweeted account,,TRUE,TRUE,1,1,,,,social signal source; possible person/org account lead,,,,TRUE,list with caveat,raw social signal; not endorsement,Raw account signal from archive. Frequency does not imply quality or endorsement.
P00327,'@evrimtan,Evrim Tan,'@evrimtan,Twitter/X archive,mentioned/retweeted account,,TRUE,,1,0,,,,social signal source; possible person/org account lead,,,,TRUE,list with caveat,raw social signal; not endorsement,Raw account signal from archive. Frequency does not imply quality or endorsement.
P00328,'@HumbertoBesso,HBesso31.eth 🇲🇽,'@HumbertoBesso,Twitter/X archive,mentioned/retweeted account,,TRUE,,1,0,,,,social signal source; possible person/org account lead,,,,TRUE,list with caveat,raw social signal; not endorsement,Raw account signal from archive. Frequency does not imply quality or endorsement.
P00329,'@Khovr,Dmitry Khovratovich,'@Khovr,Twitter/X archive,mentioned/retweeted account,,TRUE,TRUE,1,1,,,,social signal source; possible person/org account lead,,,,TRUE,list with caveat,raw social signal; not endorsement,Raw account signal from archive. Frequency does not imply quality or endorsement.
P00330,'@_SEAL_Org,Security Alliance,'@_SEAL_Org,Twitter/X archive,mentioned/retweeted account,,TRUE,,1,0,,,,social signal source; possible person/org account lead,,,,TRUE,list with caveat,raw social signal; not endorsement,Raw account signal from archive. Frequency does not imply quality or endorsement.
P00331,'@art_tem_,artem 🇺🇦,'@art_tem_,Twitter/X archive,mentioned/retweeted account,,TRUE,TRUE,1,1,,,,social signal source; possible person/org account lead,,,,TRUE,list with caveat,raw social signal; not endorsement,Raw account signal from archive. Frequency does not imply quality or endorsement.
P00332,'@VRSS,glocal VR,'@VRSS,Twitter/X archive,mentioned/retweeted account,,TRUE,TRUE,1,1,,,,social signal source; possible person/org account lead,,,,TRUE,list with caveat,raw social signal; not endorsement,Raw account signal from archive. Frequency does not imply quality or endorsement.
P00333,'@OpenCivics,OpenCivics,'@OpenCivics,Twitter/X archive,mentioned/retweeted account,,TRUE,TRUE,1,1,,,,social signal source; possible person/org account lead,,,,TRUE,list with caveat,raw social signal; not endorsement,Raw account signal from archive. Frequency does not imply quality or endorsement.
P00334,'@uzh_blockchain,UZH Blockchain Center,'@uzh_blockchain,Twitter/X archive,mentioned/retweeted account,,TRUE,TRUE,1,1,,,,social signal source; possible person/org account lead,,,,TRUE,list with caveat,raw social signal; not endorsement,Raw account signal from archive. Frequency does not imply quality or endorsement.
P00335,'@0xj4an,0xj4an.celo.eth #Medellín 📍Medallo ⛰️,'@0xj4an,Twitter/X archive,mentioned/retweeted account,,TRUE,TRUE,1,1,,,,social signal source; possible person/org account lead,,,,TRUE,list with caveat,raw social signal; not endorsement,Raw account signal from archive. Frequency does not imply quality or endorsement.
P00336,'@matthew_d_green,Matthew Green,'@matthew_d_green,Twitter/X archive,mentioned/retweeted account,,TRUE,,1,0,,,,social signal source; possible person/org account lead,,,,TRUE,list with caveat,raw social signal; not endorsement,Raw account signal from archive. Frequency does not imply quality or endorsement.
P00337,'@shape,Shape,'@shape,Twitter/X archive,mentioned/retweeted account,,TRUE,TRUE,1,1,,,,social signal source; possible person/org account lead,,,,TRUE,list with caveat,raw social signal; not endorsement,Raw account signal from archive. Frequency does not imply quality or endorsement.
P00338,'@Bancor,Bancor,'@Bancor,Twitter/X archive,mentioned/retweeted account,,TRUE,TRUE,1,1,,,,social signal source; possible person/org account lead,,,,TRUE,list with caveat,raw social signal; not endorsement,Raw account signal from archive. Frequency does not imply quality or endorsement.
P00339,'@JoDemocracy,Journal of Democracy,'@JoDemocracy,Twitter/X archive,mentioned/retweeted account,,TRUE,TRUE,1,1,,,,social signal source; possible person/org account lead,,,,TRUE,list with caveat,raw social signal; not endorsement,Raw account signal from archive. Frequency does not imply quality or endorsement.
P00340,'@moltbook,moltbook,'@moltbook,Twitter/X archive,mentioned/retweeted account,,TRUE,,1,0,,,,social signal source; possible person/org account lead,,,,TRUE,list with caveat,raw social signal; not endorsement,Raw account signal from archive. Frequency does not imply quality or endorsement.
P00341,'@CeLatamOrg,CeLatam 🧩,'@CeLatamOrg,Twitter/X archive,mentioned/retweeted account,,TRUE,,1,0,,,,social signal source; possible person/org account lead,,,,TRUE,list with caveat,raw social signal; not endorsement,Raw account signal from archive. Frequency does not imply quality or endorsement.
P00342,'@Trigs_0,Trigs,'@Trigs_0,Twitter/X archive,mentioned/retweeted account,,TRUE,,1,0,,,,social signal source; possible person/org account lead,,,,TRUE,list with caveat,raw social signal; not endorsement,Raw account signal from archive. Frequency does not imply quality or endorsement.
P00343,'@DigitalAssets,Fidelity Digital Assets,'@DigitalAssets,Twitter/X archive,mentioned/retweeted account,,TRUE,,1,0,,,,social signal source; possible person/org account lead,,,,TRUE,list with caveat,raw social signal; not endorsement,Raw account signal from archive. Frequency does not imply quality or endorsement.
P00344,'@Nikopolos,Andrey Sergeenkov,'@Nikopolos,Twitter/X archive,mentioned/retweeted account,,TRUE,,1,0,,,,social signal source; possible person/org account lead,,,,TRUE,list with caveat,raw social signal; not endorsement,Raw account signal from archive. Frequency does not imply quality or endorsement.
P00345,'@unhappyben,ben.peer,'@unhappyben,Twitter/X archive,mentioned/retweeted account,,TRUE,TRUE,1,1,,,,social signal source; possible person/org account lead,,,,TRUE,list with caveat,raw social signal; not endorsement,Raw account signal from archive. Frequency does not imply quality or endorsement.
P00346,'@UNDP_AltFinLab,UNDP AltFinLab,'@UNDP_AltFinLab,Twitter/X archive,mentioned/retweeted account,,TRUE,TRUE,1,1,,,,social signal source; possible person/org account lead,,,,TRUE,list with caveat,raw social signal; not endorsement,Raw account signal from archive. Frequency does not imply quality or endorsement.
P00347,'@g0vtw,g0v.tw | 台灣零時政府,'@g0vtw,Twitter/X archive,mentioned/retweeted account,,TRUE,,1,0,,,,social signal source; possible person/org account lead,,,,TRUE,list with caveat,raw social signal; not endorsement,Raw account signal from archive. Frequency does not imply quality or endorsement.
P00348,'@rish_neynar,rish,'@rish_neynar,Twitter/X archive,mentioned/retweeted account,,TRUE,TRUE,1,1,,,,social signal source; possible person/org account lead,,,,TRUE,list with caveat,raw social signal; not endorsement,Raw account signal from archive. Frequency does not imply quality or endorsement.
P00349,'@CognitiveLbty,Cognitive Liberty,'@CognitiveLbty,Twitter/X archive,mentioned/retweeted account,,TRUE,,1,0,,,,social signal source; possible person/org account lead,,,,TRUE,list with caveat,raw social signal; not endorsement,Raw account signal from archive. Frequency does not imply quality or endorsement.
P00350,'@revnet,Cole B.,'@revnet,Twitter/X archive,mentioned/retweeted account,,TRUE,,1,0,,,,social signal source; possible person/org account lead,,,,TRUE,list with caveat,raw social signal; not endorsement,Raw account signal from archive. Frequency does not imply quality or endorsement.
P00351,'@samjvuong,Sam Vuong,'@samjvuong,Twitter/X archive,mentioned/retweeted account,,TRUE,TRUE,1,1,,,,social signal source; possible person/org account lead,,,,TRUE,list with caveat,raw social signal; not endorsement,Raw account signal from archive. Frequency does not imply quality or endorsement.
P00352,'@ReFiLagos01,ReFi Lagos 🌴,'@ReFiLagos01,Twitter/X archive,mentioned/retweeted account,,TRUE,,1,0,,,,social signal source; possible person/org account lead,,,,TRUE,list with caveat,raw social signal; not endorsement,Raw account signal from archive. Frequency does not imply quality or endorsement.
P00353,'@GreenPillKPG,GreenPill Phangan,'@GreenPillKPG,Twitter/X archive,mentioned/retweeted account,,TRUE,,1,0,,,,social signal source; possible person/org account lead,,,,TRUE,list with caveat,raw social signal; not endorsement,Raw account signal from archive. Frequency does not imply quality or endorsement.
P00354,'@GreenpillKenya,Greenpill Kenya,'@GreenpillKenya,Twitter/X archive,mentioned/retweeted account,,TRUE,,1,0,,,,social signal source; possible person/org account lead,,,,TRUE,list with caveat,raw social signal; not endorsement,Raw account signal from archive. Frequency does not imply quality or endorsement.
P00355,'@greenpillciv,Green Pill Cote d'ivoire,'@greenpillciv,Twitter/X archive,mentioned/retweeted account,,TRUE,,1,0,,,,social signal source; possible person/org account lead,,,,TRUE,list with caveat,raw social signal; not endorsement,Raw account signal from archive. Frequency does not imply quality or endorsement.
P00356,'@ReFiMedellin,"ReFi Medellín (🌳, 🌱)",'@ReFiMedellin,Twitter/X archive,mentioned/retweeted account,,TRUE,,1,0,,,,social signal source; possible person/org account lead,,,,TRUE,list with caveat,raw social signal; not endorsement,Raw account signal from archive. Frequency does not imply quality or endorsement.
P00357,'@GreenPillTO,GreenPill- TO,'@GreenPillTO,Twitter/X archive,mentioned/retweeted account,,TRUE,,1,0,,,,social signal source; possible person/org account lead,,,,TRUE,list with caveat,raw social signal; not endorsement,Raw account signal from archive. Frequency does not imply quality or endorsement.
P00358,'@NYSE,NYSE 🏛,'@NYSE,Twitter/X archive,mentioned/retweeted account,,TRUE,,1,0,,,,social signal source; possible person/org account lead,,,,TRUE,list with caveat,raw social signal; not endorsement,Raw account signal from archive. Frequency does not imply quality or endorsement.
P00359,'@neynarxyz,Neynar,'@neynarxyz,Twitter/X archive,mentioned/retweeted account,,TRUE,,1,0,,,,social signal source; possible person/org account lead,,,,TRUE,list with caveat,raw social signal; not endorsement,Raw account signal from archive. Frequency does not imply quality or endorsement.
P00360,'@farcaster_xyz,Farcaster,'@farcaster_xyz,Twitter/X archive,mentioned/retweeted account,,TRUE,,1,0,,,,social signal source; possible person/org account lead,,,,TRUE,list with caveat,raw social signal; not endorsement,Raw account signal from archive. Frequency does not imply quality or endorsement.
P00361,'@adietrichs,ansgar.eth,'@adietrichs,Twitter/X archive,mentioned/retweeted account,,TRUE,,1,0,,,,social signal source; possible person/org account lead,,,,TRUE,list with caveat,raw social signal; not endorsement,Raw account signal from archive. Frequency does not imply quality or endorsement.
P00362,'@MBRichardson87,Mark Richardson,'@MBRichardson87,Twitter/X archive,mentioned/retweeted account,,TRUE,TRUE,1,1,,,,social signal source; possible person/org account lead,,,,TRUE,list with caveat,raw social signal; not endorsement,Raw account signal from archive. Frequency does not imply quality or endorsement.
P00363,'@zarinahagnew,Zarinah Agnew,'@zarinahagnew,Twitter/X archive,mentioned/retweeted account,,TRUE,TRUE,1,1,,,,social signal source; possible person/org account lead,,,,TRUE,list with caveat,raw social signal; not endorsement,Raw account signal from archive. Frequency does not imply quality or endorsement.
P00364,'@rithikxa_,rithikha,'@rithikxa_,Twitter/X archive,mentioned/retweeted account,,TRUE,TRUE,1,1,,,,social signal source; possible person/org account lead,,,,TRUE,list with caveat,raw social signal; not endorsement,Raw account signal from archive. Frequency does not imply quality or endorsement.
P00365,'@Corpetty,Corey Petty,'@Corpetty,Twitter/X archive,mentioned/retweeted account,,TRUE,TRUE,1,1,,,,social signal source; possible person/org account lead,,,,TRUE,list with caveat,raw social signal; not endorsement,Raw account signal from archive. Frequency does not imply quality or endorsement.
P00366,'@MCooperResearch,Michael Cooper,'@MCooperResearch,Twitter/X archive,mentioned/retweeted account,,TRUE,,1,0,,,,social signal source; possible person/org account lead,,,,TRUE,list with caveat,raw social signal; not endorsement,Raw account signal from archive. Frequency does not imply quality or endorsement.
P00367,'@rashmivabbigeri,Rashmi Abbigeri,'@rashmivabbigeri,Twitter/X archive,mentioned/retweeted account,,TRUE,,1,0,,,,social signal source; possible person/org account lead,,,,TRUE,list with caveat,raw social signal; not endorsement,Raw account signal from archive. Frequency does not imply quality or endorsement.
P00368,'@keikreutler,Kei,'@keikreutler,Twitter/X archive,mentioned/retweeted account,,TRUE,TRUE,1,1,,,,social signal source; possible person/org account lead,,,,TRUE,list with caveat,raw social signal; not endorsement,Raw account signal from archive. Frequency does not imply quality or endorsement.
P00369,'@karmaticacid,Lauren Luz,'@karmaticacid,Twitter/X archive,mentioned/retweeted account,,TRUE,TRUE,1,1,,,,social signal source; possible person/org account lead,,,,TRUE,list with caveat,raw social signal; not endorsement,Raw account signal from archive. Frequency does not imply quality or endorsement.
P00370,'@devlewis18,Dev Lewis,'@devlewis18,Twitter/X archive,mentioned/retweeted account,,TRUE,,1,0,,,,social signal source; possible person/org account lead,,,,TRUE,list with caveat,raw social signal; not endorsement,Raw account signal from archive. Frequency does not imply quality or endorsement.
P00371,'@sayan6250,Sayan,'@sayan6250,Twitter/X archive,mentioned/retweeted account,,TRUE,TRUE,1,1,,,,social signal source; possible person/org account lead,,,,TRUE,list with caveat,raw social signal; not endorsement,Raw account signal from archive. Frequency does not imply quality or endorsement.
P00372,'@paulofonseca,Paulo Fonseca,'@paulofonseca,Twitter/X archive,mentioned/retweeted account,,TRUE,TRUE,1,1,,,,social signal source; possible person/org account lead,,,,TRUE,list with caveat,raw social signal; not endorsement,Raw account signal from archive. Frequency does not imply quality or endorsement.
P00373,'@mathildawrites,MathildaDV.Ξth (🍄;🌙),'@mathildawrites,Twitter/X archive,mentioned/retweeted account,,TRUE,,1,0,,,,social signal source; possible person/org account lead,,,,TRUE,list with caveat,raw social signal; not endorsement,Raw account signal from archive. Frequency does not imply quality or endorsement.
P00374,'@ignaciohagopian,Ignacio Hagopian,'@ignaciohagopian,Twitter/X archive,mentioned/retweeted account,,TRUE,TRUE,1,1,,,,social signal source; possible person/org account lead,,,,TRUE,list with caveat,raw social signal; not endorsement,Raw account signal from archive. Frequency does not imply quality or endorsement.
P00375,'@saintniko,niko,'@saintniko,Twitter/X archive,mentioned/retweeted account,,TRUE,TRUE,1,1,,,,social signal source; possible person/org account lead,,,,TRUE,list with caveat,raw social signal; not endorsement,Raw account signal from archive. Frequency does not imply quality or endorsement.
P00376,'@SelfProtocol,,'@SelfProtocol,Twitter/X archive,mentioned/retweeted account,,TRUE,TRUE,1,1,,,,social signal source; possible person/org account lead,,,,TRUE,list with caveat,raw social signal; not endorsement,Raw account signal from archive. Frequency does not imply quality or endorsement.
P00377,'@soubhik_deb,Soubhik Deb,'@soubhik_deb,Twitter/X archive,mentioned/retweeted account,,TRUE,TRUE,1,1,,,,social signal source; possible person/org account lead,,,,TRUE,list with caveat,raw social signal; not endorsement,Raw account signal from archive. Frequency does not imply quality or endorsement.
P00378,'@kartik1507,Kartik Nayak,'@kartik1507,Twitter/X archive,mentioned/retweeted account,,TRUE,,1,0,,,,social signal source; possible person/org account lead,,,,TRUE,list with caveat,raw social signal; not endorsement,Raw account signal from archive. Frequency does not imply quality or endorsement.
P00379,'@ittaia,Ittai Abraham,'@ittaia,Twitter/X archive,mentioned/retweeted account,,TRUE,,1,0,,,,social signal source; possible person/org account lead,,,,TRUE,list with caveat,raw social signal; not endorsement,Raw account signal from archive. Frequency does not imply quality or endorsement.
P00380,'@jessepollak,jesse.base.eth,'@jessepollak,Twitter/X archive,mentioned/retweeted account,,TRUE,,1,0,,,,social signal source; possible person/org account lead,,,,TRUE,list with caveat,raw social signal; not endorsement,Raw account signal from archive. Frequency does not imply quality or endorsement.
P00381,'@a16zcrypto,a16z crypto,'@a16zcrypto,Twitter/X archive,mentioned/retweeted account,,TRUE,TRUE,1,1,,,,social signal source; possible person/org account lead,,,,TRUE,list with caveat,raw social signal; not endorsement,Raw account signal from archive. Frequency does not imply quality or endorsement.
P00382,'@federicoast,Federico Ast,'@federicoast,Twitter/X archive,mentioned/retweeted account,,TRUE,TRUE,1,1,,,,social signal source; possible person/org account lead,,,,TRUE,list with caveat,raw social signal; not endorsement,Raw account signal from archive. Frequency does not imply quality or endorsement.
P00383,'@SEEDGov,SEED Gov,'@SEEDGov,Twitter/X archive,mentioned/retweeted account,,TRUE,TRUE,1,1,,,,social signal source; possible person/org account lead,,,,TRUE,list with caveat,raw social signal; not endorsement,Raw account signal from archive. Frequency does not imply quality or endorsement.
P00384,'@creptosolutions,Crypto Solutions 🕊️,'@creptosolutions,Twitter/X archive,mentioned/retweeted account,,TRUE,TRUE,1,1,,,,social signal source; possible person/org account lead,,,,TRUE,list with caveat,raw social signal; not endorsement,Raw account signal from archive. Frequency does not imply quality or endorsement.
P00385,'@wAliceChen,Alice,'@wAliceChen,Twitter/X archive,mentioned/retweeted account,,TRUE,TRUE,1,1,,,,social signal source; possible person/org account lead,,,,TRUE,list with caveat,raw social signal; not endorsement,Raw account signal from archive. Frequency does not imply quality or endorsement.
P00386,'@ScottExplores29,scottexplores.base.eth,'@ScottExplores29,Twitter/X archive,mentioned/retweeted account,,TRUE,TRUE,1,1,,,,social signal source; possible person/org account lead,,,,TRUE,list with caveat,raw social signal; not endorsement,Raw account signal from archive. Frequency does not imply quality or endorsement.
P00387,'@ResearchHub,ResearchHub,'@ResearchHub,Twitter/X archive,mentioned/retweeted account,,TRUE,,1,0,,,,social signal source; possible person/org account lead,,,,TRUE,list with caveat,raw social signal; not endorsement,Raw account signal from archive. Frequency does not imply quality or endorsement.
P00388,'@ashebytes,ashe,'@ashebytes,Twitter/X archive,mentioned/retweeted account,,TRUE,TRUE,1,1,,,,social signal source; possible person/org account lead,,,,TRUE,list with caveat,raw social signal; not endorsement,Raw account signal from archive. Frequency does not imply quality or endorsement.
P00389,'@tom_doerr,Tom Dörr,'@tom_doerr,Twitter/X archive,mentioned/retweeted account,,TRUE,TRUE,1,1,,,,social signal source; possible person/org account lead,,,,TRUE,list with caveat,raw social signal; not endorsement,Raw account signal from archive. Frequency does not imply quality or endorsement.
P00390,'@jarradhope_,Jarrad Hope λ,'@jarradhope_,Twitter/X archive,mentioned/retweeted account,,TRUE,,1,0,,,,social signal source; possible person/org account lead,,,,TRUE,list with caveat,raw social signal; not endorsement,Raw account signal from archive. Frequency does not imply quality or endorsement.
P00391,'@howdymerry,howdymary,'@howdymerry,Twitter/X archive,mentioned/retweeted account,,TRUE,TRUE,1,1,,,,social signal source; possible person/org account lead,,,,TRUE,list with caveat,raw social signal; not endorsement,Raw account signal from archive. Frequency does not imply quality or endorsement.
P00392,'@WorldOfMercek,Mercek,'@WorldOfMercek,Twitter/X archive,mentioned/retweeted account,,TRUE,TRUE,1,1,,,,social signal source; possible person/org account lead,,,,TRUE,list with caveat,raw social signal; not endorsement,Raw account signal from archive. Frequency does not imply quality or endorsement.
P00393,'@VittoStack,Vitto Rivabella,'@VittoStack,Twitter/X archive,mentioned/retweeted account,,TRUE,TRUE,1,1,,,,social signal source; possible person/org account lead,,,,TRUE,list with caveat,raw social signal; not endorsement,Raw account signal from archive. Frequency does not imply quality or endorsement.
P00394,'@pcaversaccio,sudo rm -rf --no-preserve-root /,'@pcaversaccio,Twitter/X archive,mentioned/retweeted account,,TRUE,TRUE,1,1,,,,social signal source; possible person/org account lead,,,,TRUE,list with caveat,raw social signal; not endorsement,Raw account signal from archive. Frequency does not imply quality or endorsement.
P00395,'@donvito,Melvin Vivas,'@donvito,Twitter/X archive,mentioned/retweeted account,,TRUE,TRUE,1,1,,,,social signal source; possible person/org account lead,,,,TRUE,list with caveat,raw social signal; not endorsement,Raw account signal from archive. Frequency does not imply quality or endorsement.
P00396,'@us_trappists,Trappist USA,'@us_trappists,Twitter/X archive,mentioned/retweeted account,,TRUE,,1,0,,,,social signal source; possible person/org account lead,,,,TRUE,list with caveat,raw social signal; not endorsement,Raw account signal from archive. Frequency does not imply quality or endorsement.
P00397,'@divine_comedian,Mitch - divinecomedian.eth,'@divine_comedian,Twitter/X archive,mentioned/retweeted account,,TRUE,TRUE,1,1,,,,social signal source; possible person/org account lead,,,,TRUE,list with caveat,raw social signal; not endorsement,Raw account signal from archive. Frequency does not imply quality or endorsement.
P00398,'@geodelabs,Geode Labs,'@geodelabs,Twitter/X archive,mentioned/retweeted account,,TRUE,TRUE,1,1,,,,social signal source; possible person/org account lead,,,,TRUE,list with caveat,raw social signal; not endorsement,Raw account signal from archive. Frequency does not imply quality or endorsement.
P00399,'@NyxFoundation,Nyx Foundation,'@NyxFoundation,Twitter/X archive,mentioned/retweeted account,,TRUE,,1,0,,,,social signal source; possible person/org account lead,,,,TRUE,list with caveat,raw social signal; not endorsement,Raw account signal from archive. Frequency does not imply quality or endorsement.
P00400,'@BitRobotNetwork,BitRobot Network,'@BitRobotNetwork,Twitter/X archive,mentioned/retweeted account,,TRUE,TRUE,1,1,,,,social signal source; possible person/org account lead,,,,TRUE,list with caveat,raw social signal; not endorsement,Raw account signal from archive. Frequency does not imply quality or endorsement.
P00401,'@BKelleher123,Brian Kelleher,'@BKelleher123,Twitter/X archive,mentioned/retweeted account,,TRUE,,1,0,,,,social signal source; possible person/org account lead,,,,TRUE,list with caveat,raw social signal; not endorsement,Raw account signal from archive. Frequency does not imply quality or endorsement.
P00402,'@ErikVoorhees,Erik Voorhees,'@ErikVoorhees,Twitter/X archive,mentioned/retweeted account,,TRUE,TRUE,1,1,,,,social signal source; possible person/org account lead,,,,TRUE,list with caveat,raw social signal; not endorsement,Raw account signal from archive. Frequency does not imply quality or endorsement.
P00403,'@austingriffith,Austin Griffith,'@austingriffith,Twitter/X archive,mentioned/retweeted account,,TRUE,TRUE,1,1,,,,social signal source; possible person/org account lead,,,,TRUE,list with caveat,raw social signal; not endorsement,Raw account signal from archive. Frequency does not imply quality or endorsement.
P00404,'@omarsar0,elvis,'@omarsar0,Twitter/X archive,mentioned/retweeted account,,TRUE,TRUE,1,1,,,,social signal source; possible person/org account lead,,,,TRUE,list with caveat,raw social signal; not endorsement,Raw account signal from archive. Frequency does not imply quality or endorsement.
P00405,'@web3foxcn,飞狐,'@web3foxcn,Twitter/X archive,mentioned/retweeted account,,TRUE,,1,0,,,,social signal source; possible person/org account lead,,,,TRUE,list with caveat,raw social signal; not endorsement,Raw account signal from archive. Frequency does not imply quality or endorsement.
P00406,'@P2P_Foundation,P2P Foundation,'@P2P_Foundation,Twitter/X archive,mentioned/retweeted account,,TRUE,,1,0,,,,social signal source; possible person/org account lead,,,,TRUE,list with caveat,raw social signal; not endorsement,Raw account signal from archive. Frequency does not imply quality or endorsement.
P00407,'@GCCofCommons,gccofficial,'@GCCofCommons,Twitter/X archive,mentioned/retweeted account,,TRUE,,1,0,,,,social signal source; possible person/org account lead,,,,TRUE,list with caveat,raw social signal; not endorsement,Raw account signal from archive. Frequency does not imply quality or endorsement.
P00408,'@DeFiDave22,,'@DeFiDave22,Twitter/X archive,mentioned/retweeted account,,TRUE,TRUE,1,1,,,,social signal source; possible person/org account lead,,,,TRUE,list with caveat,raw social signal; not endorsement,Raw account signal from archive. Frequency does not imply quality or endorsement.
P00409,'@justcobuild,cobuild,'@justcobuild,Twitter/X archive,mentioned/retweeted account,,TRUE,TRUE,1,1,,,,social signal source; possible person/org account lead,,,,TRUE,list with caveat,raw social signal; not endorsement,Raw account signal from archive. Frequency does not imply quality or endorsement.
P00410,'@JustJake,Jake,'@JustJake,Twitter/X archive,mentioned/retweeted account,,TRUE,TRUE,1,1,,,,social signal source; possible person/org account lead,,,,TRUE,list with caveat,raw social signal; not endorsement,Raw account signal from archive. Frequency does not imply quality or endorsement.
P00411,'@juanfranblanco,Juan Blanco ☀️☀️🍞🍞🦇🔊,'@juanfranblanco,Twitter/X archive,mentioned/retweeted account,,TRUE,,1,0,,,,social signal source; possible person/org account lead,,,,TRUE,list with caveat,raw social signal; not endorsement,Raw account signal from archive. Frequency does not imply quality or endorsement.
P00412,'@aaronjmars,'@aaronjmars,'@aaronjmars,Twitter/X archive,mentioned/retweeted account,,TRUE,TRUE,1,1,,,,social signal source; possible person/org account lead,,,,TRUE,list with caveat,raw social signal; not endorsement,Raw account signal from archive. Frequency does not imply quality or endorsement.
P00413,'@bcherny,Boris Cherny,'@bcherny,Twitter/X archive,mentioned/retweeted account,,TRUE,TRUE,1,1,,,,social signal source; possible person/org account lead,,,,TRUE,list with caveat,raw social signal; not endorsement,Raw account signal from archive. Frequency does not imply quality or endorsement.
P00414,'@linyao01,Leo Lin,'@linyao01,Twitter/X archive,mentioned/retweeted account,,TRUE,TRUE,1,1,,,,social signal source; possible person/org account lead,,,,TRUE,list with caveat,raw social signal; not endorsement,Raw account signal from archive. Frequency does not imply quality or endorsement.
P00415,'@TwelveMeatballs,Twelve Meatballs,'@TwelveMeatballs,Twitter/X archive,mentioned/retweeted account,,TRUE,TRUE,1,1,,,,social signal source; possible person/org account lead,,,,TRUE,list with caveat,raw social signal; not endorsement,Raw account signal from archive. Frequency does not imply quality or endorsement.
P00416,'@ameensol,Ameen Soleimani,'@ameensol,Twitter/X archive,mentioned/retweeted account,,TRUE,,1,0,,,,social signal source; possible person/org account lead,,,,TRUE,list with caveat,raw social signal; not endorsement,Raw account signal from archive. Frequency does not imply quality or endorsement.
P00417,'@Aura_Sci,AuraSci,'@Aura_Sci,Twitter/X archive,mentioned/retweeted account,,TRUE,TRUE,1,1,,,,social signal source; possible person/org account lead,,,,TRUE,list with caveat,raw social signal; not endorsement,Raw account signal from archive. Frequency does not imply quality or endorsement.
P00418,'@theshelb_,shelby,'@theshelb_,Twitter/X archive,mentioned/retweeted account,,TRUE,TRUE,1,1,,,,social signal source; possible person/org account lead,,,,TRUE,list with caveat,raw social signal; not endorsement,Raw account signal from archive. Frequency does not imply quality or endorsement.
P00419,'@SuhailKakar,Suhail Kakar,'@SuhailKakar,Twitter/X archive,mentioned/retweeted account,,TRUE,TRUE,1,1,,,,social signal source; possible person/org account lead,,,,TRUE,list with caveat,raw social signal; not endorsement,Raw account signal from archive. Frequency does not imply quality or endorsement.
P00420,'@guiribabrb,,'@guiribabrb,Twitter/X archive,mentioned/retweeted account,,TRUE,TRUE,1,1,,,,social signal source; possible person/org account lead,,,,TRUE,list with caveat,raw social signal; not endorsement,Raw account signal from archive. Frequency does not imply quality or endorsement.
P00421,'@cryptopunks,CryptoPunks,'@cryptopunks,Twitter/X archive,mentioned/retweeted account,,TRUE,,1,0,,,,social signal source; possible person/org account lead,,,,TRUE,list with caveat,raw social signal; not endorsement,Raw account signal from archive. Frequency does not imply quality or endorsement.
P00422,'@nounsdao,Nouns.eth,'@nounsdao,Twitter/X archive,mentioned/retweeted account,,TRUE,,1,0,,,,social signal source; possible person/org account lead,,,,TRUE,list with caveat,raw social signal; not endorsement,Raw account signal from archive. Frequency does not imply quality or endorsement.
P00423,'@Only1temmy,𝕋𝕖𝕞𝕞𝕪🦇🔊,'@Only1temmy,Twitter/X archive,mentioned/retweeted account,,TRUE,TRUE,1,1,,,,social signal source; possible person/org account lead,,,,TRUE,list with caveat,raw social signal; not endorsement,Raw account signal from archive. Frequency does not imply quality or endorsement.
P00424,'@sodofi_,sophia,'@sodofi_,Twitter/X archive,mentioned/retweeted account,,TRUE,TRUE,1,1,,,,social signal source; possible person/org account lead,,,,TRUE,list with caveat,raw social signal; not endorsement,Raw account signal from archive. Frequency does not imply quality or endorsement.
P00425,'@IrthuSuresh,Irthu,'@IrthuSuresh,Twitter/X archive,mentioned/retweeted account,,TRUE,TRUE,1,1,,,,social signal source; possible person/org account lead,,,,TRUE,list with caveat,raw social signal; not endorsement,Raw account signal from archive. Frequency does not imply quality or endorsement.
P00426,'@LefterisJP,Lefteris Karapetsas,'@LefterisJP,Twitter/X archive,mentioned/retweeted account,,TRUE,TRUE,1,1,,,,social signal source; possible person/org account lead,,,,TRUE,list with caveat,raw social signal; not endorsement,Raw account signal from archive. Frequency does not imply quality or endorsement.
P00427,'@obsrvgmi,Observe,'@obsrvgmi,Twitter/X archive,mentioned/retweeted account,,TRUE,,1,0,,,,social signal source; possible person/org account lead,,,,TRUE,list with caveat,raw social signal; not endorsement,Raw account signal from archive. Frequency does not imply quality or endorsement.
P00428,'@marek_,marek.celo.eth 🦇🌳,'@marek_,Twitter/X archive,mentioned/retweeted account,,TRUE,TRUE,1,1,,,,social signal source; possible person/org account lead,,,,TRUE,list with caveat,raw social signal; not endorsement,Raw account signal from archive. Frequency does not imply quality or endorsement.
P00429,'@renaissancing_,renaissancing,'@renaissancing_,Twitter/X archive,mentioned/retweeted account,,TRUE,TRUE,1,1,,,,social signal source; possible person/org account lead,,,,TRUE,list with caveat,raw social signal; not endorsement,Raw account signal from archive. Frequency does not imply quality or endorsement.
P00430,'@fileverse,Fileverse,'@fileverse,Twitter/X archive,mentioned/retweeted account,,TRUE,TRUE,1,1,,,,social signal source; possible person/org account lead,,,,TRUE,list with caveat,raw social signal; not endorsement,Raw account signal from archive. Frequency does not imply quality or endorsement.
P00431,'@climate_program,Climate Coordination Network,'@climate_program,Twitter/X archive,mentioned/retweeted account,,TRUE,,1,0,,,,social signal source; possible person/org account lead,,,,TRUE,list with caveat,raw social signal; not endorsement,Raw account signal from archive. Frequency does not imply quality or endorsement.
P00432,'@launchnodes,Launchnodes,'@launchnodes,Twitter/X archive,mentioned/retweeted account,,TRUE,TRUE,1,1,,,,social signal source; possible person/org account lead,,,,TRUE,list with caveat,raw social signal; not endorsement,Raw account signal from archive. Frequency does not imply quality or endorsement.
P00433,'@petheth,peth.eth,'@petheth,Twitter/X archive,mentioned/retweeted account,,TRUE,,1,0,,,,social signal source; possible person/org account lead,,,,TRUE,list with caveat,raw social signal; not endorsement,Raw account signal from archive. Frequency does not imply quality or endorsement.
P00434,'@evan_van_ness,Evan Van Ness,'@evan_van_ness,Twitter/X archive,mentioned/retweeted account,,TRUE,TRUE,1,1,,,,social signal source; possible person/org account lead,,,,TRUE,list with caveat,raw social signal; not endorsement,Raw account signal from archive. Frequency does not imply quality or endorsement.
P00435,'@symbiocenelabs,Symbiocene Labs,'@symbiocenelabs,Twitter/X archive,mentioned/retweeted account,,TRUE,,1,0,,,,social signal source; possible person/org account lead,,,,TRUE,list with caveat,raw social signal; not endorsement,Raw account signal from archive. Frequency does not imply quality or endorsement.
P00436,'@medeana,deana,'@medeana,Twitter/X archive,mentioned/retweeted account,,TRUE,TRUE,1,1,,,,social signal source; possible person/org account lead,,,,TRUE,list with caveat,raw social signal; not endorsement,Raw account signal from archive. Frequency does not imply quality or endorsement.
P00437,'@JPMorganAM,J.P. Morgan Asset Management,'@JPMorganAM,Twitter/X archive,mentioned/retweeted account,,TRUE,,1,0,,,,social signal source; possible person/org account lead,,,,TRUE,list with caveat,raw social signal; not endorsement,Raw account signal from archive. Frequency does not imply quality or endorsement.
P00438,'@0xprivacypools,Privacy Pools,'@0xprivacypools,Twitter/X archive,mentioned/retweeted account,,TRUE,,1,0,,,,social signal source; possible person/org account lead,,,,TRUE,list with caveat,raw social signal; not endorsement,Raw account signal from archive. Frequency does not imply quality or endorsement.
P00439,'@SECGov,U.S. Securities and Exchange Commission,'@SECGov,Twitter/X archive,mentioned/retweeted account,,TRUE,,1,0,,,,social signal source; possible person/org account lead,,,,TRUE,list with caveat,raw social signal; not endorsement,Raw account signal from archive. Frequency does not imply quality or endorsement.
P00440,'@asn_d6,George Kadianakis,'@asn_d6,Twitter/X archive,mentioned/retweeted account,,TRUE,TRUE,1,1,,,,social signal source; possible person/org account lead,,,,TRUE,list with caveat,raw social signal; not endorsement,Raw account signal from archive. Frequency does not imply quality or endorsement.
P00441,'@lex_node,_gabrielShapir0,'@lex_node,Twitter/X archive,mentioned/retweeted account,,TRUE,TRUE,1,1,,,,social signal source; possible person/org account lead,,,,TRUE,list with caveat,raw social signal; not endorsement,Raw account signal from archive. Frequency does not imply quality or endorsement.
P00442,'@P2Pdotme,P2P.me,'@P2Pdotme,Twitter/X archive,mentioned/retweeted account,,TRUE,,1,0,,,,social signal source; possible person/org account lead,,,,TRUE,list with caveat,raw social signal; not endorsement,Raw account signal from archive. Frequency does not imply quality or endorsement.
P00443,'@nomadz_co,Nomadz,'@nomadz_co,Twitter/X archive,mentioned/retweeted account,,TRUE,,1,0,,,,social signal source; possible person/org account lead,,,,TRUE,list with caveat,raw social signal; not endorsement,Raw account signal from archive. Frequency does not imply quality or endorsement.
P00444,'@DCinvestor,DCinvestor,'@DCinvestor,Twitter/X archive,mentioned/retweeted account,,TRUE,,1,0,,,,social signal source; possible person/org account lead,,,,TRUE,list with caveat,raw social signal; not endorsement,Raw account signal from archive. Frequency does not imply quality or endorsement.
P00445,'@The_DTCC,DTCC,'@The_DTCC,Twitter/X archive,mentioned/retweeted account,,TRUE,,1,0,,,,social signal source; possible person/org account lead,,,,TRUE,list with caveat,raw social signal; not endorsement,Raw account signal from archive. Frequency does not imply quality or endorsement.
P00446,'@chaineresearch,Chaîne Research 🌐,'@chaineresearch,Twitter/X archive,mentioned/retweeted account,,TRUE,TRUE,1,1,,,,social signal source; possible person/org account lead,,,,TRUE,list with caveat,raw social signal; not endorsement,Raw account signal from archive. Frequency does not imply quality or endorsement.
P00447,'@ResearchHubF,ResearchHub Foundation,'@ResearchHubF,Twitter/X archive,mentioned/retweeted account,,TRUE,TRUE,1,1,,,,social signal source; possible person/org account lead,,,,TRUE,list with caveat,raw social signal; not endorsement,Raw account signal from archive. Frequency does not imply quality or endorsement.
P00448,'@slatestarcodex,Scott Alexander,'@slatestarcodex,Twitter/X archive,mentioned/retweeted account,,TRUE,,1,0,,,,social signal source; possible person/org account lead,,,,TRUE,list with caveat,raw social signal; not endorsement,Raw account signal from archive. Frequency does not imply quality or endorsement.
P00449,'@Web3foundation,Web3 Foundation,'@Web3foundation,Twitter/X archive,mentioned/retweeted account,,TRUE,TRUE,1,1,,,,social signal source; possible person/org account lead,,,,TRUE,list with caveat,raw social signal; not endorsement,Raw account signal from archive. Frequency does not imply quality or endorsement.
P00450,'@doctorow,Cory Doctorow NO LONGER ON TWIT TER,'@doctorow,Twitter/X archive,mentioned/retweeted account,,TRUE,,1,0,,,,social signal source; possible person/org account lead,,,,TRUE,list with caveat,raw social signal; not endorsement,Raw account signal from archive. Frequency does not imply quality or endorsement.
P00451,'@gospelofchange,"Papa Pita wasJeremy (🍄,🃏)",'@gospelofchange,Twitter/X archive,mentioned/retweeted account,,TRUE,TRUE,1,1,,,,social signal source; possible person/org account lead,,,,TRUE,list with caveat,raw social signal; not endorsement,Raw account signal from archive. Frequency does not imply quality or endorsement.
P00452,'@nethan_eth,nethan.eth 🧉,'@nethan_eth,Twitter/X archive,mentioned/retweeted account,,TRUE,TRUE,1,1,,,,social signal source; possible person/org account lead,,,,TRUE,list with caveat,raw social signal; not endorsement,Raw account signal from archive. Frequency does not imply quality or endorsement.
P00453,'@Solofunk,Patryk,'@Solofunk,Twitter/X archive,mentioned/retweeted account,,TRUE,TRUE,1,1,,,,social signal source; possible person/org account lead,,,,TRUE,list with caveat,raw social signal; not endorsement,Raw account signal from archive. Frequency does not imply quality or endorsement.
P00454,'@jinglejamOP,Optimist Prime,'@jinglejamOP,Twitter/X archive,mentioned/retweeted account,,TRUE,,1,0,,,,social signal source; possible person/org account lead,,,,TRUE,list with caveat,raw social signal; not endorsement,Raw account signal from archive. Frequency does not imply quality or endorsement.
P00455,'@vocdoni,Vocdoni 🗳️ Secure digital voting,'@vocdoni,Twitter/X archive,mentioned/retweeted account,,TRUE,TRUE,1,1,,,,social signal source; possible person/org account lead,,,,TRUE,list with caveat,raw social signal; not endorsement,Raw account signal from archive. Frequency does not imply quality or endorsement.
P00456,'@mpg_dd,Tara Merk,'@mpg_dd,Twitter/X archive,mentioned/retweeted account,,TRUE,,1,0,,,,social signal source; possible person/org account lead,,,,TRUE,list with caveat,raw social signal; not endorsement,Raw account signal from archive. Frequency does not imply quality or endorsement.
P00457,'@OrnellaWeb3,OrnΞllaWeb3,'@OrnellaWeb3,Twitter/X archive,mentioned/retweeted account,,TRUE,TRUE,1,1,,,,social signal source; possible person/org account lead,,,,TRUE,list with caveat,raw social signal; not endorsement,Raw account signal from archive. Frequency does not imply quality or endorsement.
P00458,'@Dylan_Steck,dylan,'@Dylan_Steck,Twitter/X archive,mentioned/retweeted account,,TRUE,TRUE,1,1,,,,social signal source; possible person/org account lead,,,,TRUE,list with caveat,raw social signal; not endorsement,Raw account signal from archive. Frequency does not imply quality or endorsement.
P00459,'@JBSDC,Justin Slaughter,'@JBSDC,Twitter/X archive,mentioned/retweeted account,,TRUE,TRUE,1,1,,,,social signal source; possible person/org account lead,,,,TRUE,list with caveat,raw social signal; not endorsement,Raw account signal from archive. Frequency does not imply quality or endorsement.
P00460,'@andrewkuznet,Andrew Kuznetsov,'@andrewkuznet,Twitter/X archive,mentioned/retweeted account,,TRUE,TRUE,1,1,,,,social signal source; possible person/org account lead,,,,TRUE,list with caveat,raw social signal; not endorsement,Raw account signal from archive. Frequency does not imply quality or endorsement.
P00461,'@StoryProtocol,Story,'@StoryProtocol,Twitter/X archive,mentioned/retweeted account,,TRUE,,1,0,,,,social signal source; possible person/org account lead,,,,TRUE,list with caveat,raw social signal; not endorsement,Raw account signal from archive. Frequency does not imply quality or endorsement.
P00462,'@404GRDN,literally the actual Errorgardener,'@404GRDN,Twitter/X archive,mentioned/retweeted account,,TRUE,,1,0,,,,social signal source; possible person/org account lead,,,,TRUE,list with caveat,raw social signal; not endorsement,Raw account signal from archive. Frequency does not imply quality or endorsement.
P00463,'@FourthWorldSys,Richard Gaskin,'@FourthWorldSys,Twitter/X archive,mentioned/retweeted account,,TRUE,,1,0,,,,social signal source; possible person/org account lead,,,,TRUE,list with caveat,raw social signal; not endorsement,Raw account signal from archive. Frequency does not imply quality or endorsement.
P00464,'@ETHPanda_Org,ETHPanda,'@ETHPanda_Org,Twitter/X archive,mentioned/retweeted account,,TRUE,TRUE,1,1,,,,social signal source; possible person/org account lead,,,,TRUE,list with caveat,raw social signal; not endorsement,Raw account signal from archive. Frequency does not imply quality or endorsement.
P00465,'@Sostento,Sostento,'@Sostento,Twitter/X archive,mentioned/retweeted account,,TRUE,,1,0,,,,social signal source; possible person/org account lead,,,,TRUE,list with caveat,raw social signal; not endorsement,Raw account signal from archive. Frequency does not imply quality or endorsement.
P00466,'@ThewizardofPOS,Marissa Posner,'@ThewizardofPOS,Twitter/X archive,mentioned/retweeted account,,TRUE,,1,0,,,,social signal source; possible person/org account lead,,,,TRUE,list with caveat,raw social signal; not endorsement,Raw account signal from archive. Frequency does not imply quality or endorsement.
P00467,'@yoavw,yoav.eth,'@yoavw,Twitter/X archive,mentioned/retweeted account,,TRUE,,1,0,,,,social signal source; possible person/org account lead,,,,TRUE,list with caveat,raw social signal; not endorsement,Raw account signal from archive. Frequency does not imply quality or endorsement.
P00468,'@Zuzalu_city,Zuzalu Software (Zuzalu.city),'@Zuzalu_city,Twitter/X archive,mentioned/retweeted account,,TRUE,TRUE,1,1,,,,social signal source; possible person/org account lead,,,,TRUE,list with caveat,raw social signal; not endorsement,Raw account signal from archive. Frequency does not imply quality or endorsement.
P00469,'@maearthstudio,Ma Earth,'@maearthstudio,Twitter/X archive,mentioned/retweeted account,,TRUE,TRUE,1,1,,,,social signal source; possible person/org account lead,,,,TRUE,list with caveat,raw social signal; not endorsement,Raw account signal from archive. Frequency does not imply quality or endorsement.
P00470,'@Toluajet,Toluajet,'@Toluajet,Twitter/X archive,mentioned/retweeted account,,TRUE,TRUE,1,1,,,,social signal source; possible person/org account lead,,,,TRUE,list with caveat,raw social signal; not endorsement,Raw account signal from archive. Frequency does not imply quality or endorsement.
P00471,'@MilkMoney64209,Ben Birkholm,'@MilkMoney64209,Twitter/X archive,mentioned/retweeted account,,TRUE,TRUE,1,1,,,,social signal source; possible person/org account lead,,,,TRUE,list with caveat,raw social signal; not endorsement,Raw account signal from archive. Frequency does not imply quality or endorsement.
P00472,'@hatsprotocol,Hats Protocol 🧢🎩👒,'@hatsprotocol,Twitter/X archive,mentioned/retweeted account,,TRUE,TRUE,1,1,,,,social signal source; possible person/org account lead,,,,TRUE,list with caveat,raw social signal; not endorsement,Raw account signal from archive. Frequency does not imply quality or endorsement.
P00473,'@squidrouter,squid,'@squidrouter,Twitter/X archive,mentioned/retweeted account,,TRUE,,1,0,,,,social signal source; possible person/org account lead,,,,TRUE,list with caveat,raw social signal; not endorsement,Raw account signal from archive. Frequency does not imply quality or endorsement.
P00474,'@Zac_Aztec,Zatoshi,'@Zac_Aztec,Twitter/X archive,mentioned/retweeted account,,TRUE,TRUE,1,1,,,,social signal source; possible person/org account lead,,,,TRUE,list with caveat,raw social signal; not endorsement,Raw account signal from archive. Frequency does not imply quality or endorsement.
P00475,'@ReFi_Italia,ReFi Italia 🇮🇹 🌳,'@ReFi_Italia,Twitter/X archive,mentioned/retweeted account,,TRUE,,1,0,,,,social signal source; possible person/org account lead,,,,TRUE,list with caveat,raw social signal; not endorsement,Raw account signal from archive. Frequency does not imply quality or endorsement.
P00476,'@Refi_Med,ReFi Mediterranean,'@Refi_Med,Twitter/X archive,mentioned/retweeted account,,TRUE,,1,0,,,,social signal source; possible person/org account lead,,,,TRUE,list with caveat,raw social signal; not endorsement,Raw account signal from archive. Frequency does not imply quality or endorsement.
P00477,'@IoachimViju,ioachim viju,'@IoachimViju,Twitter/X archive,mentioned/retweeted account,,TRUE,TRUE,1,1,,,,social signal source; possible person/org account lead,,,,TRUE,list with caveat,raw social signal; not endorsement,Raw account signal from archive. Frequency does not imply quality or endorsement.
P00478,'@molecule_dao,Molecule,'@molecule_dao,Twitter/X archive,mentioned/retweeted account,,TRUE,,1,0,,,,social signal source; possible person/org account lead,,,,TRUE,list with caveat,raw social signal; not endorsement,Raw account signal from archive. Frequency does not imply quality or endorsement.
P00479,'@OmniacsDAO,OmniacsDAO,'@OmniacsDAO,Twitter/X archive,mentioned/retweeted account,,TRUE,TRUE,1,1,,,,social signal source; possible person/org account lead,,,,TRUE,list with caveat,raw social signal; not endorsement,Raw account signal from archive. Frequency does not imply quality or endorsement.
P00480,'@IvieSatijn,Ivie,'@IvieSatijn,Twitter/X archive,mentioned/retweeted account,,TRUE,,1,0,,,,social signal source; possible person/org account lead,,,,TRUE,list with caveat,raw social signal; not endorsement,Raw account signal from archive. Frequency does not imply quality or endorsement.
P00481,'@wydeorg,Wyoming Decentralized Exchange®,'@wydeorg,Twitter/X archive,mentioned/retweeted account,,TRUE,TRUE,1,1,,,,social signal source; possible person/org account lead,,,,TRUE,list with caveat,raw social signal; not endorsement,Raw account signal from archive. Frequency does not imply quality or endorsement.
P00482,'@gajesh,Gajesh,'@gajesh,Twitter/X archive,mentioned/retweeted account,,TRUE,TRUE,1,1,,,,social signal source; possible person/org account lead,,,,TRUE,list with caveat,raw social signal; not endorsement,Raw account signal from archive. Frequency does not imply quality or endorsement.
P00483,'@beaconlabs_io,Beacon Labs,'@beaconlabs_io,Twitter/X archive,mentioned/retweeted account,,TRUE,TRUE,1,1,,,,social signal source; possible person/org account lead,,,,TRUE,list with caveat,raw social signal; not endorsement,Raw account signal from archive. Frequency does not imply quality or endorsement.
P00484,'@ib1gymnast,Evan 🦇🔊,'@ib1gymnast,Twitter/X archive,mentioned/retweeted account,,TRUE,TRUE,1,1,,,,social signal source; possible person/org account lead,,,,TRUE,list with caveat,raw social signal; not endorsement,Raw account signal from archive. Frequency does not imply quality or endorsement.
P00485,'@OptimismFractal,Optimism Fractal,'@OptimismFractal,Twitter/X archive,mentioned/retweeted account,,TRUE,,1,0,,,,social signal source; possible person/org account lead,,,,TRUE,list with caveat,raw social signal; not endorsement,Raw account signal from archive. Frequency does not imply quality or endorsement.
P00486,'@N_FT2021,"F太郎 / F-TARO (🌳,🌳)",'@N_FT2021,Twitter/X archive,mentioned/retweeted account,,TRUE,TRUE,1,1,,,,social signal source; possible person/org account lead,,,,TRUE,list with caveat,raw social signal; not endorsement,Raw account signal from archive. Frequency does not imply quality or endorsement.
P00487,'@ManInBlackie,Blackie.hl,'@ManInBlackie,Twitter/X archive,mentioned/retweeted account,,TRUE,TRUE,1,1,,,,social signal source; possible person/org account lead,,,,TRUE,list with caveat,raw social signal; not endorsement,Raw account signal from archive. Frequency does not imply quality or endorsement.
P00488,'@alex_prompter,Alex Prompter,'@alex_prompter,Twitter/X archive,mentioned/retweeted account,,TRUE,TRUE,1,1,,,,social signal source; possible person/org account lead,,,,TRUE,list with caveat,raw social signal; not endorsement,Raw account signal from archive. Frequency does not imply quality or endorsement.
P00489,'@_Lonis_,Lonis,'@_Lonis_,Twitter/X archive,mentioned/retweeted account,,TRUE,,1,0,,,,social signal source; possible person/org account lead,,,,TRUE,list with caveat,raw social signal; not endorsement,Raw account signal from archive. Frequency does not imply quality or endorsement.
P00490,'@ProsperaGlobal,Próspera,'@ProsperaGlobal,Twitter/X archive,mentioned/retweeted account,,TRUE,,1,0,,,,social signal source; possible person/org account lead,,,,TRUE,list with caveat,raw social signal; not endorsement,Raw account signal from archive. Frequency does not imply quality or endorsement.
P00491,'@morte_chs,mortechub,'@morte_chs,Twitter/X archive,mentioned/retweeted account,,TRUE,TRUE,1,1,,,,social signal source; possible person/org account lead,,,,TRUE,list with caveat,raw social signal; not endorsement,Raw account signal from archive. Frequency does not imply quality or endorsement.
P00492,'@candufaz,Candu,'@candufaz,Twitter/X archive,mentioned/retweeted account,,TRUE,,1,0,,,,social signal source; possible person/org account lead,,,,TRUE,list with caveat,raw social signal; not endorsement,Raw account signal from archive. Frequency does not imply quality or endorsement.
P00493,'@ElinorRennie,Ellie Rennie,'@ElinorRennie,Twitter/X archive,mentioned/retweeted account,,TRUE,TRUE,1,1,,,,social signal source; possible person/org account lead,,,,TRUE,list with caveat,raw social signal; not endorsement,Raw account signal from archive. Frequency does not imply quality or endorsement.
P00494,'@alexolegimas,Alex Imas,'@alexolegimas,Twitter/X archive,mentioned/retweeted account,,TRUE,TRUE,1,1,,,,social signal source; possible person/org account lead,,,,TRUE,list with caveat,raw social signal; not endorsement,Raw account signal from archive. Frequency does not imply quality or endorsement.
P00495,'@shawmakesmagic,Shaw (spirit/acc),'@shawmakesmagic,Twitter/X archive,mentioned/retweeted account,,TRUE,TRUE,1,1,,,,social signal source; possible person/org account lead,,,,TRUE,list with caveat,raw social signal; not endorsement,Raw account signal from archive. Frequency does not imply quality or endorsement.
P00496,'@panditdhamdhere,Pandit | Ξ🦇🔊,'@panditdhamdhere,Twitter/X archive,mentioned/retweeted account,,TRUE,TRUE,1,1,,,,social signal source; possible person/org account lead,,,,TRUE,list with caveat,raw social signal; not endorsement,Raw account signal from archive. Frequency does not imply quality or endorsement.
P00497,'@Terexitarius,"Terexitarius.tgn Δ (:D,:D) 🗑️",'@Terexitarius,Twitter/X archive,mentioned/retweeted account,,TRUE,TRUE,1,1,,,,social signal source; possible person/org account lead,,,,TRUE,list with caveat,raw social signal; not endorsement,Raw account signal from archive. Frequency does not imply quality or endorsement.
P00498,'@Fly_you_fools,Fly you Fools,'@Fly_you_fools,Twitter/X archive,mentioned/retweeted account,,TRUE,TRUE,1,1,,,,social signal source; possible person/org account lead,,,,TRUE,list with caveat,raw social signal; not endorsement,Raw account signal from archive. Frequency does not imply quality or endorsement.
P00499,'@syndicateio,Syndicate,'@syndicateio,Twitter/X archive,mentioned/retweeted account,,TRUE,TRUE,1,1,,,,social signal source; possible person/org account lead,,,,TRUE,list with caveat,raw social signal; not endorsement,Raw account signal from archive. Frequency does not imply quality or endorsement.
P00500,'@gaskiller_,Gas Killer | Secure contracts shouldn't cost more,'@gaskiller_,Twitter/X archive,mentioned/retweeted account,,TRUE,TRUE,1,1,,,,social signal source; possible person/org account lead,,,,TRUE,list with caveat,raw social signal; not endorsement,Raw account signal from archive. Frequency does not imply quality or endorsement.
P00501,'@EFF,EFF,'@EFF,Twitter/X archive,mentioned/retweeted account,,TRUE,,1,0,,,,social signal source; possible person/org account lead,,,,TRUE,list with caveat,raw social signal; not endorsement,Raw account signal from archive. Frequency does not imply quality or endorsement.
P00502,'@WorldResources,World Resources Institute,'@WorldResources,Twitter/X archive,mentioned/retweeted account,,TRUE,,1,0,,,,social signal source; possible person/org account lead,,,,TRUE,list with caveat,raw social signal; not endorsement,Raw account signal from archive. Frequency does not imply quality or endorsement.
P00503,'@timourxyz,timour kosters,'@timourxyz,Twitter/X archive,mentioned/retweeted account,,TRUE,TRUE,1,1,,,,social signal source; possible person/org account lead,,,,TRUE,list with caveat,raw social signal; not endorsement,Raw account signal from archive. Frequency does not imply quality or endorsement.
P00504,'@shibuyafilm,Shibuya,'@shibuyafilm,Twitter/X archive,mentioned/retweeted account,,TRUE,TRUE,1,1,,,,social signal source; possible person/org account lead,,,,TRUE,list with caveat,raw social signal; not endorsement,Raw account signal from archive. Frequency does not imply quality or endorsement.
P00505,'@AnalogueUSB,ParallelCitizen.xyz @ 4Seas Chiang Mai,'@AnalogueUSB,Twitter/X archive,mentioned/retweeted account,,TRUE,TRUE,1,1,,,,social signal source; possible person/org account lead,,,,TRUE,list with caveat,raw social signal; not endorsement,Raw account signal from archive. Frequency does not imply quality or endorsement.
P00506,'@stablewatchHQ,stablewatch,'@stablewatchHQ,Twitter/X archive,mentioned/retweeted account,,TRUE,TRUE,1,1,,,,social signal source; possible person/org account lead,,,,TRUE,list with caveat,raw social signal; not endorsement,Raw account signal from archive. Frequency does not imply quality or endorsement.
P00507,'@sreeramkannan,Sreeram Kannan,'@sreeramkannan,Twitter/X archive,mentioned/retweeted account,,TRUE,TRUE,1,1,,,,social signal source; possible person/org account lead,,,,TRUE,list with caveat,raw social signal; not endorsement,Raw account signal from archive. Frequency does not imply quality or endorsement.
P00508,'@UpdraftFund,Updraft🪁,'@UpdraftFund,Twitter/X archive,mentioned/retweeted account,,TRUE,,1,0,,,,social signal source; possible person/org account lead,,,,TRUE,list with caveat,raw social signal; not endorsement,Raw account signal from archive. Frequency does not imply quality or endorsement.
P00509,'@Abstract_Hzn,Abstract Horizon,'@Abstract_Hzn,Twitter/X archive,mentioned/retweeted account,,TRUE,TRUE,1,1,,,,social signal source; possible person/org account lead,,,,TRUE,list with caveat,raw social signal; not endorsement,Raw account signal from archive. Frequency does not imply quality or endorsement.
P00510,'@RegenNetworkDev,Regen Network Development (RND),'@RegenNetworkDev,Twitter/X archive,mentioned/retweeted account,,TRUE,,1,0,,,,social signal source; possible person/org account lead,,,,TRUE,list with caveat,raw social signal; not endorsement,Raw account signal from archive. Frequency does not imply quality or endorsement.
P00511,'@danielschmach,Daniel,'@danielschmach,Twitter/X archive,mentioned/retweeted account,,TRUE,,1,0,,,,social signal source; possible person/org account lead,,,,TRUE,list with caveat,raw social signal; not endorsement,Raw account signal from archive. Frequency does not imply quality or endorsement.
P00512,'@heatmap_news,Heatmap News,'@heatmap_news,Twitter/X archive,mentioned/retweeted account,,TRUE,TRUE,1,1,,,,social signal source; possible person/org account lead,,,,TRUE,list with caveat,raw social signal; not endorsement,Raw account signal from archive. Frequency does not imply quality or endorsement.
P00513,'@MattZeitlin,Matthew Zeitlin,'@MattZeitlin,Twitter/X archive,mentioned/retweeted account,,TRUE,,1,0,,,,social signal source; possible person/org account lead,,,,TRUE,list with caveat,raw social signal; not endorsement,Raw account signal from archive. Frequency does not imply quality or endorsement.
P00514,'@katie_brigham,katie brigham,'@katie_brigham,Twitter/X archive,mentioned/retweeted account,,TRUE,,1,0,,,,social signal source; possible person/org account lead,,,,TRUE,list with caveat,raw social signal; not endorsement,Raw account signal from archive. Frequency does not imply quality or endorsement.
P00515,'@robinsonmeyer,Robinson Meyer,'@robinsonmeyer,Twitter/X archive,mentioned/retweeted account,,TRUE,,1,0,,,,social signal source; possible person/org account lead,,,,TRUE,list with caveat,raw social signal; not endorsement,Raw account signal from archive. Frequency does not imply quality or endorsement.
P00516,'@goodjillian,Jillian Goodman,'@goodjillian,Twitter/X archive,mentioned/retweeted account,,TRUE,,1,0,,,,social signal source; possible person/org account lead,,,,TRUE,list with caveat,raw social signal; not endorsement,Raw account signal from archive. Frequency does not imply quality or endorsement.
P00517,'@LogrisTheBard,Logris Bard,'@LogrisTheBard,Twitter/X archive,mentioned/retweeted account,,TRUE,TRUE,1,1,,,,social signal source; possible person/org account lead,,,,TRUE,list with caveat,raw social signal; not endorsement,Raw account signal from archive. Frequency does not imply quality or endorsement.
P00518,'@NetworkLawRev,Network Law Review,'@NetworkLawRev,Twitter/X archive,mentioned/retweeted account,,TRUE,,1,0,,,,social signal source; possible person/org account lead,,,,TRUE,list with caveat,raw social signal; not endorsement,Raw account signal from archive. Frequency does not imply quality or endorsement.
P00519,'@Holochain,Holochain,'@Holochain,Twitter/X archive,mentioned/retweeted account,,TRUE,TRUE,1,1,,,,social signal source; possible person/org account lead,,,,TRUE,list with caveat,raw social signal; not endorsement,Raw account signal from archive. Frequency does not imply quality or endorsement.
P00520,'@Arnno39,,'@Arnno39,Twitter/X archive,mentioned/retweeted account,,TRUE,TRUE,1,1,,,,social signal source; possible person/org account lead,,,,TRUE,list with caveat,raw social signal; not endorsement,Raw account signal from archive. Frequency does not imply quality or endorsement.
P00521,'@HighPlainsJrnl,High Plains Journal,'@HighPlainsJrnl,Twitter/X archive,mentioned/retweeted account,,TRUE,TRUE,1,1,,,,social signal source; possible person/org account lead,,,,TRUE,list with caveat,raw social signal; not endorsement,Raw account signal from archive. Frequency does not imply quality or endorsement.
P00522,'@CossarSofia,sofia cossar,'@CossarSofia,Twitter/X archive,mentioned/retweeted account,,TRUE,,1,0,,,,social signal source; possible person/org account lead,,,,TRUE,list with caveat,raw social signal; not endorsement,Raw account signal from archive. Frequency does not imply quality or endorsement.
P00523,'@teijehdonker,Teije Hidde Donker,'@teijehdonker,Twitter/X archive,mentioned/retweeted account,,TRUE,,1,0,,,,social signal source; possible person/org account lead,,,,TRUE,list with caveat,raw social signal; not endorsement,Raw account signal from archive. Frequency does not imply quality or endorsement.
P00524,'@anoma,Anoma,'@anoma,Twitter/X archive,mentioned/retweeted account,,TRUE,,1,0,,,,social signal source; possible person/org account lead,,,,TRUE,list with caveat,raw social signal; not endorsement,Raw account signal from archive. Frequency does not imply quality or endorsement.
P00525,'@ethStaker,EthStaker 🦇🔊,'@ethStaker,Twitter/X archive,mentioned/retweeted account,,TRUE,TRUE,1,1,,,,social signal source; possible person/org account lead,,,,TRUE,list with caveat,raw social signal; not endorsement,Raw account signal from archive. Frequency does not imply quality or endorsement.
P00526,'@DeptofFHed,Department of Further and Higher Education,'@DeptofFHed,Twitter/X archive,mentioned/retweeted account,,TRUE,,1,0,,,,social signal source; possible person/org account lead,,,,TRUE,list with caveat,raw social signal; not endorsement,Raw account signal from archive. Frequency does not imply quality or endorsement.
P00527,'@vpabundance,vpabundance.eth 🐉,'@vpabundance,Twitter/X archive,mentioned/retweeted account,,TRUE,TRUE,1,1,,,,social signal source; possible person/org account lead,,,,TRUE,list with caveat,raw social signal; not endorsement,Raw account signal from archive. Frequency does not imply quality or endorsement.
P00528,'@matteoikari,Matteoikari.eth,'@matteoikari,Twitter/X archive,mentioned/retweeted account,,TRUE,,1,0,,,,social signal source; possible person/org account lead,,,,TRUE,list with caveat,raw social signal; not endorsement,Raw account signal from archive. Frequency does not imply quality or endorsement.
P00529,'@MacBudkowski,Mac Budkowski,'@MacBudkowski,Twitter/X archive,mentioned/retweeted account,,TRUE,TRUE,1,1,,,,social signal source; possible person/org account lead,,,,TRUE,list with caveat,raw social signal; not endorsement,Raw account signal from archive. Frequency does not imply quality or endorsement.
P00530,'@DeSci_Round_Ops,DeSci Gitcoin Community,'@DeSci_Round_Ops,Twitter/X archive,mentioned/retweeted account,,TRUE,TRUE,1,1,,,,social signal source; possible person/org account lead,,,,TRUE,list with caveat,raw social signal; not endorsement,Raw account signal from archive. Frequency does not imply quality or endorsement.
P00531,'@Afinetheorem,Kevin A. Bryan,'@Afinetheorem,Twitter/X archive,mentioned/retweeted account,,TRUE,TRUE,1,1,,,,social signal source; possible person/org account lead,,,,TRUE,list with caveat,raw social signal; not endorsement,Raw account signal from archive. Frequency does not imply quality or endorsement.
P00532,'@protocollabs,Protocol Labs,'@protocollabs,Twitter/X archive,mentioned/retweeted account,,TRUE,,1,0,,,,social signal source; possible person/org account lead,,,,TRUE,list with caveat,raw social signal; not endorsement,Raw account signal from archive. Frequency does not imply quality or endorsement.
P00533,'@hannahrosekirk,Hannah Rose Kirk,'@hannahrosekirk,Twitter/X archive,mentioned/retweeted account,,TRUE,TRUE,1,1,,,,social signal source; possible person/org account lead,,,,TRUE,list with caveat,raw social signal; not endorsement,Raw account signal from archive. Frequency does not imply quality or endorsement.
P00534,'@P3b7_,Charles Guillemet,'@P3b7_,Twitter/X archive,mentioned/retweeted account,,TRUE,TRUE,1,1,,,,social signal source; possible person/org account lead,,,,TRUE,list with caveat,raw social signal; not endorsement,Raw account signal from archive. Frequency does not imply quality or endorsement.
P00535,'@yaoeo,Primavera De Filippi,'@yaoeo,Twitter/X archive,mentioned/retweeted account,,TRUE,,1,0,,,,social signal source; possible person/org account lead,,,,TRUE,list with caveat,raw social signal; not endorsement,Raw account signal from archive. Frequency does not imply quality or endorsement.
P00536,'@ozkite,❍s🎹,'@ozkite,Twitter/X archive,mentioned/retweeted account,,TRUE,TRUE,1,1,,,,social signal source; possible person/org account lead,,,,TRUE,list with caveat,raw social signal; not endorsement,Raw account signal from archive. Frequency does not imply quality or endorsement.
P00537,'@soht0,sohtorik berk,'@soht0,Twitter/X archive,mentioned/retweeted account,,TRUE,,1,0,,,,social signal source; possible person/org account lead,,,,TRUE,list with caveat,raw social signal; not endorsement,Raw account signal from archive. Frequency does not imply quality or endorsement.
P00538,'@earthistdao,Earthist 🌱,'@earthistdao,Twitter/X archive,mentioned/retweeted account,,TRUE,,1,0,,,,social signal source; possible person/org account lead,,,,TRUE,list with caveat,raw social signal; not endorsement,Raw account signal from archive. Frequency does not imply quality or endorsement.
P00539,'@haonan,haonan,'@haonan,Twitter/X archive,mentioned/retweeted account,,TRUE,TRUE,1,1,,,,social signal source; possible person/org account lead,,,,TRUE,list with caveat,raw social signal; not endorsement,Raw account signal from archive. Frequency does not imply quality or endorsement.
P00540,'@fede_intern,Fede’s intern 🥊,'@fede_intern,Twitter/X archive,mentioned/retweeted account,,TRUE,TRUE,1,1,,,,social signal source; possible person/org account lead,,,,TRUE,list with caveat,raw social signal; not endorsement,Raw account signal from archive. Frequency does not imply quality or endorsement.
P00541,'@loom_finance,Loom Finance,'@loom_finance,Twitter/X archive,mentioned/retweeted account,,TRUE,,1,0,,,,social signal source; possible person/org account lead,,,,TRUE,list with caveat,raw social signal; not endorsement,Raw account signal from archive. Frequency does not imply quality or endorsement.
P00542,'@polfinance_,POL Finance 🐇,'@polfinance_,Twitter/X archive,mentioned/retweeted account,,TRUE,,1,0,,,,social signal source; possible person/org account lead,,,,TRUE,list with caveat,raw social signal; not endorsement,Raw account signal from archive. Frequency does not imply quality or endorsement.
P00543,'@class_lambda,LambdaClass,'@class_lambda,Twitter/X archive,mentioned/retweeted account,,TRUE,,1,0,,,,social signal source; possible person/org account lead,,,,TRUE,list with caveat,raw social signal; not endorsement,Raw account signal from archive. Frequency does not imply quality or endorsement.
P00544,'@ii_posts,Intelligent Internet,'@ii_posts,Twitter/X archive,mentioned/retweeted account,,TRUE,TRUE,1,1,,,,social signal source; possible person/org account lead,,,,TRUE,list with caveat,raw social signal; not endorsement,Raw account signal from archive. Frequency does not imply quality or endorsement.
P00545,'@zGuz,Zack Guzmán,'@zGuz,Twitter/X archive,mentioned/retweeted account,,TRUE,TRUE,1,1,,,,social signal source; possible person/org account lead,,,,TRUE,list with caveat,raw social signal; not endorsement,Raw account signal from archive. Frequency does not imply quality or endorsement.
P00546,'@eth_strategy,ETH Strategy,'@eth_strategy,Twitter/X archive,mentioned/retweeted account,,TRUE,TRUE,1,1,,,,social signal source; possible person/org account lead,,,,TRUE,list with caveat,raw social signal; not endorsement,Raw account signal from archive. Frequency does not imply quality or endorsement.
P00547,'@Rocket_Pool,Rocket Pool,'@Rocket_Pool,Twitter/X archive,mentioned/retweeted account,,TRUE,,1,0,,,,social signal source; possible person/org account lead,,,,TRUE,list with caveat,raw social signal; not endorsement,Raw account signal from archive. Frequency does not imply quality or endorsement.
P00548,'@GravenPrest,graven,'@GravenPrest,Twitter/X archive,mentioned/retweeted account,,TRUE,TRUE,1,1,,,,social signal source; possible person/org account lead,,,,TRUE,list with caveat,raw social signal; not endorsement,Raw account signal from archive. Frequency does not imply quality or endorsement.
P00549,'@UNBiodiversity,UN Biodiversity,'@UNBiodiversity,Twitter/X archive,mentioned/retweeted account,,TRUE,TRUE,1,1,,,,social signal source; possible person/org account lead,,,,TRUE,list with caveat,raw social signal; not endorsement,Raw account signal from archive. Frequency does not imply quality or endorsement.
P00550,'@Frax,Frax,'@Frax,Twitter/X archive,mentioned/retweeted account,,TRUE,TRUE,1,1,,,,social signal source; possible person/org account lead,,,,TRUE,list with caveat,raw social signal; not endorsement,Raw account signal from archive. Frequency does not imply quality or endorsement.
P00551,'@divine_economy,david phelps,'@divine_economy,Twitter/X archive,mentioned/retweeted account,,TRUE,TRUE,1,1,,,,social signal source; possible person/org account lead,,,,TRUE,list with caveat,raw social signal; not endorsement,Raw account signal from archive. Frequency does not imply quality or endorsement.
P00552,'@0xNairolf,nairolf,'@0xNairolf,Twitter/X archive,mentioned/retweeted account,,TRUE,,1,0,,,,social signal source; possible person/org account lead,,,,TRUE,list with caveat,raw social signal; not endorsement,Raw account signal from archive. Frequency does not imply quality or endorsement.
P00553,'@nicksusi,Ņ̨͈̯̻̪̥̥ͅick S̘͓͙usi,'@nicksusi,Twitter/X archive,mentioned/retweeted account,,TRUE,TRUE,1,1,,,,social signal source; possible person/org account lead,,,,TRUE,list with caveat,raw social signal; not endorsement,Raw account signal from archive. Frequency does not imply quality or endorsement.
P00554,'@glycemag,domingob.⌐◨-◨,'@glycemag,Twitter/X archive,mentioned/retweeted account,,TRUE,,1,0,,,,social signal source; possible person/org account lead,,,,TRUE,list with caveat,raw social signal; not endorsement,Raw account signal from archive. Frequency does not imply quality or endorsement.
P00555,'@drozas,David Rozas,'@drozas,Twitter/X archive,mentioned/retweeted account,,TRUE,,1,0,,,,social signal source; possible person/org account lead,,,,TRUE,list with caveat,raw social signal; not endorsement,Raw account signal from archive. Frequency does not imply quality or endorsement.
P00556,'@samerP2P,Samer Hassan @samerp2p.bsky.social 🇵🇸,'@samerP2P,Twitter/X archive,mentioned/retweeted account,,TRUE,,1,0,,,,social signal source; possible person/org account lead,,,,TRUE,list with caveat,raw social signal; not endorsement,Raw account signal from archive. Frequency does not imply quality or endorsement.
P00557,'@profhamel,Gary Hamel,'@profhamel,Twitter/X archive,mentioned/retweeted account,,TRUE,,1,0,,,,social signal source; possible person/org account lead,,,,TRUE,list with caveat,raw social signal; not endorsement,Raw account signal from archive. Frequency does not imply quality or endorsement.
P00558,'@MicheleZanini,Michele Zanini,'@MicheleZanini,Twitter/X archive,mentioned/retweeted account,,TRUE,,1,0,,,,social signal source; possible person/org account lead,,,,TRUE,list with caveat,raw social signal; not endorsement,Raw account signal from archive. Frequency does not imply quality or endorsement.
P00559,'@WSJ,The Wall Street Journal,'@WSJ,Twitter/X archive,mentioned/retweeted account,,TRUE,,1,0,,,,social signal source; possible person/org account lead,,,,TRUE,list with caveat,raw social signal; not endorsement,Raw account signal from archive. Frequency does not imply quality or endorsement.
P00560,'@taykendesign,TAYKΞN,'@taykendesign,Twitter/X archive,mentioned/retweeted account,,TRUE,TRUE,1,1,,,,social signal source; possible person/org account lead,,,,TRUE,list with caveat,raw social signal; not endorsement,Raw account signal from archive. Frequency does not imply quality or endorsement.
P00561,'@paragraph_xyz,Paragraph,'@paragraph_xyz,Twitter/X archive,mentioned/retweeted account,,TRUE,TRUE,1,1,,,,social signal source; possible person/org account lead,,,,TRUE,list with caveat,raw social signal; not endorsement,Raw account signal from archive. Frequency does not imply quality or endorsement.
P00562,'@Dune,Dune,'@Dune,Twitter/X archive,mentioned/retweeted account,,TRUE,TRUE,1,1,,,,social signal source; possible person/org account lead,,,,TRUE,list with caveat,raw social signal; not endorsement,Raw account signal from archive. Frequency does not imply quality or endorsement.
P00563,'@beast_ico,,'@beast_ico,Twitter/X archive,mentioned/retweeted account,,TRUE,TRUE,1,1,,,,social signal source; possible person/org account lead,,,,TRUE,list with caveat,raw social signal; not endorsement,Raw account signal from archive. Frequency does not imply quality or endorsement.
P00564,'@clinamenic,clinamenic,'@clinamenic,Twitter/X archive,mentioned/retweeted account,,TRUE,TRUE,1,1,,,,social signal source; possible person/org account lead,,,,TRUE,list with caveat,raw social signal; not endorsement,Raw account signal from archive. Frequency does not imply quality or endorsement.
P00565,'@DeSciLabs,DeSci Labs,'@DeSciLabs,Twitter/X archive,mentioned/retweeted account,,TRUE,TRUE,1,1,,,,social signal source; possible person/org account lead,,,,TRUE,list with caveat,raw social signal; not endorsement,Raw account signal from archive. Frequency does not imply quality or endorsement.
P00566,'@Kleros_io,Kleros,'@Kleros_io,Twitter/X archive,mentioned/retweeted account,,TRUE,TRUE,1,1,,,,social signal source; possible person/org account lead,,,,TRUE,list with caveat,raw social signal; not endorsement,Raw account signal from archive. Frequency does not imply quality or endorsement.
P00567,'@thetokenjedi,Scott Morris,'@thetokenjedi,Twitter/X archive,mentioned/retweeted account,,TRUE,,1,0,,,,social signal source; possible person/org account lead,,,,TRUE,list with caveat,raw social signal; not endorsement,Raw account signal from archive. Frequency does not imply quality or endorsement.
P00568,'@PlasticCTO,Plastic,'@PlasticCTO,Twitter/X archive,mentioned/retweeted account,,TRUE,TRUE,1,1,,,,social signal source; possible person/org account lead,,,,TRUE,list with caveat,raw social signal; not endorsement,Raw account signal from archive. Frequency does not imply quality or endorsement.
P00569,'@clesaege,Clément Lesaege,'@clesaege,Twitter/X archive,mentioned/retweeted account,,TRUE,,1,0,,,,social signal source; possible person/org account lead,,,,TRUE,list with caveat,raw social signal; not endorsement,Raw account signal from archive. Frequency does not imply quality or endorsement.
P00570,'@ETHGlobal,ETHGlobal,'@ETHGlobal,Twitter/X archive,mentioned/retweeted account,,TRUE,,1,0,,,,social signal source; possible person/org account lead,,,,TRUE,list with caveat,raw social signal; not endorsement,Raw account signal from archive. Frequency does not imply quality or endorsement.
P00571,'@evmnow,evm.now,'@evmnow,Twitter/X archive,mentioned/retweeted account,,TRUE,,1,0,,,,social signal source; possible person/org account lead,,,,TRUE,list with caveat,raw social signal; not endorsement,Raw account signal from archive. Frequency does not imply quality or endorsement.
P00572,'@momack28,Molly Mackinlay | momack,'@momack28,Twitter/X archive,mentioned/retweeted account,,TRUE,,1,0,,,,social signal source; possible person/org account lead,,,,TRUE,list with caveat,raw social signal; not endorsement,Raw account signal from archive. Frequency does not imply quality or endorsement.
P00573,'@kaxline,"Keith Axline | Re-Public (🌳,🌳) (🧬,🧬)",'@kaxline,Twitter/X archive,mentioned/retweeted account,,TRUE,,1,0,,,,social signal source; possible person/org account lead,,,,TRUE,list with caveat,raw social signal; not endorsement,Raw account signal from archive. Frequency does not imply quality or endorsement.
P00574,'@USDC,USDC,'@USDC,Twitter/X archive,mentioned/retweeted account,,TRUE,,1,0,,,,social signal source; possible person/org account lead,,,,TRUE,list with caveat,raw social signal; not endorsement,Raw account signal from archive. Frequency does not imply quality or endorsement.
P00575,'@safe,Safe.eth,'@safe,Twitter/X archive,mentioned/retweeted account,,TRUE,TRUE,1,1,,,,social signal source; possible person/org account lead,,,,TRUE,list with caveat,raw social signal; not endorsement,Raw account signal from archive. Frequency does not imply quality or endorsement.
P00576,'@james_gaps,,'@james_gaps,Twitter/X archive,mentioned/retweeted account,,TRUE,TRUE,1,1,,,,social signal source; possible person/org account lead,,,,TRUE,list with caveat,raw social signal; not endorsement,Raw account signal from archive. Frequency does not imply quality or endorsement.
P00577,'@Truebitprotocol,Truebit,'@Truebitprotocol,Twitter/X archive,mentioned/retweeted account,,TRUE,TRUE,1,1,,,,social signal source; possible person/org account lead,,,,TRUE,list with caveat,raw social signal; not endorsement,Raw account signal from archive. Frequency does not imply quality or endorsement.
P00578,'@0xSkyMine,Sky 🦇🔊 | 🌶 | ℗⌐◨-◨ | 🌚 | .⌐◨-◨,'@0xSkyMine,Twitter/X archive,mentioned/retweeted account,,TRUE,TRUE,1,1,,,,social signal source; possible person/org account lead,,,,TRUE,list with caveat,raw social signal; not endorsement,Raw account signal from archive. Frequency does not imply quality or endorsement.
P00579,'@azeemk_,,'@azeemk_,Twitter/X archive,mentioned/retweeted account,,TRUE,TRUE,1,1,,,,social signal source; possible person/org account lead,,,,TRUE,list with caveat,raw social signal; not endorsement,Raw account signal from archive. Frequency does not imply quality or endorsement.
P00580,'@sustainsurf,SeaTrees,'@sustainsurf,Twitter/X archive,mentioned/retweeted account,,TRUE,,1,0,,,,social signal source; possible person/org account lead,,,,TRUE,list with caveat,raw social signal; not endorsement,Raw account signal from archive. Frequency does not imply quality or endorsement.
P00581,'@t2wrld,t2.world,'@t2wrld,Twitter/X archive,mentioned/retweeted account,,TRUE,,1,0,,,,social signal source; possible person/org account lead,,,,TRUE,list with caveat,raw social signal; not endorsement,Raw account signal from archive. Frequency does not imply quality or endorsement.
P00582,'@jsuarez5341,,'@jsuarez5341,Twitter/X archive,mentioned/retweeted account,,TRUE,TRUE,1,1,,,,social signal source; possible person/org account lead,,,,TRUE,list with caveat,raw social signal; not endorsement,Raw account signal from archive. Frequency does not imply quality or endorsement.
P00583,'@guil_is,Guil is 🌱 🌈,'@guil_is,Twitter/X archive,mentioned/retweeted account,,TRUE,TRUE,1,1,,,,social signal source; possible person/org account lead,,,,TRUE,list with caveat,raw social signal; not endorsement,Raw account signal from archive. Frequency does not imply quality or endorsement.
P00584,'@linaventures1,,'@linaventures1,Twitter/X archive,mentioned/retweeted account,,TRUE,TRUE,1,1,,,,social signal source; possible person/org account lead,,,,TRUE,list with caveat,raw social signal; not endorsement,Raw account signal from archive. Frequency does not imply quality or endorsement.
P00585,'@MariaShen,Maria 🐸,'@MariaShen,Twitter/X archive,mentioned/retweeted account,,TRUE,TRUE,1,1,,,,social signal source; possible person/org account lead,,,,TRUE,list with caveat,raw social signal; not endorsement,Raw account signal from archive. Frequency does not imply quality or endorsement.
P00586,'@collabberry,Collabberry,'@collabberry,Twitter/X archive,mentioned/retweeted account,,TRUE,,1,0,,,,social signal source; possible person/org account lead,,,,TRUE,list with caveat,raw social signal; not endorsement,Raw account signal from archive. Frequency does not imply quality or endorsement.
P00587,'@tokendynamics,Token Dynamics,'@tokendynamics,Twitter/X archive,mentioned/retweeted account,,TRUE,TRUE,1,1,,,,social signal source; possible person/org account lead,,,,TRUE,list with caveat,raw social signal; not endorsement,Raw account signal from archive. Frequency does not imply quality or endorsement.
P00588,'@HeliosReFi,Helios ☀️=💰,'@HeliosReFi,Twitter/X archive,mentioned/retweeted account,,TRUE,,1,0,,,,social signal source; possible person/org account lead,,,,TRUE,list with caveat,raw social signal; not endorsement,Raw account signal from archive. Frequency does not imply quality or endorsement.
P00589,'@AmelieLasker,Amelie,'@AmelieLasker,Twitter/X archive,mentioned/retweeted account,,TRUE,,1,0,,,,social signal source; possible person/org account lead,,,,TRUE,list with caveat,raw social signal; not endorsement,Raw account signal from archive. Frequency does not imply quality or endorsement.
P00590,'@AlexandriaLabs,Alexandria,'@AlexandriaLabs,Twitter/X archive,mentioned/retweeted account,,TRUE,,1,0,,,,social signal source; possible person/org account lead,,,,TRUE,list with caveat,raw social signal; not endorsement,Raw account signal from archive. Frequency does not imply quality or endorsement.
P00591,'@frontiertower,Frontier Tower,'@frontiertower,Twitter/X archive,mentioned/retweeted account,,TRUE,TRUE,1,1,,,,social signal source; possible person/org account lead,,,,TRUE,list with caveat,raw social signal; not endorsement,Raw account signal from archive. Frequency does not imply quality or endorsement.
P00592,'@LukeYoungblood,LukeYoungblood.eth 🛡️,'@LukeYoungblood,Twitter/X archive,mentioned/retweeted account,,TRUE,,1,0,,,,social signal source; possible person/org account lead,,,,TRUE,list with caveat,raw social signal; not endorsement,Raw account signal from archive. Frequency does not imply quality or endorsement.
P00593,'@MoonwellDeFi,Moonwell,'@MoonwellDeFi,Twitter/X archive,mentioned/retweeted account,,TRUE,,1,0,,,,social signal source; possible person/org account lead,,,,TRUE,list with caveat,raw social signal; not endorsement,Raw account signal from archive. Frequency does not imply quality or endorsement.
P00594,'@lorepunkdoteth,,'@lorepunkdoteth,Twitter/X archive,mentioned/retweeted account,,TRUE,TRUE,1,1,,,,social signal source; possible person/org account lead,,,,TRUE,list with caveat,raw social signal; not endorsement,Raw account signal from archive. Frequency does not imply quality or endorsement.
P00595,'@arlery,mashal (@ ETHconf 🗽),'@arlery,Twitter/X archive,mentioned/retweeted account,,TRUE,TRUE,1,1,,,,social signal source; possible person/org account lead,,,,TRUE,list with caveat,raw social signal; not endorsement,Raw account signal from archive. Frequency does not imply quality or endorsement.
P00596,'@greenpillnyc,Greenpill NYC,'@greenpillnyc,Twitter/X archive,mentioned/retweeted account,,TRUE,,1,0,,,,social signal source; possible person/org account lead,,,,TRUE,list with caveat,raw social signal; not endorsement,Raw account signal from archive. Frequency does not imply quality or endorsement.
P00597,'@gooddollarorg,GoodDollar 💙🌏,'@gooddollarorg,Twitter/X archive,mentioned/retweeted account,,TRUE,,1,0,,,,social signal source; possible person/org account lead,,,,TRUE,list with caveat,raw social signal; not endorsement,Raw account signal from archive. Frequency does not imply quality or endorsement.
P00598,'@Ripple,Ripple,'@Ripple,Twitter/X archive,mentioned/retweeted account,,TRUE,,1,0,,,,social signal source; possible person/org account lead,,,,TRUE,list with caveat,raw social signal; not endorsement,Raw account signal from archive. Frequency does not imply quality or endorsement.
P00599,'@Polkadot,Polkadot,'@Polkadot,Twitter/X archive,mentioned/retweeted account,,TRUE,,1,0,,,,social signal source; possible person/org account lead,,,,TRUE,list with caveat,raw social signal; not endorsement,Raw account signal from archive. Frequency does not imply quality or endorsement.
P00600,'@BillLaboon,Bill Laboon | Web3 Foundation,'@BillLaboon,Twitter/X archive,mentioned/retweeted account,,TRUE,,1,0,,,,social signal source; possible person/org account lead,,,,TRUE,list with caveat,raw social signal; not endorsement,Raw account signal from archive. Frequency does not imply quality or endorsement.
P00601,'@impactstake,Lido Impact Staking,'@impactstake,Twitter/X archive,mentioned/retweeted account,,TRUE,,1,0,,,,social signal source; possible person/org account lead,,,,TRUE,list with caveat,raw social signal; not endorsement,Raw account signal from archive. Frequency does not imply quality or endorsement.
P00602,'@regenbuild,RegenBuild 🏡,'@regenbuild,Twitter/X archive,mentioned/retweeted account,,TRUE,TRUE,1,1,,,,social signal source; possible person/org account lead,,,,TRUE,list with caveat,raw social signal; not endorsement,Raw account signal from archive. Frequency does not imply quality or endorsement.
P00603,'@sejal_rekhan,sejalrekhan.eth,'@sejal_rekhan,Twitter/X archive,mentioned/retweeted account,,TRUE,,1,0,,,,social signal source; possible person/org account lead,,,,TRUE,list with caveat,raw social signal; not endorsement,Raw account signal from archive. Frequency does not imply quality or endorsement.
P00604,'@ReFiDAOist,ReFi DAO 🪩,'@ReFiDAOist,Twitter/X archive,mentioned/retweeted account,,TRUE,,1,0,,,,social signal source; possible person/org account lead,,,,TRUE,list with caveat,raw social signal; not endorsement,Raw account signal from archive. Frequency does not imply quality or endorsement.
P00605,'@minipay,MiniPay,'@minipay,Twitter/X archive,mentioned/retweeted account,,TRUE,,1,0,,,,social signal source; possible person/org account lead,,,,TRUE,list with caveat,raw social signal; not endorsement,Raw account signal from archive. Frequency does not imply quality or endorsement.
P00606,'@VrbsDAO,Vrbs ▀▄▀,'@VrbsDAO,Twitter/X archive,mentioned/retweeted account,,TRUE,,1,0,,,,social signal source; possible person/org account lead,,,,TRUE,list with caveat,raw social signal; not endorsement,Raw account signal from archive. Frequency does not imply quality or endorsement.
P00607,'@izzylawrence11,DecentralizedCEO⎮🟢🍄,'@izzylawrence11,Twitter/X archive,mentioned/retweeted account,,TRUE,,1,0,,,,social signal source; possible person/org account lead,,,,TRUE,list with caveat,raw social signal; not endorsement,Raw account signal from archive. Frequency does not imply quality or endorsement.
P00608,'@gp_dev_guild,previous handle of the Greenpill Dev Guild,'@gp_dev_guild,Twitter/X archive,mentioned/retweeted account,,TRUE,,1,0,,,,social signal source; possible person/org account lead,,,,TRUE,list with caveat,raw social signal; not endorsement,Raw account signal from archive. Frequency does not imply quality or endorsement.
P00609,'@c0mput3rxz,penguin (acc/ai16z),'@c0mput3rxz,Twitter/X archive,mentioned/retweeted account,,TRUE,,1,0,,,,social signal source; possible person/org account lead,,,,TRUE,list with caveat,raw social signal; not endorsement,Raw account signal from archive. Frequency does not imply quality or endorsement.
P00610,'@greengoodsapp,Green Goods,'@greengoodsapp,Twitter/X archive,mentioned/retweeted account,,TRUE,,1,0,,,,social signal source; possible person/org account lead,,,,TRUE,list with caveat,raw social signal; not endorsement,Raw account signal from archive. Frequency does not imply quality or endorsement.
P00611,'@EricCMack,EricMack.eth,'@EricCMack,Twitter/X archive,mentioned/retweeted account,,TRUE,TRUE,1,1,,,,social signal source; possible person/org account lead,,,,TRUE,list with caveat,raw social signal; not endorsement,Raw account signal from archive. Frequency does not imply quality or endorsement.
P00612,'@tayvano_,Tay 💖,'@tayvano_,Twitter/X archive,mentioned/retweeted account,,TRUE,TRUE,1,1,,,,social signal source; possible person/org account lead,,,,TRUE,list with caveat,raw social signal; not endorsement,Raw account signal from archive. Frequency does not imply quality or endorsement.
P00613,'@TYMEinc_,🌉building,'@TYMEinc_,Twitter/X archive,mentioned/retweeted account,,TRUE,,1,0,,,,social signal source; possible person/org account lead,,,,TRUE,list with caveat,raw social signal; not endorsement,Raw account signal from archive. Frequency does not imply quality or endorsement.
P00614,'@donnoh_eth,donnoh.eth 💗,'@donnoh_eth,Twitter/X archive,mentioned/retweeted account,,TRUE,TRUE,1,1,,,,social signal source; possible person/org account lead,,,,TRUE,list with caveat,raw social signal; not endorsement,Raw account signal from archive. Frequency does not imply quality or endorsement.
P00615,'@aztecnetwork,Aztec,'@aztecnetwork,Twitter/X archive,mentioned/retweeted account,,TRUE,,1,0,,,,social signal source; possible person/org account lead,,,,TRUE,list with caveat,raw social signal; not endorsement,Raw account signal from archive. Frequency does not imply quality or endorsement.
P00616,'@NicolasC3rny,Nicolas Cerny,'@NicolasC3rny,Twitter/X archive,mentioned/retweeted account,,TRUE,TRUE,1,1,,,,social signal source; possible person/org account lead,,,,TRUE,list with caveat,raw social signal; not endorsement,Raw account signal from archive. Frequency does not imply quality or endorsement.
P00617,'@FLI_org,Future of Life Institute,'@FLI_org,Twitter/X archive,mentioned/retweeted account,,TRUE,,1,0,,,,social signal source; possible person/org account lead,,,,TRUE,list with caveat,raw social signal; not endorsement,Raw account signal from archive. Frequency does not imply quality or endorsement.
P00618,'@StandTogether,Stand Together,'@StandTogether,Twitter/X archive,mentioned/retweeted account,,TRUE,,1,0,,,,social signal source; possible person/org account lead,,,,TRUE,list with caveat,raw social signal; not endorsement,Raw account signal from archive. Frequency does not imply quality or endorsement.
P00619,'@PCC_Global,Platform Cooperativism Consortium - Global,'@PCC_Global,Twitter/X archive,mentioned/retweeted account,,TRUE,TRUE,1,1,,,,social signal source; possible person/org account lead,,,,TRUE,list with caveat,raw social signal; not endorsement,Raw account signal from archive. Frequency does not imply quality or endorsement.
P00620,'@join_agora,Agora Citizen Network,'@join_agora,Twitter/X archive,mentioned/retweeted account,,TRUE,,1,0,,,,social signal source; possible person/org account lead,,,,TRUE,list with caveat,raw social signal; not endorsement,Raw account signal from archive. Frequency does not imply quality or endorsement.
P00621,'@TiberiusB,Tiberius,'@TiberiusB,Twitter/X archive,mentioned/retweeted account,,TRUE,TRUE,1,1,,,,social signal source; possible person/org account lead,,,,TRUE,list with caveat,raw social signal; not endorsement,Raw account signal from archive. Frequency does not imply quality or endorsement.
P00622,'@FreedomofPress,Freedom of the Press Foundation,'@FreedomofPress,Twitter/X archive,mentioned/retweeted account,,TRUE,TRUE,1,1,,,,social signal source; possible person/org account lead,,,,TRUE,list with caveat,raw social signal; not endorsement,Raw account signal from archive. Frequency does not imply quality or endorsement.
P00623,'@owocki,Kevin Owocki,'@owocki,explicit_podcast_synthesis,Greenpill Podcast host; field bridge,"Greenpill, Gitcoin, public goods funding",TRUE,,,,"Greenpill, Gitcoin, public goods funding",public goods; mechanism design; regenerative crypto,,guest/source steward/reviewer candidate,TRUE,TRUE,TRUE,TRUE,list with caveat,raw; needs verification,Greenpill Podcast host; field bridge
P00624,Carl Cervone,Carl Cervone,,explicit_podcast_synthesis,Hypercerts / retro funding bridge,"Hypercerts, Gitcoin, public goods funding",TRUE,,,,"Hypercerts, Gitcoin, public goods funding",hypercerts; impact claims; retroactive funding,,guest/reviewer candidate,TRUE,TRUE,TRUE,TRUE,list with caveat,raw; needs verification,Hypercerts / retro funding bridge
P00625,'@devanshmehta,Devansh Mehta,'@devanshmehta,twitter_and_podcast_signal,Greenpill co-host / public goods discussions,Greenpill / public goods,TRUE,TRUE,,,Greenpill / public goods,public goods; podcasts; Ethereum,,guest/source steward candidate,,,TRUE,TRUE,list with caveat,raw; needs verification,Greenpill co-host / public goods discussions
P00626,'@VitalikButerin,Vitalik Buterin,'@VitalikButerin,twitter_signal,"Ethereum public goods, protocol, coordination",Ethereum,,TRUE,,,Ethereum,Ethereum; public goods; mechanism design,,reference/guest lead,,,TRUE,TRUE,list with caveat,raw; needs verification,"Ethereum public goods, protocol, coordination"
P00627,Glen Weyl,Glen Weyl,,explicit_podcast_synthesis,"Plurality, quadratic funding, civic tech",Plurality Institute / RadicalxChange,TRUE,,,,Plurality Institute / RadicalxChange,plurality; democracy; QF,,source/reviewer lead,,TRUE,,TRUE,list with caveat,raw; needs verification,"Plurality, quadratic funding, civic tech"
P00628,Audrey Tang,Audrey Tang,,explicit_podcast_synthesis,Plurality and civic tech reference,Taiwan / Plurality,TRUE,,,,Taiwan / Plurality,civic tech; public AI; democracy,,source/reviewer lead,,TRUE,,TRUE,list with caveat,raw; needs verification,Plurality and civic tech reference
P00629,Primavera De Filippi,Primavera De Filippi,,explicit_podcast_synthesis,Blockchain governance / commons,CNRS / Harvard / blockchain governance,TRUE,,,,CNRS / Harvard / blockchain governance,governance; law; commons,,source/reviewer lead,,TRUE,,TRUE,list with caveat,raw; needs verification,Blockchain governance / commons
P00630,Felix Beer,Felix Beer,,explicit_podcast_synthesis,Referenced with governance / coordination context,Blockchain governance,TRUE,,,,Blockchain governance,governance; Ethereum,,source lead,,,,TRUE,list with caveat,raw; needs verification,Referenced with governance / coordination context
P00631,Trent Van Epps,Trent Van Epps,,explicit_podcast_synthesis,Ethereum governance / public goods,Ethereum ecosystem,TRUE,,,,Ethereum ecosystem,Ethereum; governance,,source lead,,,,TRUE,list with caveat,raw; needs verification,Ethereum governance / public goods
P00632,Boris Dyakov,Boris Dyakov,,explicit_podcast_synthesis,Governance / coordination signal,Ethereum / governance,TRUE,,,,Ethereum / governance,governance; Ethereum,,source lead,,,,TRUE,list with caveat,raw; needs verification,Governance / coordination signal
P00633,Daniel Ospina,Daniel Ospina,,explicit_podcast_synthesis,Organization design and governance,Rethink / governance / systems,TRUE,,,,Rethink / governance / systems,governance; org design,,reviewer lead,,TRUE,,TRUE,list with caveat,raw; needs verification,Organization design and governance
P00634,Jon Hillis,Jon Hillis,,explicit_podcast_synthesis,Localism and network communities,Cabin / network state adjacent,TRUE,,,,Cabin / network state adjacent,localism; network states,,guest lead,,,TRUE,TRUE,list with caveat,raw; needs verification,Localism and network communities
P00635,Ameen Soleimani,Ameen Soleimani,,explicit_podcast_synthesis,Moloch / coordination / Ethereum public goods,MolochDAO / Ethereum,TRUE,,,,MolochDAO / Ethereum,Ethereum; DAOs,,source lead,,,,TRUE,list with caveat,raw; needs verification,Moloch / coordination / Ethereum public goods
P00636,Austin Griffith,Austin Griffith,,adjacent_expansion,Ethereum builder tooling,BuidlGuidl / Scaffold-ETH,,,,,BuidlGuidl / Scaffold-ETH,builder tooling; open source,,builder/reviewer lead,,TRUE,,TRUE,list with caveat,raw; needs verification,Ethereum builder tooling
P00637,Zak Cole,Zak Cole,,adjacent_expansion,Builder tooling / AI agents context,Number Group / OpenClaw / Ethereum AI agents,,,,,Number Group / OpenClaw / Ethereum AI agents,AI agents; Ethereum; builder tooling,,builder lead,,,,TRUE,list with caveat,raw; needs verification,Builder tooling / AI agents context
P00638,Juan Benet,Juan Benet,,adjacent_expansion,Public goods funding / decentralized storage,Protocol Labs / Filecoin,,,,,Protocol Labs / Filecoin,public goods; storage; research,,source lead,,,,TRUE,list with caveat,raw; needs verification,Public goods funding / decentralized storage
P00639,Pooja Ranjan,Pooja Ranjan,,adjacent_expansion,Ethereum governance / education,Ethereum Cat Herders / Herder-in-Chief,,,,,Ethereum Cat Herders / Herder-in-Chief,Ethereum governance; education,,source lead,,,,TRUE,list with caveat,raw; needs verification,Ethereum governance / education
P00640,Scott Moore,Scott Moore,,adjacent_expansion,Public goods funding / Gitcoin,Gitcoin / public goods,,,,,Gitcoin / public goods,public goods; QF,,source lead,,,,TRUE,list with caveat,raw; needs verification,Public goods funding / Gitcoin
P00641,Vivek Singh,Vivek Singh,,adjacent_expansion,Allo / grants infrastructure,Gitcoin / Allo,,,,,Gitcoin / Allo,Allo; grants; public goods,,builder lead,,,,TRUE,list with caveat,raw; needs verification,Allo / grants infrastructure
P00642,LauNaMu,LauNaMu,,twitter_signal,Octant ecosystem signal,Octant / public goods,,TRUE,,,Octant / public goods,public goods funding,,source lead,,,,TRUE,list with caveat,raw; needs verification,Octant ecosystem signal
P00643,Matthew Monahan,Matthew Monahan,,explicit_podcast_synthesis,Host/publisher in podcast source system,Ma Earth / The Regeneration Will Be Funded,TRUE,,,,Ma Earth / The Regeneration Will Be Funded,regenerative finance; podcast; bioregions,,source steward candidate,,,,TRUE,list with caveat,raw; needs verification,Host/publisher in podcast source system
P00644,Gregory Landua,Gregory Landua,,explicit_podcast_synthesis,Regenerative economics and bioregional finance,Regen Network / Regen Foundation / Regenesis,TRUE,,,,Regen Network / Regen Foundation / Regenesis,ReFi; bioregionalism; eight forms of capital,,source/reviewer lead,,TRUE,,TRUE,list with caveat,raw; needs verification,Regenerative economics and bioregional finance
P00645,Austin Wade Smith,Austin Wade Smith,,explicit_podcast_synthesis,Bioregional finance bridge,Ma Earth / ReFi / Bioregional finance,TRUE,,,,Ma Earth / ReFi / Bioregional finance,bioregional finance; ReFi,,source lead,TRUE,,,TRUE,list with caveat,raw; needs verification,Bioregional finance bridge
P00646,'@wor,Will Ruddick,'@wor,explicit_podcast_synthesis,Community currencies and commitment pooling,Grassroots Economics / Sarafu,TRUE,,,,Grassroots Economics / Sarafu,community currencies; mutual credit; Sarafu,,source/reviewer lead,,TRUE,,TRUE,list with caveat,raw; needs verification,Community currencies and commitment pooling
P00647,Atossa Soltani,Atossa Soltani,,explicit_podcast_synthesis,Indigenous and ecological protection context,Amazon Sacred Headwaters / rights of nature,TRUE,,,,Amazon Sacred Headwaters / rights of nature,Indigenous stewardship; rights of nature,,source lead; public-use caution,,,,TRUE,list with caveat,raw; needs verification,Indigenous and ecological protection context
P00648,Tom Crowther,Tom Crowther,,explicit_podcast_synthesis,Restoration and ecology reference,Crowther Lab / ecology,TRUE,,,,Crowther Lab / ecology,ecology; restoration science,,source lead,,,,TRUE,list with caveat,raw; needs verification,Restoration and ecology reference
P00649,Erin Matariki Carr,Erin Matariki Carr,,explicit_podcast_synthesis,Indigenous knowledge and land governance signal,Indigenous rights / Aotearoa,TRUE,,,,Indigenous rights / Aotearoa,Indigenous knowledge; rights of nature,,public-use caution,,,,TRUE,list with caveat,raw; needs verification,Indigenous knowledge and land governance signal
P00650,Samantha Power,Samantha Power,,explicit_podcast_synthesis,Philanthropy / aid context reference,USAID / humanitarian policy,TRUE,,,,USAID / humanitarian policy,aid; philanthropy,,source lead,,,,TRUE,list with caveat,raw; needs verification,Philanthropy / aid context reference
P00651,Erin Healy,Erin Healy,,explicit_podcast_synthesis,Regenerative finance / land stewardship signal,Ma Earth context,TRUE,,,,Ma Earth context,ReFi; ecology,,source lead,,,,TRUE,list with caveat,raw; needs verification,Regenerative finance / land stewardship signal
P00652,Tiffany Pyette,Tiffany Pyette,,explicit_podcast_synthesis,Regenerative finance / ecological stewardship signal,Ma Earth context,TRUE,,,,Ma Earth context,ReFi; ecology,,source lead,,,,TRUE,list with caveat,raw; needs verification,Regenerative finance / ecological stewardship signal
P00653,Uyunkar Domingo Peas,Uyunkar Domingo Peas,,explicit_podcast_synthesis,Indigenous stewardship primary voice signal,Amazon Sacred Headwaters,TRUE,,,,Amazon Sacred Headwaters,Indigenous stewardship; Amazon,,public-use caution,,,,TRUE,list with caveat,raw; needs verification,Indigenous stewardship primary voice signal
P00654,Cassandra Lynn Ferrera,Cassandra Lynn Ferrera,,explicit_podcast_synthesis,Commons and land-based practice,Commons / land / regenerative culture,TRUE,,,,Commons / land / regenerative culture,commons; land; regeneration,,source lead,,,,TRUE,list with caveat,raw; needs verification,Commons and land-based practice
P00655,Brandon Welch,Brandon Welch,,explicit_podcast_synthesis,Regeneration and ecosystem finance signal,Ma Earth / regeneration context,TRUE,,,,Ma Earth / regeneration context,regeneration; finance,,source lead,,,,TRUE,list with caveat,raw; needs verification,Regeneration and ecosystem finance signal
P00656,Justin Winters,Justin Winters,,explicit_podcast_synthesis,Climate philanthropy / One Earth,One Earth / philanthropic climate context,TRUE,,,,One Earth / philanthropic climate context,climate; philanthropy,,source lead,,,,TRUE,list with caveat,raw; needs verification,Climate philanthropy / One Earth
P00657,Karl Burkart,Karl Burkart,,explicit_podcast_synthesis,Climate philanthropy and mapping,One Earth / climate mapping,TRUE,,,,One Earth / climate mapping,climate; mapping; philanthropy,,source lead,,,,TRUE,list with caveat,raw; needs verification,Climate philanthropy and mapping
P00658,Tony Lai,Tony Lai,,explicit_podcast_synthesis,Rights of nature / legal commons context,Legal / commons / governance,TRUE,,,,Legal / commons / governance,law; commons; rights of nature,,source lead,,,,TRUE,list with caveat,raw; needs verification,Rights of nature / legal commons context
P00659,'@mbauwens,Michel Bauwens,'@mbauwens,explicit_podcast_synthesis,Commons and peer production,P2P Foundation,TRUE,,,,P2P Foundation,commons; P2P; cooperative economy,,source/reviewer lead,,TRUE,,TRUE,list with caveat,raw; needs verification,Commons and peer production
P00660,Nate Hagens,Nate Hagens,,explicit_podcast_synthesis,"Energy, ecology, systems thinking",The Great Simplification,TRUE,,,,The Great Simplification,energy; systems; ecology,,source lead,,,,TRUE,list with caveat,raw; needs verification,"Energy, ecology, systems thinking"
P00661,Stuart Cowan,Stuart Cowan,,explicit_podcast_synthesis,Regenerative economics and systems,Ecological economics / regenerative development,TRUE,,,,Ecological economics / regenerative development,ecological economics; systems,,source lead,,,,TRUE,list with caveat,raw; needs verification,Regenerative economics and systems
P00662,Yoseph Ayele,Yoseph Ayele,,explicit_podcast_synthesis,Commons and local economies,Edgeryders / community finance,TRUE,,,,Edgeryders / community finance,commons; finance; community,,source lead,,,,TRUE,list with caveat,raw; needs verification,Commons and local economies
P00663,Andy Tudhope,Andy Tudhope,,explicit_podcast_synthesis,Knowledge and commons source signal,Open source / commons / Ethereum adjacent,TRUE,,,,Open source / commons / Ethereum adjacent,commons; open source,,source lead,,,,TRUE,list with caveat,raw; needs verification,Knowledge and commons source signal
P00664,Paul Gambill,Paul Gambill,,adjacent_expansion,Carbon removal / net zero critique,Nori,,,,,Nori,carbon removal; climate markets,,source lead,,,,TRUE,list with caveat,raw; needs verification,Carbon removal / net zero critique
P00665,Martin Stuchtey,Martin Stuchtey,,adjacent_expansion,Nature on balance sheet / land finance,The Landbanking Group,,,,,The Landbanking Group,nature finance; land banking,,source lead,,,,TRUE,list with caveat,raw; needs verification,Nature on balance sheet / land finance
P00666,Rez,Rez,,adjacent_expansion,Forward carbon financing,Solid World,,,,,Solid World,carbon finance; ReFi,,source lead,,,,TRUE,list with caveat,raw; needs verification,Forward carbon financing
P00667,David Dao,David Dao,,explicit_podcast_synthesis,AI/conservation and impact verification,GainForest,TRUE,,,,GainForest,conservation; AI; ReFi,,source lead,,,,TRUE,list with caveat,raw; needs verification,AI/conservation and impact verification
P00668,Djimo Serodio,Djimo Serodio,,explicit_podcast_synthesis,Tree planting / MRV context,Silvi / ReFi,TRUE,,,,Silvi / ReFi,dMRV; trees; ReFi,,source lead,,,,TRUE,list with caveat,raw; needs verification,Tree planting / MRV context
P00669,Magenta Ceiba,Magenta Ceiba,,explicit_podcast_synthesis,Cultural/ecological regeneration signal,ReFi / indigenous / cultural regeneration,TRUE,,,,ReFi / indigenous / cultural regeneration,culture; ReFi; ecology,,source lead,,,,TRUE,list with caveat,raw; needs verification,Cultural/ecological regeneration signal
P00670,Drew Simon,Drew Simon,,explicit_podcast_synthesis,Podcast founder / nonprofit onboarding bridge,Crypto Altruists,TRUE,,,,Crypto Altruists,web3 impact; nonprofit onboarding,,source steward candidate,TRUE,,,TRUE,list with caveat,raw; needs verification,Podcast founder / nonprofit onboarding bridge
P00671,Ivan Kosyuk,Ivan Kosyuk,,explicit_podcast_synthesis,Humanitarian / Ukraine web3 signal,Crypto Altruists context,TRUE,,,,Crypto Altruists context,humanitarian web3,,source lead,,,,TRUE,list with caveat,raw; needs verification,Humanitarian / Ukraine web3 signal
P00672,Tetiana Deshko,Tetiana Deshko,,explicit_podcast_synthesis,Humanitarian / Ukraine web3 signal,Crypto Altruists context,TRUE,,,,Crypto Altruists context,humanitarian web3,,source lead,,,,TRUE,list with caveat,raw; needs verification,Humanitarian / Ukraine web3 signal
P00673,Nigel Pont,Nigel Pont,,explicit_podcast_synthesis,Web3 impact signal,Crypto Altruists context,TRUE,,,,Crypto Altruists context,web3 impact,,source lead,,,,TRUE,list with caveat,raw; needs verification,Web3 impact signal
P00674,Joshua Dávila,Joshua Dávila,,explicit_podcast_synthesis,Crypto left / web3 social impact,Crypto Altruists context,TRUE,,,,Crypto Altruists context,cooperative crypto; crypto left,,source lead,,,,TRUE,list with caveat,raw; needs verification,Crypto left / web3 social impact
P00675,Joe Agoada,Joe Agoada,,explicit_podcast_synthesis,Stablecoin / humanitarian rails signal,Crypto Altruists context,TRUE,,,,Crypto Altruists context,stablecoins; humanitarian,,source lead,,,,TRUE,list with caveat,raw; needs verification,Stablecoin / humanitarian rails signal
P00676,Mark Pascall,Mark Pascall,,explicit_podcast_synthesis,Web3 social impact signal,Crypto Altruists context,TRUE,,,,Crypto Altruists context,web3 impact,,source lead,,,,TRUE,list with caveat,raw; needs verification,Web3 social impact signal
P00677,Stefan Deiss,Stefan Deiss,,explicit_podcast_synthesis,Web3 impact signal,Crypto Altruists context,TRUE,,,,Crypto Altruists context,web3 impact,,source lead,,,,TRUE,list with caveat,raw; needs verification,Web3 impact signal
P00678,Yaniv Tal,Yaniv Tal,,explicit_podcast_synthesis,Decentralized indexing / public goods infra,The Graph / web3 infrastructure,TRUE,,,,The Graph / web3 infrastructure,indexing; public goods; web3,,source lead,,,,TRUE,list with caveat,raw; needs verification,Decentralized indexing / public goods infra
P00679,Heenal,Heenal,,explicit_project_context,v1 site / toolkit context,Regen Toolkit / Greenpill context,,,,,Regen Toolkit / Greenpill context,knowledge commons; tooling,,project contributor,,,,TRUE,list with caveat,raw; needs verification,v1 site / toolkit context
P00680,Marv,Marv,,explicit_project_context,Design/implementation context,Regen Toolkit / Greenpill context,,,,,Regen Toolkit / Greenpill context,knowledge commons,,project contributor,,,,TRUE,list with caveat,raw; needs verification,Design/implementation context
P00681,rathermercurial,rathermercurial,,explicit_podcast_synthesis,Swarm and knowledge commons context,OpenCivics / Swarm context,TRUE,,,,OpenCivics / Swarm context,knowledge commons; OpenCivics,,source lead,,,,TRUE,list with caveat,raw; needs verification,Swarm and knowledge commons context
P00682,'@durgadasjii,Durgadas,'@durgadasjii,twitter_and_project_context,Structural integrity / frame language,CSIS / Gravity DAO / Holonic Horizons,,TRUE,,,CSIS / Gravity DAO / Holonic Horizons,CSIS; structural integrity,,CSIS reviewer lead,,TRUE,,TRUE,list with caveat,raw; needs verification,Structural integrity / frame language
P00683,'@cognitivepolicy,Joe Brewer,'@cognitivepolicy,twitter_signal,Regenerative systems / culture design,Earth Regenerators / cognitive policy,,TRUE,,,Earth Regenerators / cognitive policy,systems; bioregionalism,,source lead,,,,TRUE,list with caveat,raw; needs verification,Regenerative systems / culture design
P00684,'@omniharmonic,Benjamin Life,'@omniharmonic,twitter_signal,AI/coordination/social signal,re/acc / coordination,,TRUE,,,re/acc / coordination,AI; coordination,,source lead,,,,TRUE,list with caveat,raw; needs verification,AI/coordination/social signal
P00685,'@LBorreani,Louise Borreani,'@LBorreani,twitter_signal,ReFi/localism social signal,ReFi / localism context,,TRUE,,,ReFi / localism context,ReFi; localism,,source lead,,,,TRUE,list with caveat,raw; needs verification,ReFi/localism social signal
P00686,'@samflan,Sam Flanagan,'@samflan,twitter_signal,Social signal lead,Ethereum / public goods context,,TRUE,,,Ethereum / public goods context,Ethereum; public goods,,source lead,,,,TRUE,list with caveat,raw; needs verification,Social signal lead
