id,name,type,url,author_org_or_steward,category_or_domain,themes_tags,source_origin,source_detail,source_signal_count,expansion_status,review_status,public_use_status,suggested_toolkit_route,notes
E00011,Bonfires AI,AI tool / project,https://bonfires.ai/,Bonfires AI,"AI, Collective Intelligence & Coordination",AI coordination,Provided resource seed,Markdown resource table,,resource_registry_v0_2,raw,list with caveat,Resource Registry,
E00041,URL lead - americamagazine.org,Tool / protocol / platform,https://www.americamagazine.org/faithinfocus/2026/01/09/monastery-quiet-sustainability/,,"AI, Collective Intelligence & Sensemaking","twitter, url-lead",Twitter/X social signal,Expanded URL in uploaded tweets.js,1,resource_registry_v0_2,raw,list with caveat,Resource Registry,Auto-extracted URL lead from Twitter archive. Context: RT @ntnsndr: Thanks to @americamag for this essay on the @us_trappists monastery that changed my life: https://t.co/U8TvfBeDFx
E00046,URL lead - ensurance.app,Tool / protocol / platform,https://ensurance.app/guide/why-ai-agents-need-ensurance,,"AI, Collective Intelligence & Sensemaking","twitter, url-lead",Twitter/X social signal,Expanded URL in uploaded tweets.js,1,resource_registry_v0_2,raw,list with caveat,Resource Registry,"Auto-extracted URL lead from Twitter archive. Context: RT @tmoindustries: ""why ai agents need ensurance"" 

 https://t.co/P4SntIzQJX"
E00049,URL lead - grokipedia.com,Tool / protocol / platform,https://grokipedia.com/page/DeSci_Asia,,"AI, Collective Intelligence & Sensemaking","twitter, url-lead",Twitter/X social signal,Expanded URL in uploaded tweets.js,1,resource_registry_v0_2,raw,list with caveat,Resource Registry,"Auto-extracted URL lead from Twitter archive. Context: RT @swiftevo1: AI application case study - Grok &amp; Grokipedia

https://t.co/Thv9eE5tT5

As the founder of @DeSciAsia , i chat with @grok, se…"
E00083,Consul Democracy,Participatory democracy platform,https://consuldemocracy.org/,Consul,"Civic Tech, Democracy & Pluralism","civic tech, participation",AI-expanded / project-context lead,Creative expansion from project context and social-signal clusters,,resource_registry_v0_2,raw,list with caveat,Resource Registry,"Added as a reviewable expansion lead; verify fit, URL, and priority before treating as curated."
E00084,Decidim,Participatory democracy platform,https://decidim.org/,Decidim,"Civic Tech, Democracy & Pluralism","civic tech, participation",AI-expanded / project-context lead,Creative expansion from project context and social-signal clusters,,resource_registry_v0_2,raw,list with caveat,Resource Registry,"Added as a reviewable expansion lead; verify fit, URL, and priority before treating as curated."
E00085,Polis,Deliberation / opinion mapping tool,https://pol.is/home,Pol.is,"Civic Tech, Democracy & Pluralism","deliberation, democracy",AI-expanded / project-context lead,Creative expansion from project context and social-signal clusters,,resource_registry_v0_2,raw,list with caveat,Resource Registry,"Added as a reviewable expansion lead; verify fit, URL, and priority before treating as curated."
E00086,Loomio,Collaborative decision-making tool,https://www.loomio.com/,Loomio,"Civic Tech, Democracy & Pluralism","governance, decisions",AI-expanded / project-context lead,Creative expansion from project context and social-signal clusters,,resource_registry_v0_2,raw,list with caveat,Resource Registry,"Added as a reviewable expansion lead; verify fit, URL, and priority before treating as curated."
E00111,GeoDe Labs,Mapping / location project,https://x.com/geodelabs/status/2040163152722047193,GeoDe Labs,"Civic Tech, Localism & Network States",location,Provided resource seed,Markdown resource table,,resource_registry_v0_2,raw,list with caveat,Resource Registry,
E00121,_gabrielShapir0,Twitter/X account / social signal source,https://x.com/lex_node,'@lex_node,"Community Building, Events & Networks","twitter, x, curation-signal",Twitter/X social signal,Mentioned in uploaded tweets.js,1,resource_registry_v0_2,raw,list with caveat,Resource Registry,"Auto-extracted account lead from Twitter archive. Counts are mention/retweet signals, not endorsement."
E00154,Platform Cooperativism Consortium,Research / movement,https://platform.coop/,The New School,Coordination & Governance,"cooperatives, platform ownership",Provided resource seed,Markdown resource table,,resource_registry_v0_2,raw,list with caveat,Resource Registry,
E00172,Creative Commons,Legal tool,https://creativecommons.org/,Creative Commons,Coordination & Governance,"licensing, commons",Provided resource seed,Markdown resource table,,resource_registry_v0_2,raw,list with caveat,Resource Registry,
E00178,Coordination Structural Integrity Suite,Toolkit,https://github.com/coordination-structural-integrity-suite/suite,Gravity DAO / Durgadas,Coordination & Governance,coordination integrity,Provided resource seed,Markdown resource table,,resource_registry_v0_2,raw,list with caveat,Resource Registry,
E00191,Klima Protocol,Twitter/X account / social signal source,https://x.com/KlimaDAO,'@KlimaDAO,Coordination & Governance,"twitter, x, curation-signal",Twitter/X social signal,Mentioned in uploaded tweets.js,4,resource_registry_v0_2,raw,list with caveat,Resource Registry,"Auto-extracted account lead from Twitter archive. Counts are mention/retweet signals, not endorsement."
E00209,URL lead - carboncopy.news,Tool / protocol / platform,https://carboncopy.news/content/web3-tooling-series/the-data,,Coordination & Governance,"twitter, url-lead",Twitter/X social signal,Expanded URL in uploaded tweets.js,1,resource_registry_v0_2,raw,list with caveat,Resource Registry,"Auto-extracted URL lead from Twitter archive. Context: The first article in the series is live.

This piece highlights patterns in the survey — from the ineffectiveness of web3 governance tools for local contexts to the redundancy of impact reporting tools, and more.

Have a good read.

https://t.co/XfBDNJKYrV https://t.co/5DCvYTJRvK"
E00222,URL lead - news.peerbase.xyz,Tool / protocol / platform,https://news.peerbase.xyz/p/ipe-news-9-voting-tools-network-state,,Coordination & Governance,"twitter, url-lead",Twitter/X social signal,Expanded URL in uploaded tweets.js,1,resource_registry_v0_2,raw,list with caveat,Resource Registry,"Auto-extracted URL lead from Twitter archive. Context: RT @ipecity: Ipê News #9 is out! 🤘🏼
https://t.co/DwBugraLgI

🏘️ Startup Cities Live: @_Lonis_ explains what's next for @ProsperaGlobal 
🏫 V…"
E00239,URL lead - paragraph.com,Tool / protocol / platform,https://paragraph.com/@abundance/a-crypto-economic-revolution,,Coordination & Governance,"twitter, url-lead",Twitter/X social signal,Expanded URL in uploaded tweets.js,1,resource_registry_v0_2,raw,list with caveat,Resource Registry,"Auto-extracted URL lead from Twitter archive. Context: RT @Abundance_DAO: What happens to a system when more and more people realize it no longer works in their interest?
https://t.co/P2yOrV6sw6"
E00245,URL lead - publicnouns.wtf,Tool / protocol / platform,https://publicnouns.wtf/vote/80,,Coordination & Governance,"twitter, url-lead",Twitter/X social signal,Expanded URL in uploaded tweets.js,1,resource_registry_v0_2,raw,list with caveat,Resource Registry,"Auto-extracted URL lead from Twitter archive. Context: RT @PublicNouns: The final proposal in Public Nouns DAO has happened (for now?) 

https://t.co/UPbXLl8yX0

Trees in a forest always die at…"
E00249,URL lead - x.com,Tool / protocol / platform,https://x.com/GreenpillWrites/status/2014722503294230647,,Coordination & Governance,"twitter, url-lead",Twitter/X social signal,Expanded URL in uploaded tweets.js,1,resource_registry_v0_2,raw,list with caveat,Resource Registry,"Auto-extracted URL lead from Twitter archive. Context: The first article in the series is live.

This piece highlights patterns in the survey — from the ineffectiveness of web3 governance tools for local contexts to the redundancy of impact reporting tools, and more.

Have a good read.

https://t.co/XfBDNJKYrV https://t.co/5DCvYTJRvK"
E00257,Raw URL lead - bloomnetwork.earth,Tool / protocol / platform,https://bloomnetwork.earth/,,Coordination & Governance,"raw-url, preserve-not-lose",Raw URL preservation,Extracted from provided docs/texts,7,resource_registry_v0_2,raw,list with caveat,Resource Registry,"Preserved from uploaded documents/text. Context: on, ecosystem mapping - https://refidao.com/ - Bloom Network - regenerative local action and impact reporting network - https://bloomnetwork.earth/ - Regen Coordination Hub - coordination context and possible source system - https://regencoordination.xyz/ - Regens Un"
E00289,MapBiomas,Land-use monitoring,https://mapbiomas.org/,MapBiomas,"Environmental Data, MRV & Mapping","Brazil, land use",Provided resource seed,Markdown resource table,,resource_registry_v0_2,raw,list with caveat,Resource Registry,
E00290,OpenStreetMap,Open map,https://www.openstreetmap.org/,OSM,"Environmental Data, MRV & Mapping",mapping,Provided resource seed,Markdown resource table,,resource_registry_v0_2,raw,list with caveat,Resource Registry,
E00291,Google Earth Engine,Geospatial platform,https://earthengine.google.com/,Google,"Environmental Data, MRV & Mapping",remote sensing,Provided resource seed,Markdown resource table,,resource_registry_v0_2,raw,list with caveat,Resource Registry,
E00292,HOT OpenStreetMap Team,Humanitarian mapping,https://www.hotosm.org/,HOT OSM,"Environmental Data, MRV & Mapping",community mapping,Provided resource seed,Markdown resource table,,resource_registry_v0_2,raw,list with caveat,Resource Registry,
E00293,NASA ARSET,Training,https://appliedsciences.nasa.gov/what-we-do/capacity-building/arset,NASA,"Environmental Data, MRV & Mapping",remote sensing,Provided resource seed,Markdown resource table,,resource_registry_v0_2,raw,list with caveat,Resource Registry,
E00294,Open Foris,Forest monitoring tools,https://openforis.org/,FAO,"Environmental Data, MRV & Mapping",forestry,Provided resource seed,Markdown resource table,,resource_registry_v0_2,raw,list with caveat,Resource Registry,
E00295,Restor,Restoration map,https://restor.eco/,Restor,"Environmental Data, MRV & Mapping",restoration,Provided resource seed,Markdown resource table,,resource_registry_v0_2,raw,list with caveat,Resource Registry,
E00296,SEPAL,Remote sensing,https://sepal.io/,FAO,"Environmental Data, MRV & Mapping",forest monitoring,Provided resource seed,Markdown resource table,,resource_registry_v0_2,raw,list with caveat,Resource Registry,
E00297,GBIF,Biodiversity data,https://www.gbif.org/,GBIF,"Environmental Data, MRV & Mapping",biodiversity,Provided resource seed,Markdown resource table,,resource_registry_v0_2,raw,list with caveat,Resource Registry,
E00298,Global Forest Watch,Forest monitoring,https://www.globalforestwatch.org/,WRI,"Environmental Data, MRV & Mapping",forest data,Provided resource seed,Markdown resource table,,resource_registry_v0_2,raw,list with caveat,Resource Registry,
E00299,iNaturalist,Biodiversity observations,https://www.inaturalist.org/,iNaturalist,"Environmental Data, MRV & Mapping",citizen science,Provided resource seed,Markdown resource table,,resource_registry_v0_2,raw,list with caveat,Resource Registry,
E00300,QGIS,GIS tool,https://qgis.org/,QGIS,"Environmental Data, MRV & Mapping",GIS,Provided resource seed,Markdown resource table,,resource_registry_v0_2,raw,list with caveat,Resource Registry,
E00301,Arkeen,Project,Raw / no canonical link,Arkeen,"Environmental Data, MRV & Mapping","DePIN, energy",Provided resource seed,Markdown resource table,,resource_registry_v0_2,raw,list with caveat,Resource Registry,
E00302,Environmental Organizations / Land Management / Permaculture,Category,Raw / no canonical link,Concept cluster,"Environmental Data, MRV & Mapping",ecology,Provided resource seed,Markdown resource table,,resource_registry_v0_2,raw,list with caveat,Resource Registry,
E00303,EAS Docs,Documentation,https://docs.attest.org/,EAS,"Ethereum, Web3 Infrastructure & Security","attestations, documentation",AI-expanded / project-context lead,Creative expansion from project context and social-signal clusters,,resource_registry_v0_2,raw,list with caveat,Resource Registry,"Added as a reviewable expansion lead; verify fit, URL, and priority before treating as curated."
E00305,Ethereum Attestation Service,Attestation protocol,https://attest.org/,EAS,"Ethereum, Web3 Infrastructure & Security","attestations, EAS",AI-expanded / project-context lead,Creative expansion from project context and social-signal clusters,,resource_registry_v0_2,raw,list with caveat,Resource Registry,"Added as a reviewable expansion lead; verify fit, URL, and priority before treating as curated."
E00312,Shutter Docs,Documentation,https://docs.shutter.network/,Shutter,"Ethereum, Web3 Infrastructure & Security","privacy, documentation",AI-expanded / project-context lead,Creative expansion from project context and social-signal clusters,,resource_registry_v0_2,raw,list with caveat,Resource Registry,"Added as a reviewable expansion lead; verify fit, URL, and priority before treating as curated."
E00313,Shutter Network,Privacy / encrypted mempool / threshold encryption,https://www.shutter.network/,Shutter,"Ethereum, Web3 Infrastructure & Security","privacy, MEV, encryption",AI-expanded / project-context lead,Creative expansion from project context and social-signal clusters,,resource_registry_v0_2,raw,list with caveat,Resource Registry,"Added as a reviewable expansion lead; verify fit, URL, and priority before treating as curated."
E00314,Zodiac,DAO module tooling,https://zodiac.wiki/,Gnosis Guild,"Ethereum, Web3 Infrastructure & Security","DAO modules, Safe",AI-expanded / project-context lead,Creative expansion from project context and social-signal clusters,,resource_registry_v0_2,raw,list with caveat,Resource Registry,"Added as a reviewable expansion lead; verify fit, URL, and priority before treating as curated."
E00316,POAP,Proof of attendance protocol,https://poap.xyz/,POAP,"Ethereum, Web3 Infrastructure & Security","POAP, participation",AI-expanded / project-context lead,Creative expansion from project context and social-signal clusters,,resource_registry_v0_2,raw,list with caveat,Resource Registry,"Added as a reviewable expansion lead; verify fit, URL, and priority before treating as curated."
E00318,BigWater,Twitter/X account / social signal source,https://x.com/BigWProtocol,'@BigWProtocol,"Ethereum, Web3 Infrastructure & Security","twitter, x, curation-signal",Twitter/X social signal,Mentioned in uploaded tweets.js,1,resource_registry_v0_2,raw,list with caveat,Resource Registry,"Auto-extracted account lead from Twitter archive. Counts are mention/retweet signals, not endorsement."
E00319,DAVINCI protocol,Twitter/X account / social signal source,https://x.com/davinci_vote,'@davinci_vote,"Ethereum, Web3 Infrastructure & Security","twitter, x, curation-signal",Twitter/X social signal,Mentioned in uploaded tweets.js,2,resource_registry_v0_2,raw,list with caveat,Resource Registry,"Auto-extracted account lead from Twitter archive. Counts are mention/retweet signals, not endorsement."
E00320,EAS (Ethereum Attestation Service),Twitter/X account / social signal source,https://x.com/eas_eth,'@eas_eth,"Ethereum, Web3 Infrastructure & Security","twitter, x, curation-signal",Twitter/X social signal,Mentioned in uploaded tweets.js,1,resource_registry_v0_2,raw,list with caveat,Resource Registry,"Auto-extracted account lead from Twitter archive. Counts are mention/retweet signals, not endorsement."
E00321,EF Protocol Support,Twitter/X account / social signal source,https://x.com/EFprotocol,'@EFprotocol,"Ethereum, Web3 Infrastructure & Security","twitter, x, curation-signal",Twitter/X social signal,Mentioned in uploaded tweets.js,2,resource_registry_v0_2,raw,list with caveat,Resource Registry,"Auto-extracted account lead from Twitter archive. Counts are mention/retweet signals, not endorsement."
E00329,Hats Protocol 🧢🎩👒,Twitter/X account / social signal source,https://x.com/hatsprotocol,'@hatsprotocol,"Ethereum, Web3 Infrastructure & Security","twitter, x, curation-signal",Twitter/X social signal,Mentioned in uploaded tweets.js,1,resource_registry_v0_2,raw,list with caveat,Resource Registry,"Auto-extracted account lead from Twitter archive. Counts are mention/retweet signals, not endorsement."
E00330,Juicebox Protocol | Program your project's money,Twitter/X account / social signal source,https://x.com/juiceboxETH,'@juiceboxETH,"Ethereum, Web3 Infrastructure & Security","twitter, x, curation-signal",Twitter/X social signal,Mentioned in uploaded tweets.js,2,resource_registry_v0_2,raw,list with caveat,Resource Registry,"Auto-extracted account lead from Twitter archive. Counts are mention/retweet signals, not endorsement."
E00337,Protocol Guild,Twitter/X account / social signal source,https://x.com/ProtocolGuild,'@ProtocolGuild,"Ethereum, Web3 Infrastructure & Security","twitter, x, curation-signal",Twitter/X social signal,Mentioned in uploaded tweets.js,3,resource_registry_v0_2,raw,list with caveat,Resource Registry,"Auto-extracted account lead from Twitter archive. Counts are mention/retweet signals, not endorsement."
E00338,Protocol Labs,Twitter/X account / social signal source,https://x.com/protocollabs,'@protocollabs,"Ethereum, Web3 Infrastructure & Security","twitter, x, curation-signal",Twitter/X social signal,Mentioned in uploaded tweets.js,1,resource_registry_v0_2,raw,list with caveat,Resource Registry,"Auto-extracted account lead from Twitter archive. Counts are mention/retweet signals, not endorsement."
E00340,Sacred Protocol,Twitter/X account / social signal source,https://x.com/SacredProtocol,'@SacredProtocol,"Ethereum, Web3 Infrastructure & Security","twitter, x, curation-signal",Twitter/X social signal,Mentioned in uploaded tweets.js,1,resource_registry_v0_2,raw,list with caveat,Resource Registry,"Auto-extracted account lead from Twitter archive. Counts are mention/retweet signals, not endorsement."
E00342,SelfProtocol,Twitter/X account / social signal source,https://x.com/SelfProtocol,'@SelfProtocol,"Ethereum, Web3 Infrastructure & Security","twitter, x, curation-signal",Twitter/X social signal,Mentioned in uploaded tweets.js,1,resource_registry_v0_2,raw,list with caveat,Resource Registry,"Auto-extracted account lead from Twitter archive. Counts are mention/retweet signals, not endorsement."
E00343,Shutter 🛡️⚔️,Twitter/X account / social signal source,https://x.com/ShutterNetwork,'@ShutterNetwork,"Ethereum, Web3 Infrastructure & Security","twitter, x, curation-signal",Twitter/X social signal,Mentioned in uploaded tweets.js,4,resource_registry_v0_2,raw,list with caveat,Resource Registry,"Auto-extracted account lead from Twitter archive. Counts are mention/retweet signals, not endorsement."
E00344,Silvi🤳🌳,Twitter/X account / social signal source,https://x.com/SilviProtocol,'@SilviProtocol,"Ethereum, Web3 Infrastructure & Security","twitter, x, curation-signal",Twitter/X social signal,Mentioned in uploaded tweets.js,4,resource_registry_v0_2,raw,list with caveat,Resource Registry,"Auto-extracted account lead from Twitter archive. Counts are mention/retweet signals, not endorsement."
E00345,Story,Twitter/X account / social signal source,https://x.com/StoryProtocol,'@StoryProtocol,"Ethereum, Web3 Infrastructure & Security","twitter, x, curation-signal",Twitter/X social signal,Mentioned in uploaded tweets.js,1,resource_registry_v0_2,raw,list with caveat,Resource Registry,"Auto-extracted account lead from Twitter archive. Counts are mention/retweet signals, not endorsement."
E00349,Truebit,Twitter/X account / social signal source,https://x.com/Truebitprotocol,'@Truebitprotocol,"Ethereum, Web3 Infrastructure & Security","twitter, x, curation-signal",Twitter/X social signal,Mentioned in uploaded tweets.js,1,resource_registry_v0_2,raw,list with caveat,Resource Registry,"Auto-extracted account lead from Twitter archive. Counts are mention/retweet signals, not endorsement."
E00351,URL lead - blog.ethereum.org,Tool / protocol / platform,https://blog.ethereum.org/2025/07/31/lean-ethereum,,"Ethereum, Web3 Infrastructure & Security","twitter, url-lead",Twitter/X social signal,Expanded URL in uploaded tweets.js,1,resource_registry_v0_2,raw,list with caveat,Resource Registry,"Auto-extracted URL lead from Twitter archive. Context: RT @ethereumfndn: lean Ethereum: a vision by @drakefjustin about the future of the Ethereum Protocol.
https://t.co/zXV7xbDg5T"
E00353,URL lead - ethresear.ch,Tool / protocol / platform,http://EthResear.ch,,"Ethereum, Web3 Infrastructure & Security","twitter, url-lead",Twitter/X social signal,Expanded URL in uploaded tweets.js,1,resource_registry_v0_2,raw,list with caveat,Resource Registry,"Auto-extracted URL lead from Twitter archive. Context: RT @ethresearchbot: New post on https://t.co/neli1nzo0Y!

Ara Whitepaper: a blockchain as a protocol agreement and recommendation system

B…"
E00376,Ʉnlock Protocol,Twitter/X account / social signal source,https://x.com/UnlockProtocol,'@UnlockProtocol,"Ethereum, Web3 Infrastructure & Security","twitter, x, curation-signal",Twitter/X social signal,Mentioned in uploaded tweets.js,9,resource_registry_v0_2,raw,list with caveat,Resource Registry,"Auto-extracted account lead from Twitter archive. Counts are mention/retweet signals, not endorsement."
E00378,Raw URL lead - block.science,Tool / protocol / platform,https://block.science/,,"Ethereum, Web3 Infrastructure & Security","raw-url, preserve-not-lose",Raw URL preservation,Extracted from provided docs/texts,5,resource_registry_v0_2,raw,list with caveat,Resource Registry,"Preserved from uploaded documents/text. Context: g research and tooling - https://www.tokenengineeringlabs.com/ - BlockScience - complex systems and token engineering - https://block.science/ - Mechanism Design for Social Good - mechanism design research - https://www.md4sg.com/ ### Ethereum, protocol, and pu"
E00379,Raw URL lead - brightid.org,Tool / protocol / platform,https://www.brightid.org/,,"Ethereum, Web3 Infrastructure & Security","raw-url, preserve-not-lose",Raw URL preservation,Extracted from provided docs/texts,3,resource_registry_v0_2,raw,list with caveat,Resource Registry,Preserved from uploaded documents/text. Context: / Human Passport - Sybil resistance and identity - https://passport.xyz/ - BrightID - identity / anti-Sybil reference - https://www.brightid.org/ - Collab.Land - token-gated community access - https://collab.land/ - Self Protocol - privacy-preserving identity lead
E00383,Raw URL lead - pod.link,Tool / protocol / platform,https://pod.link/1609313639,,"Ethereum, Web3 Infrastructure & Security","raw-url, preserve-not-lose",Raw URL preservation,Extracted from provided docs/texts,1,resource_registry_v0_2,raw,list with caveat,Resource Registry,Preserved from uploaded documents/text. Context: Podcast Links: https://podcasts.apple.com/us/podcast/greenpill/id1609313639 https://www.youtube.com/@Green_Pill_Podcast https://pod.link/1609313639 Current status: Apple Podcasts works and confirms show metadata. YouTube and pod.link did not provide easy full episode
E00386,Raw URL lead - silviprotocol.com,Tool / protocol / platform,https://www.silviprotocol.com/,,"Ethereum, Web3 Infrastructure & Security","raw-url, preserve-not-lose",Raw URL preservation,Extracted from provided docs/texts,1,resource_registry_v0_2,raw,list with caveat,Resource Registry,Preserved from uploaded documents/text. Context:
E00388,Lit Protocol,Distributed keys / access control,https://litprotocol.com/,Lit Protocol,"Ethereum, Web3 Infrastructure & Security","access, encryption",AI-expanded / project-context lead,Creative expansion from project context and social-signal clusters,,resource_registry_v0_2,raw,list with caveat,Resource Registry,"Added as a reviewable expansion lead; verify fit, URL, and priority before treating as curated."
E00400,Allo Capital,Resource hub / allocation infrastructure,https://www.allo.capital/,Allo Capital,"Funding, Capital Flows & Public Goods","allo, capital allocation",AI-expanded / project-context lead,Creative expansion from project context and social-signal clusters,,resource_registry_v0_2,raw,list with caveat,Resource Registry,"Added as a reviewable expansion lead; verify fit, URL, and priority before treating as curated."
E00401,Allo Protocol,Capital allocation protocol,https://allo.gitcoin.co/,Gitcoin / Allo,"Funding, Capital Flows & Public Goods","allo, grants, protocol",AI-expanded / project-context lead,Creative expansion from project context and social-signal clusters,,resource_registry_v0_2,raw,list with caveat,Resource Registry,"Added as a reviewable expansion lead; verify fit, URL, and priority before treating as curated."
E00402,Gitcoin,Public goods funding platform,https://www.gitcoin.co/,Gitcoin,"Funding, Capital Flows & Public Goods","gitcoin, grants, public goods",AI-expanded / project-context lead,Creative expansion from project context and social-signal clusters,,resource_registry_v0_2,raw,list with caveat,Resource Registry,"Added as a reviewable expansion lead; verify fit, URL, and priority before treating as curated."
E00403,Gitcoin Grants Stack,Grant program tooling,https://www.gitcoin.co/grants-stack,Gitcoin,"Funding, Capital Flows & Public Goods","grants, qf, funding",AI-expanded / project-context lead,Creative expansion from project context and social-signal clusters,,resource_registry_v0_2,raw,list with caveat,Resource Registry,"Added as a reviewable expansion lead; verify fit, URL, and priority before treating as curated."
E00404,Giveth,Donation and QF platform,https://giveth.io/,Giveth,"Funding, Capital Flows & Public Goods","giveth, donations, qf",AI-expanded / project-context lead,Creative expansion from project context and social-signal clusters,,resource_registry_v0_2,raw,list with caveat,Resource Registry,"Added as a reviewable expansion lead; verify fit, URL, and priority before treating as curated."
E00405,Karma GAP,Grantee accountability / milestone tracker,https://gap.karmahq.xyz/,Karma,"Funding, Capital Flows & Public Goods","grants, accountability, milestones",AI-expanded / project-context lead,Creative expansion from project context and social-signal clusters,,resource_registry_v0_2,raw,list with caveat,Resource Registry,"Added as a reviewable expansion lead; verify fit, URL, and priority before treating as curated."
E00406,Octant,Public goods funding / allocation,https://octant.build/,Octant,"Funding, Capital Flows & Public Goods","octant, public goods, yield",AI-expanded / project-context lead,Creative expansion from project context and social-signal clusters,,resource_registry_v0_2,raw,list with caveat,Resource Registry,"Added as a reviewable expansion lead; verify fit, URL, and priority before treating as curated."
E00407,Open Source Observer,Open source impact analytics,https://www.opensource.observer/,OSO,"Funding, Capital Flows & Public Goods","impact, analytics, open source",AI-expanded / project-context lead,Creative expansion from project context and social-signal clusters,,resource_registry_v0_2,raw,list with caveat,Resource Registry,"Added as a reviewable expansion lead; verify fit, URL, and priority before treating as curated."
E00408,Bread Cooperative,Cooperative / distribution / funding,https://breadchain.xyz/,Bread Coop,"Funding, Capital Flows & Public Goods","bread, cooperative, funding",AI-expanded / project-context lead,Creative expansion from project context and social-signal clusters,,resource_registry_v0_2,raw,list with caveat,Resource Registry,"Added as a reviewable expansion lead; verify fit, URL, and priority before treating as curated."
E00409,0xj4an.celo.eth #Medellín 📍Medallo ⛰️,Twitter/X account / social signal source,https://x.com/0xj4an,'@0xj4an,"Funding, Capital Flows & Public Goods","twitter, x, curation-signal",Twitter/X social signal,Mentioned in uploaded tweets.js,1,resource_registry_v0_2,raw,list with caveat,Resource Registry,"Auto-extracted account lead from Twitter archive. Counts are mention/retweet signals, not endorsement."
E00410,Allo.Capital ⛲️💦,Twitter/X account / social signal source,https://x.com/allo_capital,'@allo_capital,"Funding, Capital Flows & Public Goods","twitter, x, curation-signal",Twitter/X social signal,Mentioned in uploaded tweets.js,3,resource_registry_v0_2,raw,list with caveat,Resource Registry,"Auto-extracted account lead from Twitter archive. Counts are mention/retweet signals, not endorsement."
E00411,ArtizenFund,Twitter/X account / social signal source,https://x.com/ArtizenFund,'@ArtizenFund,"Funding, Capital Flows & Public Goods","twitter, x, curation-signal",Twitter/X social signal,Mentioned in uploaded tweets.js,4,resource_registry_v0_2,raw,list with caveat,Resource Registry,"Auto-extracted account lead from Twitter archive. Counts are mention/retweet signals, not endorsement."
E00412,Bread Cooperative,Twitter/X account / social signal source,https://x.com/breadcoop,'@breadcoop,"Funding, Capital Flows & Public Goods","twitter, x, curation-signal",Twitter/X social signal,Mentioned in uploaded tweets.js,16,resource_registry_v0_2,raw,list with caveat,Resource Registry,"Auto-extracted account lead from Twitter archive. Counts are mention/retweet signals, not endorsement."
E00413,Celo Public Goods ♻️,Twitter/X account / social signal source,https://x.com/CeloPublicGoods,'@CeloPublicGoods,"Funding, Capital Flows & Public Goods","twitter, x, curation-signal",Twitter/X social signal,Mentioned in uploaded tweets.js,3,resource_registry_v0_2,raw,list with caveat,Resource Registry,"Auto-extracted account lead from Twitter archive. Counts are mention/retweet signals, not endorsement."
E00414,DeSci Gitcoin Community,Twitter/X account / social signal source,https://x.com/DeSci_Round_Ops,'@DeSci_Round_Ops,"Funding, Capital Flows & Public Goods","twitter, x, curation-signal",Twitter/X social signal,Mentioned in uploaded tweets.js,1,resource_registry_v0_2,raw,list with caveat,Resource Registry,"Auto-extracted account lead from Twitter archive. Counts are mention/retweet signals, not endorsement."
E00415,Funding the Commons,Twitter/X account / social signal source,https://x.com/FundingCommons,'@FundingCommons,"Funding, Capital Flows & Public Goods","twitter, x, curation-signal",Twitter/X social signal,Mentioned in uploaded tweets.js,10,resource_registry_v0_2,raw,list with caveat,Resource Registry,"Auto-extracted account lead from Twitter archive. Counts are mention/retweet signals, not endorsement."
E00416,GEN Ukraine Ecovillage #Octant #GG23,Twitter/X account / social signal source,https://x.com/gen_ukraine,'@gen_ukraine,"Funding, Capital Flows & Public Goods","twitter, x, curation-signal",Twitter/X social signal,Mentioned in uploaded tweets.js,7,resource_registry_v0_2,raw,list with caveat,Resource Registry,"Auto-extracted account lead from Twitter archive. Counts are mention/retweet signals, not endorsement."
E00417,Gitcoin,Twitter/X account / social signal source,https://x.com/gitcoin,'@gitcoin,"Funding, Capital Flows & Public Goods","twitter, x, curation-signal",Twitter/X social signal,Mentioned in uploaded tweets.js,25,resource_registry_v0_2,raw,list with caveat,Resource Registry,"Auto-extracted account lead from Twitter archive. Counts are mention/retweet signals, not endorsement."
E00418,Giveth,Twitter/X account / social signal source,https://x.com/Giveth,'@Giveth,"Funding, Capital Flows & Public Goods","twitter, x, curation-signal",Twitter/X social signal,Mentioned in uploaded tweets.js,19,resource_registry_v0_2,raw,list with caveat,Resource Registry,"Auto-extracted account lead from Twitter archive. Counts are mention/retweet signals, not endorsement."
E00419,Hypercerts Foundation,Twitter/X account / social signal source,https://x.com/hypercerts,'@hypercerts,"Funding, Capital Flows & Public Goods","twitter, x, curation-signal",Twitter/X social signal,Mentioned in uploaded tweets.js,4,resource_registry_v0_2,raw,list with caveat,Resource Registry,"Auto-extracted account lead from Twitter archive. Counts are mention/retweet signals, not endorsement."
E00420,james_gaps,Twitter/X account / social signal source,https://x.com/james_gaps,'@james_gaps,"Funding, Capital Flows & Public Goods","twitter, x, curation-signal",Twitter/X social signal,Mentioned in uploaded tweets.js,1,resource_registry_v0_2,raw,list with caveat,Resource Registry,"Auto-extracted account lead from Twitter archive. Counts are mention/retweet signals, not endorsement."
E00421,Karma,Twitter/X account / social signal source,https://x.com/karmahq_,'@karmahq_,"Funding, Capital Flows & Public Goods","twitter, x, curation-signal",Twitter/X social signal,Mentioned in uploaded tweets.js,9,resource_registry_v0_2,raw,list with caveat,Resource Registry,"Auto-extracted account lead from Twitter archive. Counts are mention/retweet signals, not endorsement."
E00422,Lauren Luz,Twitter/X account / social signal source,https://x.com/karmaticacid,'@karmaticacid,"Funding, Capital Flows & Public Goods","twitter, x, curation-signal",Twitter/X social signal,Mentioned in uploaded tweets.js,1,resource_registry_v0_2,raw,list with caveat,Resource Registry,"Auto-extracted account lead from Twitter archive. Counts are mention/retweet signals, not endorsement."
E00423,Ma Earth,Twitter/X account / social signal source,https://x.com/maearthstudio,'@maearthstudio,"Funding, Capital Flows & Public Goods","twitter, x, curation-signal",Twitter/X social signal,Mentioned in uploaded tweets.js,1,resource_registry_v0_2,raw,list with caveat,Resource Registry,"Auto-extracted account lead from Twitter archive. Counts are mention/retweet signals, not endorsement."
E00424,Maksym Zalevskyi GEN Ukraine #Octant,Twitter/X account / social signal source,https://x.com/RodovidMe,'@RodovidMe,"Funding, Capital Flows & Public Goods","twitter, x, curation-signal",Twitter/X social signal,Mentioned in uploaded tweets.js,4,resource_registry_v0_2,raw,list with caveat,Resource Registry,"Auto-extracted account lead from Twitter archive. Counts are mention/retweet signals, not endorsement."
E00425,Octant,Twitter/X account / social signal source,https://x.com/OctantApp,'@OctantApp,"Funding, Capital Flows & Public Goods","twitter, x, curation-signal",Twitter/X social signal,Mentioned in uploaded tweets.js,38,resource_registry_v0_2,raw,list with caveat,Resource Registry,"Auto-extracted account lead from Twitter archive. Counts are mention/retweet signals, not endorsement."
E00426,octant,Twitter/X account / social signal source,https://x.com/octant,'@octant,"Funding, Capital Flows & Public Goods","twitter, x, curation-signal",Twitter/X social signal,Mentioned in uploaded tweets.js,1,resource_registry_v0_2,raw,list with caveat,Resource Registry,"Auto-extracted account lead from Twitter archive. Counts are mention/retweet signals, not endorsement."
E00427,URL lead - allo.capital,Resource / lead,http://Allo.capital/resources,,"Funding, Capital Flows & Public Goods","twitter, url-lead",Twitter/X social signal,Expanded URL in uploaded tweets.js,1,resource_registry_v0_2,raw,list with caveat,Resource Registry,"Auto-extracted URL lead from Twitter archive. Context: RT @owocki: prints are here! 

you can get them @ https://t.co/UQyYZujK9h https://t.co/c4LFbhG1Yu"
E00428,URL lead - bloomnetwork.earth,Organization / initiative,http://bloomnetwork.earth,,"Funding, Capital Flows & Public Goods","twitter, url-lead",Twitter/X social signal,Expanded URL in uploaded tweets.js,1,resource_registry_v0_2,raw,list with caveat,Resource Registry,"Auto-extracted URL lead from Twitter archive. Context: RT @mbauwens: Retroactive public funding rewards the people who have already done the work:

* Bloom Network,

https://t.co/OhgRtaxPYz

 is…"
E00429,URL lead - carboncopy.news,Tool / protocol / platform,https://carboncopy.news/content/web3-tooling-series/the-experience,,"Funding, Capital Flows & Public Goods","twitter, url-lead",Twitter/X social signal,Expanded URL in uploaded tweets.js,1,resource_registry_v0_2,raw,list with caveat,Resource Registry,"Auto-extracted URL lead from Twitter archive. Context: Getting locals to use web3 tools is hard because much can go wrong; funding loss, tooling abandonment, complexity fatigue - you name it.

This article, second in the series, shares how ReFi communities navigate these issues.  

Have a delightful read.

https://t.co/jA2yxnfQmx htt"
E00430,URL lead - explorer.gitcoin.co,Tool / protocol / platform,https://explorer.gitcoin.co/#/round/42161/867/128,,"Funding, Capital Flows & Public Goods","twitter, url-lead",Twitter/X social signal,Expanded URL in uploaded tweets.js,2,resource_registry_v0_2,raw,list with caveat,Resource Registry,"Auto-extracted URL lead from Twitter archive. Context: GG23 home stretch! 🏇

Excited about our partnership with @CC_ReFi_News to create a series of articles exploring how ReFi communities are using Web3 tooling 🛠️ Show support here https://t.co/DJglcqPRXR

✍️ We're also in the @RegenCoordinate Global round https://t.co/PGWBJmpcVD"
E00431,URL lead - explorer.gitcoin.co,Tool / protocol / platform,https://explorer.gitcoin.co/#/round/42220/31/54,,"Funding, Capital Flows & Public Goods","twitter, url-lead",Twitter/X social signal,Expanded URL in uploaded tweets.js,2,resource_registry_v0_2,raw,list with caveat,Resource Registry,"Auto-extracted URL lead from Twitter archive. Context: GG23 home stretch! 🏇

Excited about our partnership with @CC_ReFi_News to create a series of articles exploring how ReFi communities are using Web3 tooling 🛠️ Show support here https://t.co/DJglcqPRXR

✍️ We're also in the @RegenCoordinate Global round https://t.co/PGWBJmpcVD"
E00432,URL lead - forms.gle,Tool / protocol / platform,https://forms.gle/JR1eoqQa6pwp3H6YA,,"Funding, Capital Flows & Public Goods","twitter, url-lead",Twitter/X social signal,Expanded URL in uploaded tweets.js,1,resource_registry_v0_2,raw,list with caveat,Resource Registry,"Auto-extracted URL lead from Twitter archive. Context: Last call for all public goods focused communities 💚 We’d love your input in our tooling survey! 

🔗https://t.co/R6SrPdtGgM

So far we have 29 survey responses and conducted 9 interviews ⚡️

Will share when the first part of the series officially drops on @CC_ReFi_News 🗞️ https:/"
E00433,URL lead - fortheworld.eco,Resource / lead,http://www.fortheworld.eco/insights/grantee-announcement,,"Funding, Capital Flows & Public Goods","twitter, url-lead",Twitter/X social signal,Expanded URL in uploaded tweets.js,1,resource_registry_v0_2,raw,list with caveat,Resource Registry,"Auto-extracted URL lead from Twitter archive. Context: RT @ETHForTheWorld: Read more about the grantees and ETH For The World ⬇️

https://t.co/UlD88bLDW7"
E00434,URL lead - forum.giveth.io,Forum / discussion archive,https://forum.giveth.io/t/causes-qf-round-results-wrap-up-september-10-october-2-2025/2117,,"Funding, Capital Flows & Public Goods","twitter, url-lead",Twitter/X social signal,Expanded URL in uploaded tweets.js,1,resource_registry_v0_2,raw,list with caveat,Resource Registry,"Auto-extracted URL lead from Twitter archive. Context: RT @Giveth: See the full breakdown + insights:
 👉https://t.co/9TPDucYg0z

The forum post is open for 3 business days for feedback, then we…"
E00435,URL lead - gainforest.gitbook.io,Documentation,https://gainforest.gitbook.io/docs/solutions/ecocerts,,"Funding, Capital Flows & Public Goods","twitter, url-lead",Twitter/X social signal,Expanded URL in uploaded tweets.js,1,resource_registry_v0_2,raw,list with caveat,Resource Registry,"Auto-extracted URL lead from Twitter archive. Context: RT @mbauwens: * What are Ecocerts?

https://t.co/y3PZ2NM8TC

""Ecocerts are environmental hypercerts that standardize the measurement and re…"
E00436,URL lead - gap.karmahq.xyz,Organization / initiative,https://gap.karmahq.xyz/project/greenpill-writers-guild?tab=updates,,"Funding, Capital Flows & Public Goods","twitter, url-lead",Twitter/X social signal,Expanded URL in uploaded tweets.js,1,resource_registry_v0_2,raw,list with caveat,Resource Registry,Auto-extracted URL lead from Twitter archive. Context: @RegenCoordinate @gitcoin @karmahq_ @dwddao @sejal_rekhan @allo_capital @owocki @ReFiDAOist @greenpillnet @CeloPublicGoods @maearthmedia Whew these AI Agents really don't trust us but our work is documented and linked in our @karmahq_ profile with the @RegenCoordinate activity re
E00437,URL lead - gov.gitcoin.co,Resource / lead,https://gov.gitcoin.co/t/gg23-predictive-funding-challenge-retrospective/25163,,"Funding, Capital Flows & Public Goods","twitter, url-lead",Twitter/X social signal,Expanded URL in uploaded tweets.js,1,resource_registry_v0_2,raw,list with caveat,Resource Registry,"Auto-extracted URL lead from Twitter archive. Context: RT @VitalikButerin: Deep funding is continuing, and recently finished a major round!

https://t.co/Pp5lyW6EDE

I think my main advice to @d…"
E00438,URL lead - gov.gitcoin.co,Tool / protocol / platform,https://gov.gitcoin.co/t/proposal-gitcoin-x-octant-yield-powered-matching-pilot/25065,,"Funding, Capital Flows & Public Goods","twitter, url-lead",Twitter/X social signal,Expanded URL in uploaded tweets.js,1,resource_registry_v0_2,raw,list with caveat,Resource Registry,"Auto-extracted URL lead from Twitter archive. Context: RT @owocki: new @gitcoin x @OctantApp prooposal, now with details!

thx @mathildawrites for this

https://t.co/dVcGqNCAhO"
E00439,URL lead - gov.gitcoin.co,Resource / lead,https://gov.gitcoin.co/t/proposal-gitcoin-x-octant-yield-powered-matching-for-gg25/24977,,"Funding, Capital Flows & Public Goods","twitter, url-lead",Twitter/X social signal,Expanded URL in uploaded tweets.js,1,resource_registry_v0_2,raw,list with caveat,Resource Registry,"Auto-extracted URL lead from Twitter archive. Context: RT @gitcoin: PROPOSAL - Gitcoin x Octant Yield-Powered Matching for GG25 [by @owocki] 
https://t.co/SFWb18NVMO"
E00440,URL lead - gov.gitcoin.co,Resource / lead,https://gov.gitcoin.co/t/partnership-gitcoin-x-giveth-quadratic-funding-for-oss-domain-in-gg24/23013,,"Funding, Capital Flows & Public Goods","twitter, url-lead",Twitter/X social signal,Expanded URL in uploaded tweets.js,1,resource_registry_v0_2,raw,list with caveat,Resource Registry,Auto-extracted URL lead from Twitter archive. Context: RT @Giveth: Learn more about it! https://t.co/L2bcKEt7SF
E00441,URL lead - gov.gitcoin.co,Resource / lead,https://gov.gitcoin.co/t/ann-partnership-gitcoin-x-giveth-quadratic-funding-for-oss-domain-in-gg24/23013,,"Funding, Capital Flows & Public Goods","twitter, url-lead",Twitter/X social signal,Expanded URL in uploaded tweets.js,1,resource_registry_v0_2,raw,list with caveat,Resource Registry,"Auto-extracted URL lead from Twitter archive. Context: RT @gitcoin: Read more on the partnership here below. More partnerships for OSS GG24 coming soon!
https://t.co/9YGeO8ETPQ"
E00443,URL lead - hackmd.io,Forum / discussion archive,https://hackmd.io/@Carboclanc/SJFYXKt_ex,,"Funding, Capital Flows & Public Goods","twitter, url-lead",Twitter/X social signal,Expanded URL in uploaded tweets.js,1,resource_registry_v0_2,raw,list with caveat,Resource Registry,"Auto-extracted URL lead from Twitter archive. Context: RT @theobtl: Find all links and resources around the Ethereum Research Funding Forum New York 2025 here:
https://t.co/zIdnk6EX2p"
E00444,URL lead - mountainjournal.org,Organization / initiative,https://mountainjournal.org/wildlife-crossings-could-see-permanent-federal-funding-through-bipartisan-bill-introduced-by-zinke-and-beyer/,,"Funding, Capital Flows & Public Goods","twitter, url-lead",Twitter/X social signal,Expanded URL in uploaded tweets.js,1,resource_registry_v0_2,raw,list with caveat,Resource Registry,Auto-extracted URL lead from Twitter archive. Context: RT @tmoindustries: Wildlife Crossings Could See Permanent Federal Funding Through Bipartisan Bill - Mountain Journal https://t.co/pF0PT4XzhS
E00445,URL lead - mozillafoundation.org,Organization / initiative,https://www.mozillafoundation.org/en/what-we-do/grantmaking/incubator/democracy-ai-cohort/,,"Funding, Capital Flows & Public Goods","twitter, url-lead",Twitter/X social signal,Expanded URL in uploaded tweets.js,1,resource_registry_v0_2,raw,list with caveat,Resource Registry,"Auto-extracted URL lead from Twitter archive. Context: RT @PluralityInst: Democracy x AI Cohort: Call for Proposals by Mozilla Foundation
Deadline: March 16, 2026 https://t.co/NYAvtoL8y8"
E00446,URL lead - nathanschneider.info,Resource / lead,https://nathanschneider.info/2026/02/constitutional-agents-for-online-governance/,,"Funding, Capital Flows & Public Goods","twitter, url-lead",Twitter/X social signal,Expanded URL in uploaded tweets.js,1,resource_registry_v0_2,raw,list with caveat,Resource Registry,"Auto-extracted URL lead from Twitter archive. Context: RT @ntnsndr: New blog post: ""Constitutional Agents for Online Governance"" https://t.co/MJfccqFjcz"
E00447,URL lead - news.artizen.fund,Resource / lead,https://news.artizen.fund/p/vending-machine-for-creativity,,"Funding, Capital Flows & Public Goods","twitter, url-lead",Twitter/X social signal,Expanded URL in uploaded tweets.js,1,resource_registry_v0_2,raw,list with caveat,Resource Registry,"Auto-extracted URL lead from Twitter archive. Context: RT @ArtizenFund: @revnets @juiceboxETH @me_jango Read about our Revnet here: 
https://t.co/tNrER5DvV8"
E00448,URL lead - news.giveth.io,Resource / lead,https://news.giveth.io/givnews48,,"Funding, Capital Flows & Public Goods","twitter, url-lead",Twitter/X social signal,Expanded URL in uploaded tweets.js,1,resource_registry_v0_2,raw,list with caveat,Resource Registry,"Auto-extracted URL lead from Twitter archive. Context: RT @Giveth: Read the full edition 👇

https://t.co/Y9irA3pKag"
E00449,URL lead - paragraph.com,Resource / lead,https://paragraph.com/@greenpill/celebrating-evolution-and-alignment-bread-cooperative-regen-coordination,,"Funding, Capital Flows & Public Goods","twitter, url-lead",Twitter/X social signal,Expanded URL in uploaded tweets.js,1,resource_registry_v0_2,raw,list with caveat,Resource Registry,"Auto-extracted URL lead from Twitter archive. Context: RT @greenpillnet: @breadcoop 🍞💚 @RegenCoordinate 

https://t.co/1uKxciYnZ1"
E00450,URL lead - paragraph.com,Resource / lead,https://paragraph.com/@holonic-horizons/beyond-funding-web3s-real-coordination-crisis-and-the-paradoxes-were-ignoring,,"Funding, Capital Flows & Public Goods","twitter, url-lead",Twitter/X social signal,Expanded URL in uploaded tweets.js,1,resource_registry_v0_2,raw,list with caveat,Resource Registry,"Auto-extracted URL lead from Twitter archive. Context: RT @durgadasjii: https://t.co/eCDRx4jCtF My latest post on Web3, funding, and coordination."
E00451,URL lead - paragraph.com,Resource / lead,https://paragraph.com/@greenpilldevguild/the-allo-alliance-innovating-capital-allocation-on-chain,,"Funding, Capital Flows & Public Goods","twitter, url-lead",Twitter/X social signal,Expanded URL in uploaded tweets.js,1,resource_registry_v0_2,raw,list with caveat,Resource Registry,"Auto-extracted URL lead from Twitter archive. Context: RT @greenpilldevs: Part 3 🌳 The Allo Alliance - Innovating Capital Allocation On-Chain

🔗 https://t.co/tWSmerrGKr

As funds start to accrue…"
E00452,URL lead - paragraph.com,Resource / lead,https://paragraph.com/@paul2.eth/the-2-token-model-for-public-goods,,"Funding, Capital Flows & Public Goods","twitter, url-lead",Twitter/X social signal,Expanded URL in uploaded tweets.js,1,resource_registry_v0_2,raw,list with caveat,Resource Registry,"Auto-extracted URL lead from Twitter archive. Context: RT @Paul_Glavin: Moving beyond the inherent conflict between good governance and good business for public goods.

https://t.co/0gh9Xljwap"
E00453,URL lead - snapshot.box,Organization / initiative,https://snapshot.box/#/s:gitcoindao.eth/proposal/0x13c3dced815dba9c84475d1f70e8edd36ff4554473020e57926d3984643dfd6b,,"Funding, Capital Flows & Public Goods","twitter, url-lead",Twitter/X social signal,Expanded URL in uploaded tweets.js,1,resource_registry_v0_2,raw,list with caveat,Resource Registry,"Auto-extracted URL lead from Twitter archive. Context: RT @gardens_fund: Last week the @gitcoin community voted to take our relationship to the next level 🚀

https://t.co/CP1ZUvFP8Z

Previously…"
E00454,URL lead - stage.gitcoin.co,Resource / lead,https://stage.gitcoin.co/research/post-capitalist-substrate-of-the-abundance-economy,,"Funding, Capital Flows & Public Goods","twitter, url-lead",Twitter/X social signal,Expanded URL in uploaded tweets.js,1,resource_registry_v0_2,raw,list with caveat,Resource Registry,"Auto-extracted URL lead from Twitter archive. Context: RT @owockibot: @omniharmonic @owocki 🫡

https://t.co/e10kmmofwQ"
E00455,URL lead - x.com,Tool / protocol / platform,https://x.com/GreenpillWrites/status/2015695327731302766,,"Funding, Capital Flows & Public Goods","twitter, url-lead",Twitter/X social signal,Expanded URL in uploaded tweets.js,1,resource_registry_v0_2,raw,list with caveat,Resource Registry,"Auto-extracted URL lead from Twitter archive. Context: Getting locals to use web3 tools is hard because much can go wrong; funding loss, tooling abandonment, complexity fatigue - you name it.

This article, second in the series, shares how ReFi communities navigate these issues.  

Have a delightful read.

https://t.co/jA2yxnfQmx htt"
E00456,URL lead - x.com,Tool / protocol / platform,https://x.com/GreenpillWrites/status/1935366487998447940,,"Funding, Capital Flows & Public Goods","twitter, url-lead",Twitter/X social signal,Expanded URL in uploaded tweets.js,1,resource_registry_v0_2,raw,list with caveat,Resource Registry,"Auto-extracted URL lead from Twitter archive. Context: Last call for all public goods focused communities 💚 We’d love your input in our tooling survey! 

🔗https://t.co/R6SrPdtGgM

So far we have 29 survey responses and conducted 9 interviews ⚡️

Will share when the first part of the series officially drops on @CC_ReFi_News 🗞️ https:/"
E00475,Raw URL lead - allo.capital,Resource / lead,https://www.allo.capital/,,"Funding, Capital Flows & Public Goods","raw-url, preserve-not-lose",Raw URL preservation,Extracted from provided docs/texts,2,resource_registry_v0_2,raw,list with caveat,Resource Registry,Preserved from uploaded documents/text. Context:
E00476,Raw URL lead - allo.capital,Resource / lead,https://www.allo.capital/resources,,"Funding, Capital Flows & Public Goods","raw-url, preserve-not-lose",Raw URL preservation,Extracted from provided docs/texts,2,resource_registry_v0_2,raw,list with caveat,Resource Registry,Preserved from uploaded documents/text. Context:
E00477,Raw URL lead - allo.capital,Resource / lead,https://www.allo.capital/resources/ocah1,,"Funding, Capital Flows & Public Goods","raw-url, preserve-not-lose",Raw URL preservation,Extracted from provided docs/texts,1,resource_registry_v0_2,raw,list with caveat,Resource Registry,Preserved from uploaded documents/text. Context:
E00478,Raw URL lead - allo.capital,Resource / lead,https://www.allo.capital/resources/Ocah2,,"Funding, Capital Flows & Public Goods","raw-url, preserve-not-lose",Raw URL preservation,Extracted from provided docs/texts,1,resource_registry_v0_2,raw,list with caveat,Resource Registry,Preserved from uploaded documents/text. Context:
E00479,Raw URL lead - allo.capital,Organization / initiative,https://www.allo.capital/resources/thenetworkedfirm,,"Funding, Capital Flows & Public Goods","raw-url, preserve-not-lose",Raw URL preservation,Extracted from provided docs/texts,1,resource_registry_v0_2,raw,list with caveat,Resource Registry,Preserved from uploaded documents/text. Context:
E00483,Raw URL lead - breadchain.xyz,Resource / lead,https://breadchain.xyz/,,"Funding, Capital Flows & Public Goods","raw-url, preserve-not-lose",Raw URL preservation,Extracted from provided docs/texts,2,resource_registry_v0_2,raw,list with caveat,Resource Registry,"Preserved from uploaded documents/text. Context: ion / funding governance lead - https://gardens.fund/ - Bread Cooperative - solidarity crypto and distribution cycles - https://breadchain.xyz/ - Grassroots Economics / Sarafu - commitment pooling, community currencies, local finance - https://www.grassrootsecono"
E00484,Raw URL lead - celo.org,Organization / initiative,https://celo.org/,,"Funding, Capital Flows & Public Goods","raw-url, preserve-not-lose",Raw URL preservation,Extracted from provided docs/texts,3,resource_registry_v0_2,raw,list with caveat,Resource Registry,Preserved from uploaded documents/text. Context: didate - https://www.regenatlas.xyz/ - Celo / Celo Public Goods - mobile-first and ReFi-adjacent blockchain ecosystem - https://celo.org/ - Climate Collective - climate web3 and ReFi ecosystem context - https://climatecollective.org/ - Ethereum Localism - l
E00485,Raw URL lead - cryptoaltruists.com,Resource / lead,https://www.cryptoaltruists.com/podcasts,,"Funding, Capital Flows & Public Goods","raw-url, preserve-not-lose",Raw URL preservation,Extracted from provided docs/texts,3,resource_registry_v0_2,raw,list with caveat,Resource Registry,"Preserved from uploaded documents/text. Context: /podcast/greenpill/id1609313639 - Crypto Altruists Podcast - web3 impact, ReFi, humanitarian aid, DeSci, public goods - https://www.cryptoaltruists.com/podcasts - The Blockchain Socialist - crypto-left, cooperative crypto, public AI, Fileverse, Bread Coop - https://theblockchains | eed; YouTube export; playlist export; copied episode list; high-signal episode list. 7.2 Crypto Altruists Podcast Lin"
E00486,Raw URL lead - daostar.org,Organization / initiative,https://www.daostar.org/open-grants,,"Funding, Capital Flows & Public Goods","raw-url, preserve-not-lose",Raw URL preservation,Extracted from provided docs/texts,2,resource_registry_v0_2,raw,list with caveat,Resource Registry,Preserved from uploaded documents/text. Context:
E00487,Raw URL lead - docs.attest.org,Documentation,https://docs.attest.org/,,"Funding, Capital Flows & Public Goods","raw-url, preserve-not-lose",Raw URL preservation,Extracted from provided docs/texts,2,resource_registry_v0_2,raw,list with caveat,Resource Registry,"Preserved from uploaded documents/text. Context: Identity, attestations, access, reputation, and records - Ethereum Attestation Service - attestation infrastructure - https://docs.attest.org/ - EAS Explorer - schemas and attestations - https://easscan.org/ - Hypercerts - structured impact records - https://doc"
E00488,Raw URL lead - docs.gap.karmahq.xyz,Documentation,https://docs.gap.karmahq.xyz/,,"Funding, Capital Flows & Public Goods","raw-url, preserve-not-lose",Raw URL preservation,Extracted from provided docs/texts,4,resource_registry_v0_2,raw,list with caveat,Resource Registry,"Preserved from uploaded documents/text. Context: tive funding leads - https://docs.hypercerts.org/ - Karma GAP - grantee accountability and milestone/progress updates - https://docs.gap.karmahq.xyz/ ### Knowledge gardens, ontology, and source-system peers - Knowledge Commoning Swarm - broader knowledge commons coll | ts - structured impact records - https://docs.hypercerts.org/ - Karma GAP - grant accountability and progress records - https://do"
E00489,Raw URL lead - docs.hypercerts.org,Documentation,https://docs.hypercerts.org/,,"Funding, Capital Flows & Public Goods","raw-url, preserve-not-lose",Raw URL preservation,Extracted from provided docs/texts,4,resource_registry_v0_2,raw,list with caveat,Resource Registry,Preserved from uploaded documents/text. Context: exchange platform - https://sarafu.network/ - Hypercerts - structured impact records and retrospective funding leads - https://docs.hypercerts.org/ - Karma GAP - grantee accountability and milestone/progress updates - https://docs.gap.karmahq.xyz/ ### Knowledge gard | attest.org/ - EAS Explorer - schemas and attestations - https://easscan.org/ - Hypercerts - structured impact records - https://doc
E00490,Raw URL lead - docs.unlock-protocol.com,Documentation,https://docs.unlock-protocol.com/,,"Funding, Capital Flows & Public Goods","raw-url, preserve-not-lose",Raw URL preservation,Extracted from provided docs/texts,2,resource_registry_v0_2,raw,list with caveat,Resource Registry,Preserved from uploaded documents/text. Context: - POAP - participation and event memory - https://poap.xyz/ - Unlock Protocol - onchain memberships and subscriptions - https://docs.unlock-protocol.com/ - Hats Protocol - roles and accountability - https://www.hatsprotocol.xyz/ - Gitcoin Passport / Human Passport - Sybil
E00491,Raw URL lead - easscan.org,Documentation,https://easscan.org/,,"Funding, Capital Flows & Public Goods","raw-url, preserve-not-lose",Raw URL preservation,Extracted from provided docs/texts,2,resource_registry_v0_2,raw,list with caveat,Resource Registry,Preserved from uploaded documents/text. Context: Attestation Service - attestation infrastructure - https://docs.attest.org/ - EAS Explorer - schemas and attestations - https://easscan.org/ - Hypercerts - structured impact records - https://docs.hypercerts.org/ - Karma GAP - grant accountability and progress
E00492,Raw URL lead - ethereum.org,Forum / discussion archive,https://ethereum.org/,,"Funding, Capital Flows & Public Goods","raw-url, preserve-not-lose",Raw URL preservation,Extracted from provided docs/texts,3,resource_registry_v0_2,raw,list with caveat,Resource Registry,"Preserved from uploaded documents/text. Context: sg.com/ ### Ethereum, protocol, and public goods infrastructure - Ethereum.org - canonical Ethereum ecosystem entry - https://ethereum.org/ - Ethereum Magicians - protocol governance forum - https://ethereum-magicians.org/ - ethresear.ch - Ethereum research f"
E00493,Raw URL lead - feeds.buzzsprout.com,Resource / lead,https://feeds.buzzsprout.com/903769.rss,,"Funding, Capital Flows & Public Goods","raw-url, preserve-not-lose",Raw URL preservation,Extracted from provided docs/texts,1,resource_registry_v0_2,raw,list with caveat,Resource Registry,Preserved from uploaded documents/text. Context: odcast Archive / Web3 Impact Case Library. 7.3 The Blockchain Socialist Links: https://theblockchainsocialist.com/ RSS: https://feeds.buzzsprout.com/903769.rss Current status: Extractable. Highly relevant. Themes: crypto-left; solidarity primitives; Bread Coop; cooperative crypt
E00494,Raw URL lead - forum.arbitrum.foundation,Forum / discussion archive,https://forum.arbitrum.foundation/,,"Funding, Capital Flows & Public Goods","raw-url, preserve-not-lose",Raw URL preservation,Extracted from provided docs/texts,3,resource_registry_v0_2,raw,list with caveat,Resource Registry,Preserved from uploaded documents/text. Context: m - public goods and governance context - https://gov.optimism.io/ - Arbitrum Governance Forum - ecosystem governance - https://forum.arbitrum.foundation/ - ENS Governance Forum - identity/name governance - https://discuss.ens.domains/ - Token Engineering Commons Forum - me | n Forum — https://forum.regen.network/ Optimism Governance Forum — https://gov.optimism.io/ Arbitrum Governance Forum — htt
E00495,Raw URL lead - forum.celo.org,Forum / discussion archive,https://forum.celo.org/,,"Funding, Capital Flows & Public Goods","raw-url, preserve-not-lose",Raw URL preservation,Extracted from provided docs/texts,3,resource_registry_v0_2,raw,list with caveat,Resource Registry,Preserved from uploaded documents/text. Context: - mechanism governance context - https://forum.tecommons.org/ - Celo Forum - ReFi / public goods ecosystem governance - https://forum.celo.org/ - Maker / Sky Governance Forum - governance / treasury source - https://forum.sky.money/ - Protocol Guild - Ethereum co | trum.foundation/ Ethereum Magicians — https://ethereum-magicians.org/ ethresear.ch — https://ethresear.ch/ Celo Forum — https://forum.
E00496,Raw URL lead - forum.giveth.io,Forum / discussion archive,https://forum.giveth.io/,,"Funding, Capital Flows & Public Goods","raw-url, preserve-not-lose",Raw URL preservation,Extracted from provided docs/texts,3,resource_registry_v0_2,raw,list with caveat,Resource Registry,"Preserved from uploaded documents/text. Context: - Giveth - donations, QF, causes, project pages - https://giveth.io/ - Giveth Forum - project and governance archive - https://forum.giveth.io/ - Octant - public goods funding and yield-based allocation system - https://octant.build/ - Octant v2 docs - funding mo | Coordination Hub — https://hub.regencoordination.xyz/ Gitcoin Governance Forum — https://gov.gitcoin.co/ Giveth Forum — https://forum."
E00497,Raw URL lead - forum.regen.network,Forum / discussion archive,https://forum.regen.network/,,"Funding, Capital Flows & Public Goods","raw-url, preserve-not-lose",Raw URL preservation,Extracted from provided docs/texts,1,resource_registry_v0_2,raw,list with caveat,Resource Registry,Preserved from uploaded documents/text. Context: rnance Forum — https://gov.gitcoin.co/ Giveth Forum — https://forum.giveth.io/ Regen Network / Regen Foundation Forum — https://forum.regen.network/ Optimism Governance Forum — https://gov.optimism.io/ Arbitrum Governance Forum — https://forum.arbitrum.foundation/ Eth
E00498,Raw URL lead - forum.sky.money,Documentation,https://forum.sky.money/,,"Funding, Capital Flows & Public Goods","raw-url, preserve-not-lose",Raw URL preservation,Extracted from provided docs/texts,3,resource_registry_v0_2,raw,list with caveat,Resource Registry,"Preserved from uploaded documents/text. Context: ic goods ecosystem governance - https://forum.celo.org/ - Maker / Sky Governance Forum - governance / treasury source - https://forum.sky.money/ - Protocol Guild - Ethereum commons funding context - https://protocol-guild.readthedocs.io/ ### Identity, attestation | magicians.org/ ethresear.ch — https://ethresear.ch/ Celo Forum — https://forum.celo.org/ Maker / Sky Governance Forum — https://forum."
E00499,Raw URL lead - forum.tecommons.org,Forum / discussion archive,https://forum.tecommons.org/,,"Funding, Capital Flows & Public Goods","raw-url, preserve-not-lose",Raw URL preservation,Extracted from provided docs/texts,3,resource_registry_v0_2,raw,list with caveat,Resource Registry,Preserved from uploaded documents/text. Context: ntity/name governance - https://discuss.ens.domains/ - Token Engineering Commons Forum - mechanism governance context - https://forum.tecommons.org/ - Celo Forum - ReFi / public goods ecosystem governance - https://forum.celo.org/ - Maker / Sky Governance Forum - gove | rum — https://forum.celo.org/ Maker / Sky Governance Forum — https://forum.sky.money/ Token Engineering Commons Forum — https://f
E00500,Raw URL lead - gap.karmahq.xyz,Resource / lead,https://gap.karmahq.xyz/,,"Funding, Capital Flows & Public Goods","raw-url, preserve-not-lose",Raw URL preservation,Extracted from provided docs/texts,1,resource_registry_v0_2,raw,list with caveat,Resource Registry,Preserved from uploaded documents/text. Context:
E00501,Raw URL lead - gardens.fund,Resource / lead,https://gardens.fund/,,"Funding, Capital Flows & Public Goods","raw-url, preserve-not-lose",Raw URL preservation,Extracted from provided docs/texts,4,resource_registry_v0_2,raw,list with caveat,Resource Registry,Preserved from uploaded documents/text. Context: n collective finance - https://opencollective.com/ - Gardens - shared resource coordination / funding governance lead - https://gardens.fund/ - Bread Cooperative - solidarity crypto and distribution cycles - https://breadchain.xyz/ - Grassroots Economics / Sara
E00502,Raw URL lead - gitcoin.co,Resource / lead,https://www.gitcoin.co/mechanisms,,"Funding, Capital Flows & Public Goods","raw-url, preserve-not-lose",Raw URL preservation,Extracted from provided docs/texts,2,resource_registry_v0_2,raw,list with caveat,Resource Registry,Preserved from uploaded documents/text. Context:
E00503,Raw URL lead - gitcoin.co,Tool / protocol / platform,https://www.gitcoin.co/apps/gitcoin-grants-stack,,"Funding, Capital Flows & Public Goods","raw-url, preserve-not-lose",Raw URL preservation,Extracted from provided docs/texts,2,resource_registry_v0_2,raw,list with caveat,Resource Registry,Preserved from uploaded documents/text. Context:
E00504,Raw URL lead - gitcoin.co,Resource / lead,https://www.gitcoin.co/case-studies,,"Funding, Capital Flows & Public Goods","raw-url, preserve-not-lose",Raw URL preservation,Extracted from provided docs/texts,2,resource_registry_v0_2,raw,list with caveat,Resource Registry,Preserved from uploaded documents/text. Context:
E00506,Raw URL lead - giveth.io,Forum / discussion archive,https://giveth.io/,,"Funding, Capital Flows & Public Goods","raw-url, preserve-not-lose",Raw URL preservation,Extracted from provided docs/texts,3,resource_registry_v0_2,raw,list with caveat,Resource Registry,"Preserved from uploaded documents/text. Context: nce, grants, funding rounds, retrospectives - https://gov.gitcoin.co/ - Giveth - donations, QF, causes, project pages - https://giveth.io/ - Giveth Forum - project and governance archive - https://forum.giveth.io/ - Octant - public goods funding and yield-ba"
E00507,Raw URL lead - gov.gitcoin.co,Forum / discussion archive,https://gov.gitcoin.co/,,"Funding, Capital Flows & Public Goods","raw-url, preserve-not-lose",Raw URL preservation,Extracted from provided docs/texts,4,resource_registry_v0_2,raw,list with caveat,Resource Registry,"Preserved from uploaded documents/text. Context: d source system - https://gitcoin.co/ - Gitcoin Governance Forum - governance, grants, funding rounds, retrospectives - https://gov.gitcoin.co/ - Giveth - donations, QF, causes, project pages - https://giveth.io/ - Giveth Forum - project and governance archive - | orum/governance archive surfaces Regen Coordination Hub — https://hub.regencoordination.xyz/ Gitcoin Governance Forum — https://gov.git"
E00508,Raw URL lead - gov.optimism.io,Forum / discussion archive,https://gov.optimism.io/,,"Funding, Capital Flows & Public Goods","raw-url, preserve-not-lose",Raw URL preservation,Extracted from provided docs/texts,3,resource_registry_v0_2,raw,list with caveat,Resource Registry,Preserved from uploaded documents/text. Context: Everywhere / Use Case Lab - source-system cluster. - Optimism Governance Forum - public goods and governance context - https://gov.optimism.io/ - Arbitrum Governance Forum - ecosystem governance - https://forum.arbitrum.foundation/ - ENS Governance Forum - identi | ps://forum.giveth.io/ Regen Network / Regen Foundation Forum — https://forum.regen.network/ Optimism Governance Forum — https://gov.op
E00509,Raw URL lead - hub.regencoordination.xyz,Forum / discussion archive,https://hub.regencoordination.xyz/,,"Funding, Capital Flows & Public Goods","raw-url, preserve-not-lose",Raw URL preservation,Extracted from provided docs/texts,1,resource_registry_v0_2,raw,list with caveat,Resource Registry,Preserved from uploaded documents/text. Context: l as lower-priority historical/mechanism reference Important forum/governance archive surfaces Regen Coordination Hub — https://hub.regencoordination.xyz/ Gitcoin Governance Forum — https://gov.gitcoin.co/ Giveth Forum — https://forum.giveth.io/ Regen Network / Regen Founda
E00510,Raw URL lead - knowledge.superbenefit.org,Organization / initiative,https://knowledge.superbenefit.org/,,"Funding, Capital Flows & Public Goods","raw-url, preserve-not-lose",Raw URL preservation,Extracted from provided docs/texts,3,resource_registry_v0_2,raw,list with caveat,Resource Registry,Preserved from uploaded documents/text. Context: hub.io/roadmap/ - SuperBenefit Knowledge Garden - adjacent knowledge garden and public goods/regenerative web3 source - https://knowledge.superbenefit.org/ - LocalNodes - AI-powered community knowledge garden candidate - https://localnodes.xyz/ - Network Nations Garden - kno
E00511,Raw URL lead - octant.app,Tool / protocol / platform,https://octant.app/,,"Funding, Capital Flows & Public Goods","raw-url, preserve-not-lose",Raw URL preservation,Extracted from provided docs/texts,1,resource_registry_v0_2,raw,list with caveat,Resource Registry,Preserved from uploaded documents/text. Context:
E00512,Raw URL lead - octant.build,Documentation,https://octant.build/,,"Funding, Capital Flows & Public Goods","raw-url, preserve-not-lose",Raw URL preservation,Extracted from provided docs/texts,2,resource_registry_v0_2,raw,list with caveat,Resource Registry,Preserved from uploaded documents/text. Context: t and governance archive - https://forum.giveth.io/ - Octant - public goods funding and yield-based allocation system - https://octant.build/ - Octant v2 docs - funding model and developer documentation - https://docs.v2.octant.build/ - Funding the Commons - pu
E00513,Raw URL lead - openearth.org,Organization / initiative,https://openearth.org/,,"Funding, Capital Flows & Public Goods","raw-url, preserve-not-lose",Raw URL preservation,Extracted from provided docs/texts,4,resource_registry_v0_2,raw,list with caveat,Resource Registry,"Preserved from uploaded documents/text. Context: vation tech, AI, ecological funding - https://gainforest.earth/ - Open Earth Foundation - climate data infrastructure - https://openearth.org/ - Restor - restoration project map - https://restor.eco/ - Global Forest Watch - forest monitoring - https://www.global"
E00514,Raw URL lead - passport.gitcoin.co,Resource / lead,https://passport.gitcoin.co/,,"Funding, Capital Flows & Public Goods","raw-url, preserve-not-lose",Raw URL preservation,Extracted from provided docs/texts,1,resource_registry_v0_2,raw,list with caveat,Resource Registry,Preserved from uploaded documents/text. Context:
E00515,Raw URL lead - poap.xyz,Documentation,https://poap.xyz/,,"Funding, Capital Flows & Public Goods","raw-url, preserve-not-lose",Raw URL preservation,Extracted from provided docs/texts,2,resource_registry_v0_2,raw,list with caveat,Resource Registry,Preserved from uploaded documents/text. Context: P - grant accountability and progress records - https://docs.gap.karmahq.xyz/ - POAP - participation and event memory - https://poap.xyz/ - Unlock Protocol - onchain memberships and subscriptions - https://docs.unlock-protocol.com/ - Hats Protocol - roles a
E00517,Raw URL lead - regen.foundation,Forum / discussion archive,https://regen.foundation/,,"Funding, Capital Flows & Public Goods","raw-url, preserve-not-lose",Raw URL preservation,Extracted from provided docs/texts,4,resource_registry_v0_2,raw,list with caveat,Resource Registry,"Preserved from uploaded documents/text. Context: ssets, Regen forum - https://www.regen.network/ - Regen Foundation - ecosystem steward / funding / governance context - https://regen.foundation/ - Regen Atlas - regenerative project atlas / mapping candidate - https://www.regenatlas.xyz/ - Celo / Celo Public Goods"
E00518,Raw URL lead - sarafu.network,Documentation,https://sarafu.network/,,"Funding, Capital Flows & Public Goods","raw-url, preserve-not-lose",Raw URL preservation,Extracted from provided docs/texts,3,resource_registry_v0_2,raw,list with caveat,Resource Registry,Preserved from uploaded documents/text. Context: ocal finance - https://www.grassrootseconomics.org/ - Sarafu Network - community currency and local exchange platform - https://sarafu.network/ - Hypercerts - structured impact records and retrospective funding leads - https://docs.hypercerts.org/ - Karma GAP - g
E00519,Raw URL lead - theblockchainsocialist.com,Resource / lead,https://theblockchainsocialist.com/,,"Funding, Capital Flows & Public Goods","raw-url, preserve-not-lose",Raw URL preservation,Extracted from provided docs/texts,3,resource_registry_v0_2,raw,list with caveat,Resource Registry,"Preserved from uploaded documents/text. Context: altruists.com/podcasts - The Blockchain Socialist - crypto-left, cooperative crypto, public AI, Fileverse, Bread Coop - https://theblockchainsocialist.com/ - Funding the Commons talks - public goods funding and mechanism design source. - The Daily Gwei - Ethereum education a | nge. Routing: Source System Candidate / Podcast Archive / Web3 Impact Case Library. 7.3 The Blockchain Socialist Links: ht"
E00520,Raw URL lead - x.com,Tool / protocol / platform,https://x.com/OctantApp/status/2031395776539062506,,"Funding, Capital Flows & Public Goods","raw-url, preserve-not-lose",Raw URL preservation,Extracted from provided docs/texts,3,resource_registry_v0_2,raw,list with caveat,Resource Registry,Preserved from uploaded documents/text. Context: 4922543690490000 https://x.com/reslashacc/status/2029650740424364261 https://x.com/zaldarren/status/2028973515463065883 https://x.com/OctantApp/status/2031395776539062506 https://x.com/web3privacy/status/2028822840313537000 https://x.com/gitcoin/status/2028638206988816668 https://x.com/Net
E00521,Raw URL lead - x.com,Tool / protocol / platform,https://x.com/gitcoin/status/2028638206988816668,,"Funding, Capital Flows & Public Goods","raw-url, preserve-not-lose",Raw URL preservation,Extracted from provided docs/texts,1,resource_registry_v0_2,raw,list with caveat,Resource Registry,Preserved from uploaded documents/text. Context: 973515463065883 https://x.com/OctantApp/status/2031395776539062506 https://x.com/web3privacy/status/2028822840313537000 https://x.com/gitcoin/status/2028638206988816668 https://x.com/NetxState/status/2033280826847424631 https://x.com/UNDP_AltFinLab/status/2014338844657611138 https://x.co
E00522,Artizen,Public goods / cultural funding platform,https://artizen.fund/,Artizen,"Funding, Capital Flows & Public Goods","art, funding, grants",AI-expanded / project-context lead,Creative expansion from project context and social-signal clusters,,resource_registry_v0_2,raw,list with caveat,Resource Registry,"Added as a reviewable expansion lead; verify fit, URL, and priority before treating as curated."
E00523,Ma Earth,Grassroots nature funding initiative,https://maearth.com/,Ma Earth,"Funding, Capital Flows & Public Goods","nature, grassroots, funding",AI-expanded / project-context lead,Creative expansion from project context and social-signal clusters,,resource_registry_v0_2,raw,list with caveat,Resource Registry,"Added as a reviewable expansion lead; verify fit, URL, and priority before treating as curated."
E00529,Raw URL lead - cryptoaltruism.org,Tool / protocol / platform,https://www.cryptoaltruism.org/web3-impact-toolkit,,"Impact, MRV & Accountability","raw-url, preserve-not-lose",Raw URL preservation,Extracted from provided docs/texts,1,resource_registry_v0_2,raw,list with caveat,Resource Registry,Preserved from uploaded documents/text. Context:
E00551,Capacities,PKM tool,https://capacities.io/,Capacities,Knowledge Commons & Ontologies,object notes,Provided resource seed,Markdown resource table,,resource_registry_v0_2,raw,list with caveat,Resource Registry,
E00553,Knowledge Graph Protocol / Geobrowser,Knowledge graph tool,https://www.geobrowser.io/,Geo,Knowledge Commons & Ontologies,knowledge graph,Provided resource seed,Markdown resource table,,resource_registry_v0_2,raw,list with caveat,Resource Registry,
E00554,Logseq,PKM tool,https://logseq.com/,Logseq,Knowledge Commons & Ontologies,outliner,Provided resource seed,Markdown resource table,,resource_registry_v0_2,raw,list with caveat,Resource Registry,
E00555,Obsidian,PKM tool,https://obsidian.md/,Obsidian,Knowledge Commons & Ontologies,markdown,Provided resource seed,Markdown resource table,,resource_registry_v0_2,raw,list with caveat,Resource Registry,
E00556,Open Source Observer,Analytics platform,https://www.oso.xyz/,OSO,Knowledge Commons & Ontologies,OSS analytics,Provided resource seed,Markdown resource table,,resource_registry_v0_2,raw,list with caveat,Resource Registry,
E00558,Roam Research,PKM tool,https://roamresearch.com/,Roam,Knowledge Commons & Ontologies,graph notes,Provided resource seed,Markdown resource table,,resource_registry_v0_2,raw,list with caveat,Resource Registry,
E00564,GreenPill Toolkit Prompts,Charmverse,https://app.charmverse.io/greenpill-network/outline-the-greenpill-toolkit-prompts-3804070330081286,GreenPill Network,Knowledge Commons & Ontologies,toolkit,Provided resource seed,Markdown resource table,,resource_registry_v0_2,raw,list with caveat,Resource Registry,
E00565,Internal GreenPill / Regen Doc,Google Doc,https://docs.google.com/document/d/1p3QniseWVT0FSW7Wn-DVm5EGZfvLDblTrWOLl4pg0NA/edit?tab=t.0#heading=h.bbeg63wrcq01,Unknown,Knowledge Commons & Ontologies,toolkit,Provided resource seed,Markdown resource table,,resource_registry_v0_2,raw,list with caveat,Resource Registry,
E00566,Local ReFi Toolkit Figma,Figma board,https://www.figma.com/board/FaL4EbFWM6s3u3DeNklHMW/Local-ReFi-Toolkit?node-id=0-1&p=f,GreenPill / Local ReFi,Knowledge Commons & Ontologies,toolkit,Provided resource seed,Markdown resource table,,resource_registry_v0_2,raw,list with caveat,Resource Registry,
E00569,Tools for Regeneration Project Plan,Charmverse,https://app.charmverse.io/greenpill-writers-guild/tools-for-regeneration-project-plan-6070706289406744,GreenPill Writers Guild,Knowledge Commons & Ontologies,regeneration,Provided resource seed,Markdown resource table,,resource_registry_v0_2,raw,list with caveat,Resource Registry,
E00572,Harmonica,Tool / concept,Raw / no canonical link,Harmonica,Knowledge Commons & Ontologies,coordination,Provided resource seed,Markdown resource table,,resource_registry_v0_2,raw,list with caveat,Resource Registry,
E00573,KOI,Protocol / concept,Raw / no canonical link,Metagov / knowledge infra,Knowledge Commons & Ontologies,knowledge,Provided resource seed,Markdown resource table,,resource_registry_v0_2,raw,list with caveat,Resource Registry,
E00574,Lateral,Knowledge tool,https://www.lat.md/,Latent / LAT,Knowledge Commons & Ontologies,research,Provided resource seed,Markdown resource table,,resource_registry_v0_2,raw,list with caveat,Resource Registry,
E00576,OpenHaven,Platform,http://openhaven.net,OpenHaven,Knowledge Commons & Ontologies,open infra,Provided resource seed,Markdown resource table,,resource_registry_v0_2,raw,list with caveat,Resource Registry,
E00577,Telescope,Tool / concept,Raw / no canonical link,Metagov,Knowledge Commons & Ontologies,knowledge,Provided resource seed,Markdown resource table,,resource_registry_v0_2,raw,list with caveat,Resource Registry,
E00581,Fileverse,Decentralized collaboration/docs platform,https://fileverse.io/,Fileverse,"Knowledge Commons, Ontology & Documentation","decentralized docs, collaboration",AI-expanded / project-context lead,Creative expansion from project context and social-signal clusters,,resource_registry_v0_2,raw,list with caveat,Resource Registry,"Added as a reviewable expansion lead; verify fit, URL, and priority before treating as curated."
E00582,GeoBrowser / Geo Protocol,Knowledge graph / social knowledge protocol,https://www.geobrowser.io/,Geo,"Knowledge Commons, Ontology & Documentation","knowledge graph, curation",AI-expanded / project-context lead,Creative expansion from project context and social-signal clusters,,resource_registry_v0_2,raw,list with caveat,Resource Registry,"Added as a reviewable expansion lead; verify fit, URL, and priority before treating as curated."
E00589,Astro Starlight,Documentation framework,https://starlight.astro.build/,Astro,"Knowledge Commons, Ontology & Documentation","docs, website",AI-expanded / project-context lead,Creative expansion from project context and social-signal clusters,,resource_registry_v0_2,raw,list with caveat,Resource Registry,"Added as a reviewable expansion lead; verify fit, URL, and priority before treating as curated."
E00590,Docusaurus,Documentation framework,https://docusaurus.io/,Meta / open source,"Knowledge Commons, Ontology & Documentation","docs, website",AI-expanded / project-context lead,Creative expansion from project context and social-signal clusters,,resource_registry_v0_2,raw,list with caveat,Resource Registry,"Added as a reviewable expansion lead; verify fit, URL, and priority before treating as curated."
E00593,PubPub,Publishing platform,https://www.pubpub.org/,Knowledge Futures,"Knowledge Commons, Ontology & Documentation","publishing, commons",AI-expanded / project-context lead,Creative expansion from project context and social-signal clusters,,resource_registry_v0_2,raw,list with caveat,Resource Registry,"Added as a reviewable expansion lead; verify fit, URL, and priority before treating as curated."
E00598,Fileverse,Twitter/X account / social signal source,https://x.com/fileverse,'@fileverse,"Knowledge Commons, Ontology & Documentation","twitter, x, curation-signal",Twitter/X social signal,Mentioned in uploaded tweets.js,1,resource_registry_v0_2,raw,list with caveat,Resource Registry,"Auto-extracted account lead from Twitter archive. Counts are mention/retweet signals, not endorsement."
E00606,URL lead - docs.google.com,Documentation,https://docs.google.com/document/d/1FgWmWA5JcjItQviCg4GBnFnKFjr7LNan/edit?usp=sharing&ouid=111714784962310766626&rtpof=true&sd=true,,"Knowledge Commons, Ontology & Documentation","twitter, url-lead",Twitter/X social signal,Expanded URL in uploaded tweets.js,1,resource_registry_v0_2,raw,list with caveat,Resource Registry,"Auto-extracted URL lead from Twitter archive. Context: RT @durgadasjii: The Structural Literacy Papers
https://t.co/gbxZ1rxkya a narrative explanation of why I made these coordination standards."
E00607,URL lead - docs.oso.xyz,Documentation,https://docs.oso.xyz/blog/prosperous-software,,"Knowledge Commons, Ontology & Documentation","twitter, url-lead",Twitter/X social signal,Expanded URL in uploaded tweets.js,1,resource_registry_v0_2,raw,list with caveat,Resource Registry,"Auto-extracted URL lead from Twitter archive. Context: RT @RaymondCheng00: @owocki You can also read more on the blog
https://t.co/Rr5KVJSI7D"
E00617,URL lead - wiki.p2pfoundation.net,Tool / protocol / platform,https://wiki.p2pfoundation.net/Ecological_State,,"Knowledge Commons, Ontology & Documentation","twitter, url-lead",Twitter/X social signal,Expanded URL in uploaded tweets.js,1,resource_registry_v0_2,raw,list with caveat,Resource Registry,"Auto-extracted URL lead from Twitter archive. Context: RT @mbauwens: * Ecological State, https://t.co/YFOAo7grKX

* Ecological State Protocols, https://t.co/EhsCfthFlw

* Planetary Ledger, https…"
E00618,URL lead - wiki.p2pfoundation.net,Tool / protocol / platform,https://wiki.p2pfoundation.net/Ecological_State_Protocols,,"Knowledge Commons, Ontology & Documentation","twitter, url-lead",Twitter/X social signal,Expanded URL in uploaded tweets.js,1,resource_registry_v0_2,raw,list with caveat,Resource Registry,"Auto-extracted URL lead from Twitter archive. Context: RT @mbauwens: * Ecological State, https://t.co/YFOAo7grKX

* Ecological State Protocols, https://t.co/EhsCfthFlw

* Planetary Ledger, https…"
E00628,Raw URL lead - docs.desci.world,Documentation,https://docs.desci.world/ecosystem/ecosystem-map,,"Knowledge Commons, Ontology & Documentation","raw-url, preserve-not-lose",Raw URL preservation,Extracted from provided docs/texts,4,resource_registry_v0_2,raw,list with caveat,Resource Registry,Preserved from uploaded documents/text. Context: do/rifai-sicilia-regenerative-residency https://paragraph.com/@regen-avocado/sicily-bioregional-portfolio-business-plan https://docs.desci.world/ecosystem/ecosystem-map https://ecofrontiers.xyz/ https://www.regenatlas.xyz/ https://t.me/civilmonkey https://mijowa.github.io/CatB/ https://m
E00629,Raw URL lead - docs.ethers.org,Documentation,https://docs.ethers.org/,,"Knowledge Commons, Ontology & Documentation","raw-url, preserve-not-lose",Raw URL preservation,Extracted from provided docs/texts,1,resource_registry_v0_2,raw,list with caveat,Resource Registry,Preserved from uploaded documents/text. Context:
E00630,Raw URL lead - docs.google.com,Documentation,https://docs.google.com/spreadsheets/d/1yMVWQb3omCmd66BBRimaPk5uVH10EEoPDGGlBon1_3E/edit?gid=903711939#gid=903711939,,"Knowledge Commons, Ontology & Documentation","raw-url, preserve-not-lose",Raw URL preservation,Extracted from provided docs/texts,2,resource_registry_v0_2,raw,list with caveat,Resource Registry,Preserved from uploaded documents/text. Context:
E00631,Raw URL lead - docs.google.com,Documentation,https://docs.google.com/document/d/1GBuGlpDQShC70yvxqytN-S0QIgRf9dQ4MyiD8O3Zv-E/edit,,"Knowledge Commons, Ontology & Documentation","raw-url, preserve-not-lose",Raw URL preservation,Extracted from provided docs/texts,2,resource_registry_v0_2,raw,list with caveat,Resource Registry,Preserved from uploaded documents/text. Context:
E00632,Raw URL lead - docs.google.com,Documentation,https://docs.google.com/document/d/1p3QniseWVT0FSW7Wn-DVm5EGZfvLDblTrWOLl4pg0NA/edit,,"Knowledge Commons, Ontology & Documentation","raw-url, preserve-not-lose",Raw URL preservation,Extracted from provided docs/texts,2,resource_registry_v0_2,raw,list with caveat,Resource Registry,Preserved from uploaded documents/text. Context:
E00633,Raw URL lead - docs.shutter.network,Documentation,https://docs.shutter.network/,,"Knowledge Commons, Ontology & Documentation","raw-url, preserve-not-lose",Raw URL preservation,Extracted from provided docs/texts,2,resource_registry_v0_2,raw,list with caveat,Resource Registry,"Preserved from uploaded documents/text. Context: and security source systems - Shutter Network - threshold encryption, fairness, encrypted mempools, PEN-related lead - https://docs.shutter.network/ - Web3Privacy Now - privacy research and ecosystem mapping - https://web3privacy.info/ - Cypherpunk research archives -"
E00653,Raw URL lead - regen-commons-site.vercel.app,Tool / protocol / platform,https://regen-commons-site.vercel.app/,,"Knowledge Commons, Ontology & Documentation","raw-url, preserve-not-lose",Raw URL preservation,Extracted from provided docs/texts,2,resource_registry_v0_2,raw,list with caveat,Resource Registry,Preserved from uploaded documents/text. Context:
E00654,Raw URL lead - regen-web3-toolkit.vercel.app,Tool / protocol / platform,https://regen-web3-toolkit.vercel.app/,,"Knowledge Commons, Ontology & Documentation","raw-url, preserve-not-lose",Raw URL preservation,Extracted from provided docs/texts,2,resource_registry_v0_2,raw,list with caveat,Resource Registry,Preserved from uploaded documents/text. Context: Project context The Regen Knowledge Commons Toolkit has three connected artifacts: 1. Public-facing v1 site Live site: https://regen-web3-toolkit.vercel.app/ This is a public-facing learning and navigation prototype. It is being developed by Heenal and should be treated as a u | t There are now two connected artifacts and one planned public invitation. 1. Heenal’s simplified v1 website Live site:
E00690,Raw URL lead - tokenengineeringlabs.com,Tool / protocol / platform,https://www.tokenengineeringlabs.com/,,"Knowledge Commons, Ontology & Documentation","raw-url, preserve-not-lose",Raw URL preservation,Extracted from provided docs/texts,4,resource_registry_v0_2,raw,list with caveat,Resource Registry,Preserved from uploaded documents/text. Context: ng community - https://tokenengineeringcommons.org/ - Token Engineering Labs - token engineering research and tooling - https://www.tokenengineeringlabs.com/ - BlockScience - complex systems and token engineering - https://block.science/ - Mechanism Design for Social Good - me
E00693,Harmonica,AI community intelligence tool,https://harmonica.chat/,Harmonica,"Knowledge Commons, Ontology & Documentation","AI, community intelligence",AI-expanded / project-context lead,Creative expansion from project context and social-signal clusters,,resource_registry_v0_2,raw,list with caveat,Resource Registry,"Added as a reviewable expansion lead; verify fit, URL, and priority before treating as curated."
E00700,IPFS,Distributed storage,https://ipfs.tech/,Protocol Labs,"Open Source, Public Code & Digital Public Goods",storage,Provided resource seed,Markdown resource table,,resource_registry_v0_2,raw,list with caveat,Resource Registry,
E00719,Gitcoin Passport,Identity / Sybil resistance,https://passport.xyz/,Gitcoin,"Privacy, Identity & Digital Rights",identity,Provided resource seed,Markdown resource table,,resource_registry_v0_2,raw,list with caveat,Resource Registry,
E00766,ben.peer,Twitter/X account / social signal source,https://x.com/unhappyben,'@unhappyben,Raw Leads / To Review,"twitter, x, curation-signal",Twitter/X social signal,Mentioned in uploaded tweets.js,1,resource_registry_v0_2,raw,list with caveat,Resource Registry,"Auto-extracted account lead from Twitter archive. Counts are mention/retweet signals, not endorsement."
E00826,Dev Tools Guild,Twitter/X account / social signal source,https://x.com/devtoolsguild,'@devtoolsguild,Raw Leads / To Review,"twitter, x, curation-signal",Twitter/X social signal,Mentioned in uploaded tweets.js,1,resource_registry_v0_2,raw,list with caveat,Resource Registry,"Auto-extracted account lead from Twitter archive. Counts are mention/retweet signals, not endorsement."
E00866,Feems,Twitter/X account / social signal source,https://x.com/feemschats,'@feemschats,Raw Leads / To Review,"twitter, x, curation-signal",Twitter/X social signal,Mentioned in uploaded tweets.js,2,resource_registry_v0_2,raw,list with caveat,Resource Registry,"Auto-extracted account lead from Twitter archive. Counts are mention/retweet signals, not endorsement."
E00889,Green Goods,Twitter/X account / social signal source,https://x.com/greengoodsapp,'@greengoodsapp,Raw Leads / To Review,"twitter, x, curation-signal",Twitter/X social signal,Mentioned in uploaded tweets.js,1,resource_registry_v0_2,raw,list with caveat,Resource Registry,"Auto-extracted account lead from Twitter archive. Counts are mention/retweet signals, not endorsement."
E00909,Human Passport,Twitter/X account / social signal source,https://x.com/HumnPassport,'@HumnPassport,Raw Leads / To Review,"twitter, x, curation-signal",Twitter/X social signal,Mentioned in uploaded tweets.js,7,resource_registry_v0_2,raw,list with caveat,Resource Registry,"Auto-extracted account lead from Twitter archive. Counts are mention/retweet signals, not endorsement."
E01040,pics or it didn't happen,Twitter/X account / social signal source,https://x.com/poidhxyz,'@poidhxyz,Raw Leads / To Review,"twitter, x, curation-signal",Twitter/X social signal,Mentioned in uploaded tweets.js,1,resource_registry_v0_2,raw,list with caveat,Resource Registry,"Auto-extracted account lead from Twitter archive. Counts are mention/retweet signals, not endorsement."
E01042,Platform Cooperativism Consortium - Global,Twitter/X account / social signal source,https://x.com/PCC_Global,'@PCC_Global,Raw Leads / To Review,"twitter, x, curation-signal",Twitter/X social signal,Mentioned in uploaded tweets.js,1,resource_registry_v0_2,raw,list with caveat,Resource Registry,"Auto-extracted account lead from Twitter archive. Counts are mention/retweet signals, not endorsement."
E01140,Trappist USA,Twitter/X account / social signal source,https://x.com/us_trappists,'@us_trappists,Raw Leads / To Review,"twitter, x, curation-signal",Twitter/X social signal,Mentioned in uploaded tweets.js,1,resource_registry_v0_2,raw,list with caveat,Resource Registry,"Auto-extracted account lead from Twitter archive. Counts are mention/retweet signals, not endorsement."
E01161,URL lead - paragraph.com,Tool / protocol / platform,https://paragraph.com/@guildguild/guilds-reference-architecture,,Raw Leads / To Review,"twitter, url-lead",Twitter/X social signal,Expanded URL in uploaded tweets.js,1,resource_registry_v0_2,raw,list with caveat,Resource Registry,"Auto-extracted URL lead from Twitter archive. Context: RT @guildguild_eth: @exeuntdoteth @0xNN2 Check out the guild reference architecture here!: 
https://t.co/8aPpnGf83w https://t.co/oHYtO7ixjh"
E01325,Zuzalu Software (Zuzalu.city),Twitter/X account / social signal source,https://x.com/Zuzalu_city,'@Zuzalu_city,Raw Leads / To Review,"twitter, x, curation-signal",Twitter/X social signal,Mentioned in uploaded tweets.js,1,resource_registry_v0_2,raw,list with caveat,Resource Registry,"Auto-extracted account lead from Twitter archive. Counts are mention/retweet signals, not endorsement."
E01344,Raw URL lead - capitalinstitute.org,Organization / initiative,https://capitalinstitute.org/,,Raw Leads / To Review,"raw-url, preserve-not-lose",Raw URL preservation,Extracted from provided docs/texts,1,resource_registry_v0_2,raw,list with caveat,Resource Registry,Preserved from uploaded documents/text. Context:
E01383,Raw URL lead - greengoods.app,Tool / protocol / platform,https://www.greengoods.app/,,Raw Leads / To Review,"raw-url, preserve-not-lose",Raw URL preservation,Extracted from provided docs/texts,2,resource_registry_v0_2,raw,list with caveat,Resource Registry,Preserved from uploaded documents/text. Context:
E01463,Open Forest Protocol,Protocol,https://openforestprotocol.org/,OFP,"ReFi, Localism & Regenerative Crypto",forest MRV,Provided resource seed,Markdown resource table,,resource_registry_v0_2,raw,list with caveat,Resource Registry,
E01467,Silvi Protocol,Protocol,https://silvi.earth/,Silvi,"ReFi, Localism & Regenerative Crypto","trees, MRV",Provided resource seed,Markdown resource table,,resource_registry_v0_2,raw,list with caveat,Resource Registry,
E01468,Toucan Protocol,Carbon infra,https://toucan.earth/,Toucan,"ReFi, Localism & Regenerative Crypto",carbon,Provided resource seed,Markdown resource table,,resource_registry_v0_2,raw,list with caveat,Resource Registry,
E01476,KlimaDAO,Carbon protocol,https://www.klimadao.finance/,KlimaDAO,"ReFi, Localism & Regenerative Crypto",carbon,Provided resource seed,Markdown resource table,,resource_registry_v0_2,raw,list with caveat,Resource Registry,
E01486,LocalScale,Local economy / mapping,https://localscale.org/,LocalScale,"ReFi, Localism & Regenerative Crypto",localism,Provided resource seed,Markdown resource table,,resource_registry_v0_2,raw,list with caveat,Resource Registry,
E01495,Tribes Platform,Platform,https://tribesplatform.app/,Tribes,"ReFi, Localism & Regenerative Crypto",community,Provided resource seed,Markdown resource table,,resource_registry_v0_2,raw,list with caveat,Resource Registry,
E01506,8 Principles of a Regenerative Economy,Framework,https://capitalinstitute.org/8-principles-regenerative-economy/,Capital Institute,"Regeneration, Ecology & Design",regenerative economy,Provided resource seed,Markdown resource table,,resource_registry_v0_2,raw,list with caveat,Resource Registry,
E01513,Regenerative Capitalism,Framework,https://capitalinstitute.org/regenerative-capitalism/,John Fullerton / Capital Institute,"Regeneration, Ecology & Design",regenerative economics,Provided resource seed,Markdown resource table,,resource_registry_v0_2,raw,list with caveat,Resource Registry,
E01516,Regen Learnings,Learning platform,https://regenlearnings.xyz/,Regen Learnings,"Regeneration, Ecology & Design",regen education,Provided resource seed,Markdown resource table,,resource_registry_v0_2,raw,list with caveat,Resource Registry,
E01531,Hylo,Community coordination platform,https://www.hylo.com/,Hylo,"Regeneration, Ecology & Localism","community, coordination",AI-expanded / project-context lead,Creative expansion from project context and social-signal clusters,,resource_registry_v0_2,raw,list with caveat,Resource Registry,"Added as a reviewable expansion lead; verify fit, URL, and priority before treating as curated."
E01565,URL lead - app.t2.world,Tool / protocol / platform,https://app.t2.world/article/cmbuodxit01z110hd6vd9bl6t,,"Regeneration, Ecology & Localism","twitter, url-lead",Twitter/X social signal,Expanded URL in uploaded tweets.js,1,resource_registry_v0_2,raw,list with caveat,Resource Registry,"Auto-extracted URL lead from Twitter archive. Context: RT @bonfiresai: Light up the Dark Forest, baby

https://t.co/vRljfvL1qQ

Ethereum as Cosmolocal Infrastructure by @desciworld, for Bonfires."
E01566,URL lead - app.t2.world,Tool / protocol / platform,https://app.t2.world/t/cosmolocalism/explore,,"Regeneration, Ecology & Localism","twitter, url-lead",Twitter/X social signal,Expanded URL in uploaded tweets.js,1,resource_registry_v0_2,raw,list with caveat,Resource Registry,"Auto-extracted URL lead from Twitter archive. Context: RT @DeSciWorld: Please read the important work of Michel on Cosmolocalism. 

https://t.co/buVrXkDIjz

We opened a @t2wrld Territory to expl…"
E01569,URL lead - carboncopy.news,Tool / protocol / platform,https://carboncopy.news/content/web3-tooling-series/the-recommendation,,"Regeneration, Ecology & Localism","twitter, url-lead",Twitter/X social signal,Expanded URL in uploaded tweets.js,1,resource_registry_v0_2,raw,list with caveat,Resource Registry,"Auto-extracted URL lead from Twitter archive. Context: ReFi innovation is found in the simple tools that enable long-term impact.

Part 3 of our series offers recommendations for builders and community stewards that prioritize human-centered design.

https://t.co/tnZbdi9Z5m https://t.co/RVQsN9XFgs"
E01573,URL lead - forms.gle,Tool / protocol / platform,https://forms.gle/ptMdrioiHnfsEFxCA,,"Regeneration, Ecology & Localism","twitter, url-lead",Twitter/X social signal,Expanded URL in uploaded tweets.js,1,resource_registry_v0_2,raw,list with caveat,Resource Registry,"Auto-extracted URL lead from Twitter archive. Context: We're making a push to gather data on tools regen communities utilize for a series on @CC_ReFi_News 📰

Please fill out this survey to guide our report and enter the raffle 🎫

🤝Research in collaboration w/ @greenpilldevs and next will be interviews

https://t.co/qCd1fyAJnC"
E01574,URL lead - forms.gle,Tool / protocol / platform,https://forms.gle/GCSrYqtKif961jc58,,"Regeneration, Ecology & Localism","twitter, url-lead",Twitter/X social signal,Expanded URL in uploaded tweets.js,1,resource_registry_v0_2,raw,list with caveat,Resource Registry,"Auto-extracted URL lead from Twitter archive. Context: Gm 👋 We're collaborating with @greenpilldevs to research the tools regen communities utilize and will be publishing a series on @CC_ReFi_News

Please fill out this survey to help guide our report and enter the raffle 🎫

https://t.co/eRoyVG9ptT"
E01576,URL lead - grassecon.substack.com,Tool / protocol / platform,https://grassecon.substack.com/p/gainforest-and-grassroots-economics,,"Regeneration, Ecology & Localism","twitter, url-lead",Twitter/X social signal,Expanded URL in uploaded tweets.js,1,resource_registry_v0_2,raw,list with caveat,Resource Registry,"Auto-extracted URL lead from Twitter archive. Context: RT @wor: Happy to see this work with @GainForestNow and @grassecon taking shape. Lovely article:

https://t.co/D2BTWZwvBG"
E01593,URL lead - x.com,Tool / protocol / platform,https://x.com/GreenpillWrites/status/2018253617677959424,,"Regeneration, Ecology & Localism","twitter, url-lead",Twitter/X social signal,Expanded URL in uploaded tweets.js,1,resource_registry_v0_2,raw,list with caveat,Resource Registry,"Auto-extracted URL lead from Twitter archive. Context: ReFi innovation is found in the simple tools that enable long-term impact.

Part 3 of our series offers recommendations for builders and community stewards that prioritize human-centered design.

https://t.co/tnZbdi9Z5m https://t.co/RVQsN9XFgs"
E01604,Raw URL lead - openforestprotocol.org,Tool / protocol / platform,https://www.openforestprotocol.org/,,"Regeneration, Ecology & Localism","raw-url, preserve-not-lose",Raw URL preservation,Extracted from provided docs/texts,1,resource_registry_v0_2,raw,list with caveat,Resource Registry,Preserved from uploaded documents/text. Context:
E01608,Raw URL lead - regen-toolkit-site.vercel.app,Tool / protocol / platform,https://regen-toolkit-site.vercel.app,,"Regeneration, Ecology & Localism","raw-url, preserve-not-lose",Raw URL preservation,Extracted from provided docs/texts,1,resource_registry_v0_2,raw,list with caveat,Resource Registry,Preserved from uploaded documents/text. Context:
E01609,Raw URL lead - regen-toolkit-site.vercel.app,Tool / protocol / platform,https://regen-toolkit-site.vercel.app/explorer/,,"Regeneration, Ecology & Localism","raw-url, preserve-not-lose",Raw URL preservation,Extracted from provided docs/texts,1,resource_registry_v0_2,raw,list with caveat,Resource Registry,Preserved from uploaded documents/text. Context:
E01610,Raw URL lead - regen-toolkit-site.vercel.app,Tool / protocol / platform,https://regen-toolkit-site.vercel.app/tags/,,"Regeneration, Ecology & Localism","raw-url, preserve-not-lose",Raw URL preservation,Extracted from provided docs/texts,1,resource_registry_v0_2,raw,list with caveat,Resource Registry,Preserved from uploaded documents/text. Context:
E01633,Kumu,Mapping tool,https://kumu.io/,Kumu,"Systems, Complexity & Sensemaking",systems mapping,Provided resource seed,Markdown resource table,,resource_registry_v0_2,raw,list with caveat,Resource Registry,
E01634,Loopy,Tool,https://ncase.me/loopy/,Nicky Case,"Systems, Complexity & Sensemaking",causal loops,Provided resource seed,Markdown resource table,,resource_registry_v0_2,raw,list with caveat,Resource Registry,
E01635,SenseMaker,Tool,https://thecynefin.co/sensemaker/,The Cynefin Co.,"Systems, Complexity & Sensemaking","narrative, distributed cognition",Provided resource seed,Markdown resource table,,resource_registry_v0_2,raw,list with caveat,Resource Registry,
E01643,Allo Capital Mechanisms,Mechanism library,https://www.allo.capital/mechanisms,Allo Capital,"Web3, Ethereum & Mechanism Design",mechanisms,Provided resource seed,Markdown resource table,,resource_registry_v0_2,raw,list with caveat,Resource Registry,
E01644,Ethereum Attestation Service,Protocol,https://attest.sh/,EAS,"Web3, Ethereum & Mechanism Design",attestations,Provided resource seed,Markdown resource table,,resource_registry_v0_2,raw,list with caveat,Resource Registry,
E01645,Ethereum Attestation Service Docs,Docs,https://docs.attest.sh/,EAS,"Web3, Ethereum & Mechanism Design",attestations,Provided resource seed,Markdown resource table,,resource_registry_v0_2,raw,list with caveat,Resource Registry,
E01646,Ethereum Research,Forum,https://ethresear.ch/,Ethereum community,"Web3, Ethereum & Mechanism Design",protocol research,Provided resource seed,Markdown resource table,,resource_registry_v0_2,raw,list with caveat,Resource Registry,
E01648,Gitcoin,Funding platform,https://gitcoin.co/,Gitcoin,"Web3, Ethereum & Mechanism Design","grants, public goods",Provided resource seed,Markdown resource table,,resource_registry_v0_2,raw,list with caveat,Resource Registry,
E01649,Gitcoin / Allo Protocol Docs,Docs,https://docs.allo.gitcoin.co/,Gitcoin,"Web3, Ethereum & Mechanism Design","Allo, allocation",Provided resource seed,Markdown resource table,,resource_registry_v0_2,raw,list with caveat,Resource Registry,
E01652,Optimism RetroPGF Docs,Docs,https://community.optimism.io/docs/governance/retropgf/,Optimism,"Web3, Ethereum & Mechanism Design",retro funding,Provided resource seed,Markdown resource table,,resource_registry_v0_2,raw,list with caveat,Resource Registry,
E01656,Hypercerts,Protocol,https://hypercerts.org/,Hypercerts Foundation,"Web3, Ethereum & Mechanism Design",impact claims,Provided resource seed,Markdown resource table,,resource_registry_v0_2,raw,list with caveat,Resource Registry,
E01657,Octant v2 Docs,Docs,https://docs.v2.octant.build/,Octant,"Web3, Ethereum & Mechanism Design",public goods funding,Provided resource seed,Markdown resource table,,resource_registry_v0_2,raw,list with caveat,Resource Registry,
E01658,Protocol Guild,Contributor funding,https://protocol-guild.readthedocs.io/,Protocol Guild,"Web3, Ethereum & Mechanism Design",Ethereum public goods,Provided resource seed,Markdown resource table,,resource_registry_v0_2,raw,list with caveat,Resource Registry,
E01660,Alchemy,Developer platform,https://www.alchemy.com/,Alchemy,"Web3, Ethereum & Mechanism Design",web3 infra,Provided resource seed,Markdown resource table,,resource_registry_v0_2,raw,list with caveat,Resource Registry,
E01663,Collab.Land,Community tool,https://collab.land/,Collab.Land,"Web3, Ethereum & Mechanism Design",token gating,Provided resource seed,Markdown resource table,,resource_registry_v0_2,raw,list with caveat,Resource Registry,
E01664,Colony,DAO operations tool,https://colony.io/,Colony,"Web3, Ethereum & Mechanism Design",DAO ops,Provided resource seed,Markdown resource table,,resource_registry_v0_2,raw,list with caveat,Resource Registry,
E01670,Hats Protocol,Roles protocol,https://www.hatsprotocol.xyz/,Hats Protocol,"Web3, Ethereum & Mechanism Design","roles, permissions",Provided resource seed,Markdown resource table,,resource_registry_v0_2,raw,list with caveat,Resource Registry,
E01671,Scaffold-ETH,Dev framework,https://scaffoldeth.io/,BuidlGuidl,"Web3, Ethereum & Mechanism Design",dev tools,Provided resource seed,Markdown resource table,,resource_registry_v0_2,raw,list with caveat,Resource Registry,
E01676,Unlock Protocol,Membership protocol,https://unlock-protocol.com/,Unlock Protocol,"Web3, Ethereum & Mechanism Design",membership,Provided resource seed,Markdown resource table,,resource_registry_v0_2,raw,list with caveat,Resource Registry,
E01679,GoodDollar,UBI protocol,https://www.gooddollar.org/,GoodDollar,"Web3, Ethereum & Mechanism Design",UBI,Provided resource seed,Markdown resource table,,resource_registry_v0_2,raw,list with caveat,Resource Registry,
E01680,Postcapitalist Agency,Protocol studio,https://postcapitalist.agency/#,Postcapitalist Agency,"Web3, Ethereum & Mechanism Design",postcapitalism,Provided resource seed,Markdown resource table,,resource_registry_v0_2,raw,list with caveat,Resource Registry,
E01682,ClearFund,Funding app,https://clearfund.netlify.app/,ClearFund,"Web3, Ethereum & Mechanism Design",funding,Provided resource seed,Markdown resource table,,resource_registry_v0_2,raw,list with caveat,Resource Registry,
E01683,Collabberry,Coordination tool,https://collabberry.xyz/,Collabberry,"Web3, Ethereum & Mechanism Design",collaboration,Provided resource seed,Markdown resource table,,resource_registry_v0_2,raw,list with caveat,Resource Registry,
E01689,Guild Guild,Protocol / community,https://guildguild.org/,Guild Guild,"Web3, Ethereum & Mechanism Design",guilds,Provided resource seed,Markdown resource table,,resource_registry_v0_2,raw,list with caveat,Resource Registry,
E01690,Prosperity Passport,Identity / passport,Raw / no canonical link,Prosperity Passport,"Web3, Ethereum & Mechanism Design",identity,Provided resource seed,Markdown resource table,,resource_registry_v0_2,raw,list with caveat,Resource Registry,
E01691,Self Protocol,Identity protocol,https://self.xyz/,Self Protocol,"Web3, Ethereum & Mechanism Design",identity,Provided resource seed,Markdown resource table,,resource_registry_v0_2,raw,list with caveat,Resource Registry,
E01722,Carl Cervone,Tier-1 bridge figure,Raw / no canonical link,Open Source Observer / Hypercerts,Bridge Figures & Guest Network Leads,"OSO, Hypercerts, Greenpill, Crypto Altruists, public goods metrics",Podcast synthesis,Media source-system synthesis,,resource_registry_v0_2,raw,list with caveat,Resource Registry,"Podcast synthesis identifies this person/org as a bridge, guest lead, or cross-pollination node. Treat as social/source-system signal; do not treat as public person profile without review."
E01723,Holke Brammer,Tier-1 bridge figure,Raw / no canonical link,Hypercerts Foundation,Bridge Figures & Guest Network Leads,"Hypercerts, Ma Earth, public goods funding",Podcast synthesis,Media source-system synthesis,,resource_registry_v0_2,raw,list with caveat,Resource Registry,"Podcast synthesis identifies this person/org as a bridge, guest lead, or cross-pollination node. Treat as social/source-system signal; do not treat as public person profile without review."
E01738,Tom Crowther,High-value guest lead,Raw / no canonical link,Restor / UN Decade on Restoration,Bridge Figures & Guest Network Leads,"restoration mapping, global ecology, public goods infrastructure",Podcast synthesis,Media source-system synthesis,,resource_registry_v0_2,raw,list with caveat,Resource Registry,"Podcast synthesis identifies this person/org as a bridge, guest lead, or cross-pollination node. Treat as social/source-system signal; do not treat as public person profile without review."
E01742,Tiffany Pyette,High-value guest lead,Raw / no canonical link,Appalachian Rekindling Project,Bridge Figures & Guest Network Leads,"bison rewilding, Indigenous co-stewardship",Podcast synthesis,Media source-system synthesis,,resource_registry_v0_2,raw,list with caveat,Resource Registry,"Podcast synthesis identifies this person/org as a bridge, guest lead, or cross-pollination node. Treat as social/source-system signal; do not treat as public person profile without review."
E01744,Brandon Welch,High-value guest lead,Raw / no canonical link,Mad Capital,Bridge Figures & Guest Network Leads,"regen-ag finance, blended capital",Podcast synthesis,Media source-system synthesis,,resource_registry_v0_2,raw,list with caveat,Resource Registry,"Podcast synthesis identifies this person/org as a bridge, guest lead, or cross-pollination node. Treat as social/source-system signal; do not treat as public person profile without review."
E00265,LocalNodes,tool/platform,https://localnodes.xyz/,,,AI; knowledge gardens; local nodes,resource_seed,manual adjacent expansion,,resource_seed,raw; needs verification,list with caveat,Tooling; Source System Card,AI-powered community knowledge garden candidate
E00266,Drips,funding protocol,https://www.drips.network/,,,open-source funding; public goods,adjacent_expansion,manual adjacent expansion,,adjacent_expansion,raw; needs verification,list with caveat,Option Library,Open-source funding and dependency graph funding
E00267,Murmurations,protocol/schema,https://murmurations.network/,,,interoperability; schemas,resource_seed,manual adjacent expansion,,resource_seed,raw; needs verification,list with caveat,Infrastructure; Source System,Distributed data interoperability / profiles
E00268,Geo / Geobrowser,platform/protocol,https://www.geobrowser.io/,,,knowledge graph; curation,resource_seed,manual adjacent expansion,,resource_seed,raw; needs verification,list with caveat,Infrastructure; Source System Candidate,Knowledge graph / web3 knowledge organization lead
E00269,PageIndex,protocol/tool,https://pageindex.ai/,,,AI; indexing; knowledge commons,resource_seed,manual adjacent expansion,,resource_seed,raw; needs verification,list with caveat,Infrastructure Candidate,Knowledge indexing / AI page infrastructure lead
E00270,TrustGraph,protocol/tool,https://trustgraph.network/,,,trust graphs; knowledge commons,resource_seed,manual adjacent expansion,,resource_seed,raw; needs verification,list with caveat,Infrastructure Candidate,Trust/knowledge graph lead
E00271,Human Passport / Gitcoin Passport,identity tool,https://passport.xyz/,,,identity; Sybil resistance,resource_seed,manual adjacent expansion,,resource_seed,raw; needs verification,list with caveat,Tooling; Option Library,Sybil resistance and identity
E00272,BrightID,identity tool,https://www.brightid.org/,,,identity; Sybil resistance,resource_seed,manual adjacent expansion,,resource_seed,raw; needs verification,list with caveat,Tooling,Social identity / anti-Sybil reference
E00273,Sarafu Network,platform,https://sarafu.network/,,,community currencies; commitment pooling,resource_seed; podcast_synthesis,manual adjacent expansion,,resource_seed; podcast_synthesis,raw; needs verification,list with caveat,Tooling; Option Library,Community currency and local exchange platform
E00274,Endaoment,platform,https://endaoment.org/,,,philanthropy; nonprofit onboarding,podcast_synthesis,manual adjacent expansion,,podcast_synthesis,raw; needs verification,list with caveat,Source System Candidate,Crypto philanthropy / donor-advised funds
E00275,Every.org,platform,https://www.every.org/,,,nonprofits; giving,adjacent_expansion,manual adjacent expansion,,adjacent_expansion,raw; needs verification,list with caveat,Source System Candidate,Nonprofit fundraising and crypto donation infrastructure
E00276,Celo,protocol/ecosystem,https://celo.org/,,,ReFi; stablecoins; mobile,resource_seed,manual adjacent expansion,,resource_seed,raw; needs verification,list with caveat,Source System Card,Mobile-first and ReFi-adjacent blockchain ecosystem
E00277,MACI,protocol/tool,https://maci.pse.dev/,,,voting; privacy; QF,adjacent_expansion,manual adjacent expansion,,adjacent_expansion,raw; needs verification,list with caveat,Tooling; Option Library,Privacy-preserving voting / anti-collusion infrastructure
E00278,EasyRetroPGF,tool/platform,https://easyretropgf.xyz/,,,retro funding; tools,adjacent_expansion,manual adjacent expansion,,adjacent_expansion,raw; needs verification,list with caveat,Tooling,Retro funding tooling lead
E00279,Nori,company/platform,https://nori.com/,,,carbon removal; climate,adjacent_expansion,manual adjacent expansion,,adjacent_expansion,raw; needs verification,list with caveat,Resource Lead,Carbon removal marketplace / net-zero critique context
E00280,Solid World,company/protocol,https://solid.world/,,,carbon finance; ReFi,adjacent_expansion,manual adjacent expansion,,adjacent_expansion,raw; needs verification,list with caveat,Resource Lead,Forward carbon financing context
E00281,The Landbanking Group,company/platform,https://www.thelandbankinggroup.com/,,,nature finance; land banking,web_verified; adjacent_expansion,manual adjacent expansion,,web_verified; adjacent_expansion,raw; needs verification,list with caveat,Resource Lead,Nature equity / land banking / nature on balance sheet context
E00282,Local Contexts,framework/tool,https://localcontexts.org/,,,Indigenous data sovereignty; TK labels,adjacent_expansion,manual adjacent expansion,,adjacent_expansion,raw; needs verification,list with caveat,Public-use Safeguard; Source System,Traditional Knowledge / Biocultural Labels; needed for Indigenous/local knowledge handling
E00283,Safe,tool/protocol,https://safe.global/,,,multisig; treasury; governance,adjacent_expansion,manual adjacent expansion,,adjacent_expansion,raw; needs verification,list with caveat,Tooling; Deployment Safeguards,Multisig / account abstraction / treasury control
E00284,Snapshot,tool/platform,https://snapshot.box/,,,governance; voting,adjacent_expansion,manual adjacent expansion,,adjacent_expansion,raw; needs verification,list with caveat,Tooling; Option Library,Offchain governance voting
E00285,Tally,tool/platform,https://www.tally.xyz/,,,governance; voting,adjacent_expansion,manual adjacent expansion,,adjacent_expansion,raw; needs verification,list with caveat,Tooling,Onchain governance interface
E00286,Charmverse,tool/platform,https://www.charmverse.io/,,,community ops; grants,project_context,manual adjacent expansion,,project_context,raw; needs verification,list with caveat,Tooling,Community workspace / governance / grants management
E00287,Gardens,platform/protocol,https://gardens.fund/,,,governance; funding,resource_seed,manual adjacent expansion,,resource_seed,raw; needs verification,list with caveat,Source System; Option Library,Shared resource coordination / conviction voting / commons governance
E00288,Coordinape,tool/platform,https://coordinape.com/,,,contribution; compensation,adjacent_expansion,manual adjacent expansion,,adjacent_expansion,raw; needs verification,list with caveat,Option Library,Contribution circles / allocations
