global_id,name,primary_type,tab_location,url,source_origin,source_signal_count,appears_across_multiple_sources,suggested_toolkit_route,review_status,public_use_status,notes
IDX00001,'@Crypto_Altruism,person/account,People & Accounts,,Twitter/X archive,104,,Social Signal Review,raw social signal; not endorsement,list with caveat,mention_count=53; retweet_count=51
IDX00002,'@OctantApp,person/account,People & Accounts,,Twitter/X archive,60,,Social Signal Review,raw social signal; not endorsement,list with caveat,mention_count=38; retweet_count=22
IDX00003,'@BlockchainGov,person/account,People & Accounts,,Twitter/X archive,68,,Social Signal Review,raw social signal; not endorsement,list with caveat,mention_count=34; retweet_count=34
IDX00004,'@owocki,person/account,People & Accounts,,Twitter/X archive,57,,Social Signal Review,raw social signal; not endorsement,list with caveat,mention_count=34; retweet_count=23
IDX00005,'@mbauwens,person/account,People & Accounts,,Twitter/X archive,65,,Social Signal Review,raw social signal; not endorsement,list with caveat,mention_count=34; retweet_count=31
IDX00006,'@CC_ReFi_News,person/account,People & Accounts,,Twitter/X archive,60,,Social Signal Review,raw social signal; not endorsement,list with caveat,mention_count=34; retweet_count=26
IDX00007,'@PluralityInst,person/account,People & Accounts,,Twitter/X archive,63,,Social Signal Review,raw social signal; not endorsement,list with caveat,mention_count=32; retweet_count=31
IDX00008,'@gitcoin,person/account,People & Accounts,,Twitter/X archive,36,,Social Signal Review,raw social signal; not endorsement,list with caveat,mention_count=25; retweet_count=11
IDX00009,'@JoinEdgeCity,person/account,People & Accounts,,Twitter/X archive,44,,Social Signal Review,raw social signal; not endorsement,list with caveat,mention_count=23; retweet_count=21
IDX00010,'@VitalikButerin,person/account,People & Accounts,,Twitter/X archive,41,,Social Signal Review,raw social signal; not endorsement,list with caveat,mention_count=23; retweet_count=18
IDX00011,'@omniharmonic,person/account,People & Accounts,,Twitter/X archive,43,,Social Signal Review,raw social signal; not endorsement,list with caveat,mention_count=23; retweet_count=20
IDX00012,'@regen_network,person/account,People & Accounts,,Twitter/X archive,40,,Social Signal Review,raw social signal; not endorsement,list with caveat,mention_count=23; retweet_count=17
IDX00013,'@durgadasjii,person/account,People & Accounts,,Twitter/X archive,43,,Social Signal Review,raw social signal; not endorsement,list with caveat,mention_count=22; retweet_count=21
IDX00014,'@ethereum,person/account,People & Accounts,,Twitter/X archive,35,,Social Signal Review,raw social signal; not endorsement,list with caveat,mention_count=22; retweet_count=13
IDX00015,'@cognitivepolicy,person/account,People & Accounts,,Twitter/X archive,38,,Social Signal Review,raw social signal; not endorsement,list with caveat,mention_count=19; retweet_count=19
IDX00016,'@wor,person/account,People & Accounts,,Twitter/X archive,37,,Social Signal Review,raw social signal; not endorsement,list with caveat,mention_count=19; retweet_count=18
IDX00017,'@Giveth,person/account,People & Accounts,,Twitter/X archive,35,,Social Signal Review,raw social signal; not endorsement,list with caveat,mention_count=19; retweet_count=16
IDX00018,'@greenpilldevs,person/account,People & Accounts,,Twitter/X archive,30,,Social Signal Review,raw social signal; not endorsement,list with caveat,mention_count=18; retweet_count=12
IDX00019,'@EtherealnewsHQ,person/account,People & Accounts,,Twitter/X archive,34,,Social Signal Review,raw social signal; not endorsement,list with caveat,mention_count=17; retweet_count=17
IDX00020,'@LBorreani,person/account,People & Accounts,,Twitter/X archive,30,,Social Signal Review,raw social signal; not endorsement,list with caveat,mention_count=16; retweet_count=14
IDX00021,'@breadcoop,person/account,People & Accounts,,Twitter/X archive,28,,Social Signal Review,raw social signal; not endorsement,list with caveat,mention_count=16; retweet_count=12
IDX00022,'@owockibot,person/account,People & Accounts,,Twitter/X archive,30,,Social Signal Review,raw social signal; not endorsement,list with caveat,mention_count=15; retweet_count=15
IDX00023,'@EFDevcon,person/account,People & Accounts,,Twitter/X archive,13,,Social Signal Review,raw social signal; not endorsement,list with caveat,mention_count=13; retweet_count=0
IDX00024,'@tecmns,person/account,People & Accounts,,Twitter/X archive,26,,Social Signal Review,raw social signal; not endorsement,list with caveat,mention_count=13; retweet_count=13
IDX00025,'@samflan,person/account,People & Accounts,,Twitter/X archive,24,,Social Signal Review,raw social signal; not endorsement,list with caveat,mention_count=12; retweet_count=12
IDX00026,'@exeuntdoteth,person/account,People & Accounts,,Twitter/X archive,22,,Social Signal Review,raw social signal; not endorsement,list with caveat,mention_count=12; retweet_count=10
IDX00027,'@devanshmehta,person/account,People & Accounts,,Twitter/X archive,22,,Social Signal Review,raw social signal; not endorsement,list with caveat,mention_count=12; retweet_count=10
IDX00028,'@DisruptionJoe,person/account,People & Accounts,,Twitter/X archive,22,,Social Signal Review,raw social signal; not endorsement,list with caveat,mention_count=11; retweet_count=11
IDX00029,'@ethereumboulder,person/account,People & Accounts,,Twitter/X archive,16,,Social Signal Review,raw social signal; not endorsement,list with caveat,mention_count=11; retweet_count=5
IDX00030,'@FundingCommons,person/account,People & Accounts,,Twitter/X archive,16,,Social Signal Review,raw social signal; not endorsement,list with caveat,mention_count=10; retweet_count=6
IDX00031,'@regenavocado,person/account,People & Accounts,,Twitter/X archive,20,,Social Signal Review,raw social signal; not endorsement,list with caveat,mention_count=10; retweet_count=10
IDX00032,'@papa_raw,person/account,People & Accounts,,Twitter/X archive,18,,Social Signal Review,raw social signal; not endorsement,list with caveat,mention_count=10; retweet_count=8
IDX00033,'@RohitMalekar,person/account,People & Accounts,,Twitter/X archive,19,,Social Signal Review,raw social signal; not endorsement,list with caveat,mention_count=10; retweet_count=9
IDX00034,'@ethereumfndn,person/account,People & Accounts,,Twitter/X archive,12,,Social Signal Review,raw social signal; not endorsement,list with caveat,mention_count=10; retweet_count=2
IDX00035,'@web3privacy,person/account,People & Accounts,,Twitter/X archive,18,,Social Signal Review,raw social signal; not endorsement,list with caveat,mention_count=9; retweet_count=9
IDX00036,'@MCSocialVenture,person/account,People & Accounts,,Twitter/X archive,15,,Social Signal Review,raw social signal; not endorsement,list with caveat,mention_count=9; retweet_count=6
IDX00037,'@networknations_,person/account,People & Accounts,,Twitter/X archive,18,,Social Signal Review,raw social signal; not endorsement,list with caveat,mention_count=9; retweet_count=9
IDX00038,'@UnlockProtocol,person/account,People & Accounts,,Twitter/X archive,17,,Social Signal Review,raw social signal; not endorsement,list with caveat,mention_count=9; retweet_count=8
IDX00039,'@karmahq_,person/account,People & Accounts,,Twitter/X archive,16,,Social Signal Review,raw social signal; not endorsement,list with caveat,mention_count=9; retweet_count=7
IDX00040,'@greenpillnet,person/account,People & Accounts,,Twitter/X archive,13,,Social Signal Review,raw social signal; not endorsement,list with caveat,mention_count=9; retweet_count=4
IDX00041,'@TheDevanshMehta,person/account,People & Accounts,,Twitter/X archive,18,,Social Signal Review,raw social signal; not endorsement,list with caveat,mention_count=9; retweet_count=9
IDX00042,'@arkreen_network,person/account,People & Accounts,,Twitter/X archive,12,,Social Signal Review,raw social signal; not endorsement,list with caveat,mention_count=8; retweet_count=4
IDX00043,'@ipecity,person/account,People & Accounts,,Twitter/X archive,15,,Social Signal Review,raw social signal; not endorsement,list with caveat,mention_count=8; retweet_count=7
IDX00044,'@TerezaBizkova,person/account,People & Accounts,,Twitter/X archive,14,,Social Signal Review,raw social signal; not endorsement,list with caveat,mention_count=8; retweet_count=6
IDX00045,'@ntnsndr,person/account,People & Accounts,,Twitter/X archive,12,,Social Signal Review,raw social signal; not endorsement,list with caveat,mention_count=8; retweet_count=4
IDX00046,'@TrinityMorphy,person/account,People & Accounts,,Twitter/X archive,11,,Social Signal Review,raw social signal; not endorsement,list with caveat,mention_count=8; retweet_count=3
IDX00047,'@wmougayar,person/account,People & Accounts,,Twitter/X archive,12,,Social Signal Review,raw social signal; not endorsement,list with caveat,mention_count=7; retweet_count=5
IDX00048,'@trent_vanepps,person/account,People & Accounts,,Twitter/X archive,14,,Social Signal Review,raw social signal; not endorsement,list with caveat,mention_count=7; retweet_count=7
IDX00049,'@TheDRC_,person/account,People & Accounts,,Twitter/X archive,14,,Social Signal Review,raw social signal; not endorsement,list with caveat,mention_count=7; retweet_count=7
IDX00050,'@gen_ukraine,person/account,People & Accounts,,Twitter/X archive,14,,Social Signal Review,raw social signal; not endorsement,list with caveat,mention_count=7; retweet_count=7
IDX00051,'@cryptoeconlab,person/account,People & Accounts,,Twitter/X archive,14,,Social Signal Review,raw social signal; not endorsement,list with caveat,mention_count=7; retweet_count=7
IDX00052,'@OSObserver,person/account,People & Accounts,,Twitter/X archive,13,,Social Signal Review,raw social signal; not endorsement,list with caveat,mention_count=7; retweet_count=6
IDX00053,'@HumnPassport,person/account,People & Accounts,,Twitter/X archive,14,,Social Signal Review,raw social signal; not endorsement,list with caveat,mention_count=7; retweet_count=7
IDX00054,'@AzosFinance,person/account,People & Accounts,,Twitter/X archive,14,,Social Signal Review,raw social signal; not endorsement,list with caveat,mention_count=7; retweet_count=7
IDX00055,'@GaiaAIxyz,person/account,People & Accounts,,Twitter/X archive,12,,Social Signal Review,raw social signal; not endorsement,list with caveat,mention_count=7; retweet_count=5
IDX00056,'@RegenCoordinate,person/account,People & Accounts,,Twitter/X archive,8,,Social Signal Review,raw social signal; not endorsement,list with caveat,mention_count=7; retweet_count=1
IDX00057,'@kelsiemvn,person/account,People & Accounts,,Twitter/X archive,11,,Social Signal Review,raw social signal; not endorsement,list with caveat,mention_count=7; retweet_count=4
IDX00058,'@Abundance_DAO,person/account,People & Accounts,,Twitter/X archive,14,,Social Signal Review,raw social signal; not endorsement,list with caveat,mention_count=7; retweet_count=7
IDX00059,'@tmoindustries,person/account,People & Accounts,,Twitter/X archive,12,,Social Signal Review,raw social signal; not endorsement,list with caveat,mention_count=6; retweet_count=6
IDX00060,'@Paul_Glavin,person/account,People & Accounts,,Twitter/X archive,12,,Social Signal Review,raw social signal; not endorsement,list with caveat,mention_count=6; retweet_count=6
IDX00061,'@rileybeans_,person/account,People & Accounts,,Twitter/X archive,12,,Social Signal Review,raw social signal; not endorsement,list with caveat,mention_count=6; retweet_count=6
IDX00062,'@MontyMerlin,person/account,People & Accounts,,Twitter/X archive,12,,Social Signal Review,raw social signal; not endorsement,list with caveat,mention_count=6; retweet_count=6
IDX00063,'@drakefjustin,person/account,People & Accounts,,Twitter/X archive,8,,Social Signal Review,raw social signal; not endorsement,list with caveat,mention_count=6; retweet_count=2
IDX00064,'@AntiKrisis_xyz,person/account,People & Accounts,,Twitter/X archive,10,,Social Signal Review,raw social signal; not endorsement,list with caveat,mention_count=6; retweet_count=4
IDX00065,'@Obol_Collective,person/account,People & Accounts,,Twitter/X archive,12,,Social Signal Review,raw social signal; not endorsement,list with caveat,mention_count=6; retweet_count=6
IDX00066,'@ECHInstitute,person/account,People & Accounts,,Twitter/X archive,12,,Social Signal Review,raw social signal; not endorsement,list with caveat,mention_count=6; retweet_count=6
IDX00067,'@DAOscope,person/account,People & Accounts,,Twitter/X archive,12,,Social Signal Review,raw social signal; not endorsement,list with caveat,mention_count=6; retweet_count=6
IDX00068,'@ChonesWeaving,person/account,People & Accounts,,Twitter/X archive,12,,Social Signal Review,raw social signal; not endorsement,list with caveat,mention_count=6; retweet_count=6
IDX00069,'@Celo,person/account,People & Accounts,,Twitter/X archive,10,,Social Signal Review,raw social signal; not endorsement,list with caveat,mention_count=6; retweet_count=4
IDX00070,'@gregory_landua,person/account,People & Accounts,,Twitter/X archive,12,,Social Signal Review,raw social signal; not endorsement,list with caveat,mention_count=6; retweet_count=6
IDX00071,'@OurBloomNetwork,person/account,People & Accounts,,Twitter/X archive,12,,Social Signal Review,raw social signal; not endorsement,list with caveat,mention_count=6; retweet_count=6
IDX00072,'@Atlantis_p2p,person/account,People & Accounts,,Twitter/X archive,10,,Social Signal Review,raw social signal; not endorsement,list with caveat,mention_count=6; retweet_count=4
IDX00073,'@GainForestNow,person/account,People & Accounts,,Twitter/X archive,9,,Social Signal Review,raw social signal; not endorsement,list with caveat,mention_count=6; retweet_count=3
IDX00074,'@localscale,person/account,People & Accounts,,Twitter/X archive,10,,Social Signal Review,raw social signal; not endorsement,list with caveat,mention_count=5; retweet_count=5
IDX00075,'@synthesis_md,person/account,People & Accounts,,Twitter/X archive,8,,Social Signal Review,raw social signal; not endorsement,list with caveat,mention_count=5; retweet_count=3
IDX00076,'@thedaofund,person/account,People & Accounts,,Twitter/X archive,9,,Social Signal Review,raw social signal; not endorsement,list with caveat,mention_count=5; retweet_count=4
IDX00077,'@bbeats1,person/account,People & Accounts,,Twitter/X archive,9,,Social Signal Review,raw social signal; not endorsement,list with caveat,mention_count=5; retweet_count=4
IDX00078,'@gardens_fund,person/account,People & Accounts,,Twitter/X archive,7,,Social Signal Review,raw social signal; not endorsement,list with caveat,mention_count=5; retweet_count=2
IDX00079,'@metagov_project,person/account,People & Accounts,,Twitter/X archive,7,,Social Signal Review,raw social signal; not endorsement,list with caveat,mention_count=5; retweet_count=2
IDX00080,'@EFetheverywhere,person/account,People & Accounts,,Twitter/X archive,10,,Social Signal Review,raw social signal; not endorsement,list with caveat,mention_count=5; retweet_count=5
IDX00081,'@flowstatecoop,person/account,People & Accounts,,Twitter/X archive,10,,Social Signal Review,raw social signal; not endorsement,list with caveat,mention_count=5; retweet_count=5
IDX00082,'@CommonsHubAT,person/account,People & Accounts,,Twitter/X archive,10,,Social Signal Review,raw social signal; not endorsement,list with caveat,mention_count=5; retweet_count=5
IDX00083,'@Dionysus_Klima,person/account,People & Accounts,,Twitter/X archive,10,,Social Signal Review,raw social signal; not endorsement,list with caveat,mention_count=5; retweet_count=5
IDX00084,'@RifaiSicilia,person/account,People & Accounts,,Twitter/X archive,7,,Social Signal Review,raw social signal; not endorsement,list with caveat,mention_count=5; retweet_count=2
IDX00085,'@nixorokish,person/account,People & Accounts,,Twitter/X archive,10,,Social Signal Review,raw social signal; not endorsement,list with caveat,mention_count=5; retweet_count=5
IDX00086,'@paths2regen,person/account,People & Accounts,,Twitter/X archive,10,,Social Signal Review,raw social signal; not endorsement,list with caveat,mention_count=5; retweet_count=5
IDX00087,'@ShutterNetwork,person/account,People & Accounts,,Twitter/X archive,7,,Social Signal Review,raw social signal; not endorsement,list with caveat,mention_count=4; retweet_count=3
IDX00088,'@base,person/account,People & Accounts,,Twitter/X archive,4,,Social Signal Review,raw social signal; not endorsement,list with caveat,mention_count=4; retweet_count=0
IDX00089,'@ladislaus0x,person/account,People & Accounts,,Twitter/X archive,8,,Social Signal Review,raw social signal; not endorsement,list with caveat,mention_count=4; retweet_count=4
IDX00090,'@zaldarren,person/account,People & Accounts,,Twitter/X archive,7,,Social Signal Review,raw social signal; not endorsement,list with caveat,mention_count=4; retweet_count=3
IDX00091,'@NetxState,person/account,People & Accounts,,Twitter/X archive,8,,Social Signal Review,raw social signal; not endorsement,list with caveat,mention_count=4; retweet_count=4
IDX00092,'@theopenmachine,person/account,People & Accounts,,Twitter/X archive,7,,Social Signal Review,raw social signal; not endorsement,list with caveat,mention_count=4; retweet_count=3
IDX00093,'@christine_dkim,person/account,People & Accounts,,Twitter/X archive,8,,Social Signal Review,raw social signal; not endorsement,list with caveat,mention_count=4; retweet_count=4
IDX00094,'@aave,person/account,People & Accounts,,Twitter/X archive,4,,Social Signal Review,raw social signal; not endorsement,list with caveat,mention_count=4; retweet_count=0
IDX00095,'@SilviProtocol,person/account,People & Accounts,,Twitter/X archive,7,,Social Signal Review,raw social signal; not endorsement,list with caveat,mention_count=4; retweet_count=3
IDX00096,'@Snapcrackle,person/account,People & Accounts,,Twitter/X archive,8,,Social Signal Review,raw social signal; not endorsement,list with caveat,mention_count=4; retweet_count=4
IDX00097,'@KlimaDAO,person/account,People & Accounts,,Twitter/X archive,5,,Social Signal Review,raw social signal; not endorsement,list with caveat,mention_count=4; retweet_count=1
IDX00098,'@RodovidMe,person/account,People & Accounts,,Twitter/X archive,8,,Social Signal Review,raw social signal; not endorsement,list with caveat,mention_count=4; retweet_count=4
IDX00099,'@Solar_FND,person/account,People & Accounts,,Twitter/X archive,7,,Social Signal Review,raw social signal; not endorsement,list with caveat,mention_count=4; retweet_count=3
IDX00100,'@humntech,person/account,People & Accounts,,Twitter/X archive,8,,Social Signal Review,raw social signal; not endorsement,list with caveat,mention_count=4; retweet_count=4
IDX00101,'@ColeenChase,person/account,People & Accounts,,Twitter/X archive,8,,Social Signal Review,raw social signal; not endorsement,list with caveat,mention_count=4; retweet_count=4
IDX00102,'@agroforestDAO,person/account,People & Accounts,,Twitter/X archive,7,,Social Signal Review,raw social signal; not endorsement,list with caveat,mention_count=4; retweet_count=3
IDX00103,'@suno_finance,person/account,People & Accounts,,Twitter/X archive,7,,Social Signal Review,raw social signal; not endorsement,list with caveat,mention_count=4; retweet_count=3
IDX00104,'@RJPinnell,person/account,People & Accounts,,Twitter/X archive,8,,Social Signal Review,raw social signal; not endorsement,list with caveat,mention_count=4; retweet_count=4
IDX00105,'@KMLLCW3,person/account,People & Accounts,,Twitter/X archive,7,,Social Signal Review,raw social signal; not endorsement,list with caveat,mention_count=4; retweet_count=3
IDX00106,'@tokengineering,person/account,People & Accounts,,Twitter/X archive,6,,Social Signal Review,raw social signal; not endorsement,list with caveat,mention_count=4; retweet_count=2
IDX00107,'@hypercerts,person/account,People & Accounts,,Twitter/X archive,6,,Social Signal Review,raw social signal; not endorsement,list with caveat,mention_count=4; retweet_count=2
IDX00108,'@TBSocialist,person/account,People & Accounts,,Twitter/X archive,7,,Social Signal Review,raw social signal; not endorsement,list with caveat,mention_count=4; retweet_count=3
IDX00109,'@Optimism,person/account,People & Accounts,,Twitter/X archive,4,,Social Signal Review,raw social signal; not endorsement,list with caveat,mention_count=4; retweet_count=0
IDX00110,'@RaymondCheng00,person/account,People & Accounts,,Twitter/X archive,8,,Social Signal Review,raw social signal; not endorsement,list with caveat,mention_count=4; retweet_count=4
IDX00111,'@ecofrontiers,person/account,People & Accounts,,Twitter/X archive,5,,Social Signal Review,raw social signal; not endorsement,list with caveat,mention_count=4; retweet_count=1
IDX00112,'@binji_x,person/account,People & Accounts,,Twitter/X archive,8,,Social Signal Review,raw social signal; not endorsement,list with caveat,mention_count=4; retweet_count=4
IDX00113,'@ArtizenFund,person/account,People & Accounts,,Twitter/X archive,8,,Social Signal Review,raw social signal; not endorsement,list with caveat,mention_count=4; retweet_count=4
IDX00114,'@tdfinyourdreams,person/account,People & Accounts,,Twitter/X archive,8,,Social Signal Review,raw social signal; not endorsement,list with caveat,mention_count=4; retweet_count=4
IDX00115,'@RnDAO__,person/account,People & Accounts,,Twitter/X archive,6,,Social Signal Review,raw social signal; not endorsement,list with caveat,mention_count=4; retweet_count=2
IDX00116,'@DCF_io,person/account,People & Accounts,,Twitter/X archive,6,,Social Signal Review,raw social signal; not endorsement,list with caveat,mention_count=4; retweet_count=2
IDX00117,'@kennyistyping,person/account,People & Accounts,,Twitter/X archive,6,,Social Signal Review,raw social signal; not endorsement,list with caveat,mention_count=3; retweet_count=3
IDX00118,'@tcoratger,person/account,People & Accounts,,Twitter/X archive,6,,Social Signal Review,raw social signal; not endorsement,list with caveat,mention_count=3; retweet_count=3
IDX00119,'@seer_pm,person/account,People & Accounts,,Twitter/X archive,5,,Social Signal Review,raw social signal; not endorsement,list with caveat,mention_count=3; retweet_count=2
IDX00120,'@ethdaily,person/account,People & Accounts,,Twitter/X archive,6,,Social Signal Review,raw social signal; not endorsement,list with caveat,mention_count=3; retweet_count=3
IDX00121,'@GreenSofa_TW,person/account,People & Accounts,,Twitter/X archive,5,,Social Signal Review,raw social signal; not endorsement,list with caveat,mention_count=3; retweet_count=2
IDX00122,'@HeenalR,person/account,People & Accounts,,Twitter/X archive,5,,Social Signal Review,raw social signal; not endorsement,list with caveat,mention_count=3; retweet_count=2
IDX00123,'@ethdotorg,person/account,People & Accounts,,Twitter/X archive,5,,Social Signal Review,raw social signal; not endorsement,list with caveat,mention_count=3; retweet_count=2
IDX00124,'@spengrah,person/account,People & Accounts,,Twitter/X archive,6,,Social Signal Review,raw social signal; not endorsement,list with caveat,mention_count=3; retweet_count=3
IDX00125,'@akrtws,person/account,People & Accounts,,Twitter/X archive,6,,Social Signal Review,raw social signal; not endorsement,list with caveat,mention_count=3; retweet_count=3
IDX00126,'@carbonmarkcom,person/account,People & Accounts,,Twitter/X archive,5,,Social Signal Review,raw social signal; not endorsement,list with caveat,mention_count=3; retweet_count=2
IDX00127,'@RefiColombia,person/account,People & Accounts,,Twitter/X archive,5,,Social Signal Review,raw social signal; not endorsement,list with caveat,mention_count=3; retweet_count=2
IDX00128,'@localismfund,person/account,People & Accounts,,Twitter/X archive,4,,Social Signal Review,raw social signal; not endorsement,list with caveat,mention_count=3; retweet_count=1
IDX00129,'@Etherealize_io,person/account,People & Accounts,,Twitter/X archive,6,,Social Signal Review,raw social signal; not endorsement,list with caveat,mention_count=3; retweet_count=3
IDX00130,'@Molecule_sci,person/account,People & Accounts,,Twitter/X archive,6,,Social Signal Review,raw social signal; not endorsement,list with caveat,mention_count=3; retweet_count=3
IDX00131,'@RelayFunder,person/account,People & Accounts,,Twitter/X archive,5,,Social Signal Review,raw social signal; not endorsement,list with caveat,mention_count=3; retweet_count=2
IDX00132,'@reslashacc,person/account,People & Accounts,,Twitter/X archive,6,,Social Signal Review,raw social signal; not endorsement,list with caveat,mention_count=3; retweet_count=3
IDX00133,'@solidity_lang,person/account,People & Accounts,,Twitter/X archive,3,,Social Signal Review,raw social signal; not endorsement,list with caveat,mention_count=3; retweet_count=0
IDX00134,'@swiftevo1,person/account,People & Accounts,,Twitter/X archive,6,,Social Signal Review,raw social signal; not endorsement,list with caveat,mention_count=3; retweet_count=3
IDX00135,'@DeCleanupNet,person/account,People & Accounts,,Twitter/X archive,6,,Social Signal Review,raw social signal; not endorsement,list with caveat,mention_count=3; retweet_count=3
IDX00136,'@deeparocks,person/account,People & Accounts,,Twitter/X archive,6,,Social Signal Review,raw social signal; not endorsement,list with caveat,mention_count=3; retweet_count=3
IDX00137,'@growthepie_eth,person/account,People & Accounts,,Twitter/X archive,6,,Social Signal Review,raw social signal; not endorsement,list with caveat,mention_count=3; retweet_count=3
IDX00138,'@EthPrague,person/account,People & Accounts,,Twitter/X archive,4,,Social Signal Review,raw social signal; not endorsement,list with caveat,mention_count=3; retweet_count=1
IDX00139,'@dOrg_tech,person/account,People & Accounts,,Twitter/X archive,6,,Social Signal Review,raw social signal; not endorsement,list with caveat,mention_count=3; retweet_count=3
IDX00140,'@PrivacyEthereum,person/account,People & Accounts,,Twitter/X archive,6,,Social Signal Review,raw social signal; not endorsement,list with caveat,mention_count=3; retweet_count=3
IDX00141,'@w3b3forgood,person/account,People & Accounts,,Twitter/X archive,3,,Social Signal Review,raw social signal; not endorsement,list with caveat,mention_count=3; retweet_count=0
IDX00142,'@natesuits,person/account,People & Accounts,,Twitter/X archive,6,,Social Signal Review,raw social signal; not endorsement,list with caveat,mention_count=3; retweet_count=3
IDX00143,'@OpenLitterMap,person/account,People & Accounts,,Twitter/X archive,6,,Social Signal Review,raw social signal; not endorsement,list with caveat,mention_count=3; retweet_count=3
IDX00144,'@RegenRene,person/account,People & Accounts,,Twitter/X archive,6,,Social Signal Review,raw social signal; not endorsement,list with caveat,mention_count=3; retweet_count=3
IDX00145,'@theregenatlas,person/account,People & Accounts,,Twitter/X archive,5,,Social Signal Review,raw social signal; not endorsement,list with caveat,mention_count=3; retweet_count=2
IDX00146,'@grassEcon,person/account,People & Accounts,,Twitter/X archive,5,,Social Signal Review,raw social signal; not endorsement,list with caveat,mention_count=3; retweet_count=2
IDX00147,'@ProtocolGuild,person/account,People & Accounts,,Twitter/X archive,5,,Social Signal Review,raw social signal; not endorsement,list with caveat,mention_count=3; retweet_count=2
IDX00148,'@MattyCompost,person/account,People & Accounts,,Twitter/X archive,3,,Social Signal Review,raw social signal; not endorsement,list with caveat,mention_count=3; retweet_count=0
IDX00149,'@kentbabin,person/account,People & Accounts,,Twitter/X archive,3,,Social Signal Review,raw social signal; not endorsement,list with caveat,mention_count=3; retweet_count=0
IDX00150,'@theobtl,person/account,People & Accounts,,Twitter/X archive,4,,Social Signal Review,raw social signal; not endorsement,list with caveat,mention_count=3; retweet_count=1
IDX00151,'@sovereignsignal,person/account,People & Accounts,,Twitter/X archive,6,,Social Signal Review,raw social signal; not endorsement,list with caveat,mention_count=3; retweet_count=3
IDX00152,'@Regentokenomics,person/account,People & Accounts,,Twitter/X archive,6,,Social Signal Review,raw social signal; not endorsement,list with caveat,mention_count=3; retweet_count=3
IDX00153,'@audreyt,person/account,People & Accounts,,Twitter/X archive,6,,Social Signal Review,raw social signal; not endorsement,list with caveat,mention_count=3; retweet_count=3
IDX00154,'@Kernel0x,person/account,People & Accounts,,Twitter/X archive,4,,Social Signal Review,raw social signal; not endorsement,list with caveat,mention_count=3; retweet_count=1
IDX00155,'@revnets,person/account,People & Accounts,,Twitter/X archive,4,,Social Signal Review,raw social signal; not endorsement,list with caveat,mention_count=3; retweet_count=1
IDX00156,'@etheconomiczone,person/account,People & Accounts,,Twitter/X archive,6,,Social Signal Review,raw social signal; not endorsement,list with caveat,mention_count=3; retweet_count=3
IDX00157,'@Superfluid_HQ,person/account,People & Accounts,,Twitter/X archive,4,,Social Signal Review,raw social signal; not endorsement,list with caveat,mention_count=3; retweet_count=1
IDX00158,'@_newcubes_,person/account,People & Accounts,,Twitter/X archive,5,,Social Signal Review,raw social signal; not endorsement,list with caveat,mention_count=3; retweet_count=2
IDX00159,'@CeloPublicGoods,person/account,People & Accounts,,Twitter/X archive,4,,Social Signal Review,raw social signal; not endorsement,list with caveat,mention_count=3; retweet_count=1
IDX00160,'@allo_capital,person/account,People & Accounts,,Twitter/X archive,3,,Social Signal Review,raw social signal; not endorsement,list with caveat,mention_count=3; retweet_count=0
IDX00161,'@dwddao,person/account,People & Accounts,,Twitter/X archive,5,,Social Signal Review,raw social signal; not endorsement,list with caveat,mention_count=3; retweet_count=2
IDX00162,'@GreenpillWrites,person/account,People & Accounts,,Twitter/X archive,4,,Social Signal Review,raw social signal; not endorsement,list with caveat,mention_count=3; retweet_count=1
IDX00163,'@ethresearchbot,person/account,People & Accounts,,Twitter/X archive,4,,Social Signal Review,raw social signal; not endorsement,list with caveat,mention_count=2; retweet_count=2
IDX00164,'@techandsunhub,person/account,People & Accounts,,Twitter/X archive,4,,Social Signal Review,raw social signal; not endorsement,list with caveat,mention_count=2; retweet_count=2
IDX00165,'@dankrad,person/account,People & Accounts,,Twitter/X archive,4,,Social Signal Review,raw social signal; not endorsement,list with caveat,mention_count=2; retweet_count=2
IDX00166,'@l2beat,person/account,People & Accounts,,Twitter/X archive,3,,Social Signal Review,raw social signal; not endorsement,list with caveat,mention_count=2; retweet_count=1
IDX00167,'@higrowfi,person/account,People & Accounts,,Twitter/X archive,4,,Social Signal Review,raw social signal; not endorsement,list with caveat,mention_count=2; retweet_count=2
IDX00168,'@blockful_io,person/account,People & Accounts,,Twitter/X archive,4,,Social Signal Review,raw social signal; not endorsement,list with caveat,mention_count=2; retweet_count=2
IDX00169,'@griffgreen,person/account,People & Accounts,,Twitter/X archive,3,,Social Signal Review,raw social signal; not endorsement,list with caveat,mention_count=2; retweet_count=1
IDX00170,'@ensdomains,person/account,People & Accounts,,Twitter/X archive,3,,Social Signal Review,raw social signal; not endorsement,list with caveat,mention_count=2; retweet_count=1
IDX00171,'@CharlieStLouis,person/account,People & Accounts,,Twitter/X archive,4,,Social Signal Review,raw social signal; not endorsement,list with caveat,mention_count=2; retweet_count=2
IDX00172,'@RegenFdn,person/account,People & Accounts,,Twitter/X archive,4,,Social Signal Review,raw social signal; not endorsement,list with caveat,mention_count=2; retweet_count=2
IDX00173,'@KokonutNetwork,person/account,People & Accounts,,Twitter/X archive,3,,Social Signal Review,raw social signal; not endorsement,list with caveat,mention_count=2; retweet_count=1
IDX00174,'@feemschats,person/account,People & Accounts,,Twitter/X archive,4,,Social Signal Review,raw social signal; not endorsement,list with caveat,mention_count=2; retweet_count=2
IDX00175,'@PublicNouns,person/account,People & Accounts,,Twitter/X archive,3,,Social Signal Review,raw social signal; not endorsement,list with caveat,mention_count=2; retweet_count=1
IDX00176,'@Greenpill9ja,person/account,People & Accounts,,Twitter/X archive,3,,Social Signal Review,raw social signal; not endorsement,list with caveat,mention_count=2; retweet_count=1
IDX00177,'@crypto4commons,person/account,People & Accounts,,Twitter/X archive,4,,Social Signal Review,raw social signal; not endorsement,list with caveat,mention_count=2; retweet_count=2
IDX00178,'@ethPandaOps,person/account,People & Accounts,,Twitter/X archive,3,,Social Signal Review,raw social signal; not endorsement,list with caveat,mention_count=2; retweet_count=1
IDX00179,'@jerri_nft,person/account,People & Accounts,,Twitter/X archive,4,,Social Signal Review,raw social signal; not endorsement,list with caveat,mention_count=2; retweet_count=2
IDX00180,'@bonfiresai,person/account,People & Accounts,,Twitter/X archive,3,,Social Signal Review,raw social signal; not endorsement,list with caveat,mention_count=2; retweet_count=1
IDX00181,'@DeSciWorld,person/account,People & Accounts,,Twitter/X archive,3,,Social Signal Review,raw social signal; not endorsement,list with caveat,mention_count=2; retweet_count=1
IDX00182,'@DeSciAsia,person/account,People & Accounts,,Twitter/X archive,2,,Social Signal Review,raw social signal; not endorsement,list with caveat,mention_count=2; retweet_count=0
IDX00183,'@endaomentdotorg,person/account,People & Accounts,,Twitter/X archive,4,,Social Signal Review,raw social signal; not endorsement,list with caveat,mention_count=2; retweet_count=2
IDX00184,'@hellofrommarv,person/account,People & Accounts,,Twitter/X archive,4,,Social Signal Review,raw social signal; not endorsement,list with caveat,mention_count=2; retweet_count=2
IDX00185,'@samccarthy27,person/account,People & Accounts,,Twitter/X archive,2,,Social Signal Review,raw social signal; not endorsement,list with caveat,mention_count=2; retweet_count=0
IDX00186,'@regensolarpunk,person/account,People & Accounts,,Twitter/X archive,4,,Social Signal Review,raw social signal; not endorsement,list with caveat,mention_count=2; retweet_count=2
IDX00187,'@Uniswap,person/account,People & Accounts,,Twitter/X archive,2,,Social Signal Review,raw social signal; not endorsement,list with caveat,mention_count=2; retweet_count=0
IDX00188,'@americamag,person/account,People & Accounts,,Twitter/X archive,2,,Social Signal Review,raw social signal; not endorsement,list with caveat,mention_count=2; retweet_count=0
IDX00189,'@SEAL_911,person/account,People & Accounts,,Twitter/X archive,2,,Social Signal Review,raw social signal; not endorsement,list with caveat,mention_count=2; retweet_count=0
IDX00190,'@EFprotocol,person/account,People & Accounts,,Twitter/X archive,2,,Social Signal Review,raw social signal; not endorsement,list with caveat,mention_count=2; retweet_count=0
IDX00191,'@myosin_xyz,person/account,People & Accounts,,Twitter/X archive,4,,Social Signal Review,raw social signal; not endorsement,list with caveat,mention_count=2; retweet_count=2
IDX00192,'@web3_data,person/account,People & Accounts,,Twitter/X archive,4,,Social Signal Review,raw social signal; not endorsement,list with caveat,mention_count=2; retweet_count=2
IDX00193,'@optimystics_,person/account,People & Accounts,,Twitter/X archive,4,,Social Signal Review,raw social signal; not endorsement,list with caveat,mention_count=2; retweet_count=2
IDX00194,'@EthCC,person/account,People & Accounts,,Twitter/X archive,2,,Social Signal Review,raw social signal; not endorsement,list with caveat,mention_count=2; retweet_count=0
IDX00195,'@nunet_global,person/account,People & Accounts,,Twitter/X archive,4,,Social Signal Review,raw social signal; not endorsement,list with caveat,mention_count=2; retweet_count=2
IDX00196,'@davinci_vote,person/account,People & Accounts,,Twitter/X archive,4,,Social Signal Review,raw social signal; not endorsement,list with caveat,mention_count=2; retweet_count=2
IDX00197,'@amioantho,person/account,People & Accounts,,Twitter/X archive,2,,Social Signal Review,raw social signal; not endorsement,list with caveat,mention_count=2; retweet_count=0
IDX00198,'@time_is_oba,person/account,People & Accounts,,Twitter/X archive,2,,Social Signal Review,raw social signal; not endorsement,list with caveat,mention_count=2; retweet_count=0
IDX00199,'@heenal,person/account,People & Accounts,,Twitter/X archive,2,,Social Signal Review,raw social signal; not endorsement,list with caveat,mention_count=2; retweet_count=0
IDX00200,'@kineticsarah,person/account,People & Accounts,,Twitter/X archive,2,,Social Signal Review,raw social signal; not endorsement,list with caveat,mention_count=2; retweet_count=0
IDX00201,'@greenpillbrasil,person/account,People & Accounts,,Twitter/X archive,2,,Social Signal Review,raw social signal; not endorsement,list with caveat,mention_count=2; retweet_count=0
IDX00202,'@orishim,person/account,People & Accounts,,Twitter/X archive,3,,Social Signal Review,raw social signal; not endorsement,list with caveat,mention_count=2; retweet_count=1
IDX00203,'@cadamstallard,person/account,People & Accounts,,Twitter/X archive,4,,Social Signal Review,raw social signal; not endorsement,list with caveat,mention_count=2; retweet_count=2
IDX00204,'@johnx25bd,person/account,People & Accounts,,Twitter/X archive,4,,Social Signal Review,raw social signal; not endorsement,list with caveat,mention_count=2; retweet_count=2
IDX00205,'@IntuitMachine,person/account,People & Accounts,,Twitter/X archive,4,,Social Signal Review,raw social signal; not endorsement,list with caveat,mention_count=2; retweet_count=2
IDX00206,'@akosmicfool,person/account,People & Accounts,,Twitter/X archive,3,,Social Signal Review,raw social signal; not endorsement,list with caveat,mention_count=2; retweet_count=1
IDX00207,'@rstormsf,person/account,People & Accounts,,Twitter/X archive,2,,Social Signal Review,raw social signal; not endorsement,list with caveat,mention_count=2; retweet_count=0
IDX00208,'@lurenbian,person/account,People & Accounts,,Twitter/X archive,2,,Social Signal Review,raw social signal; not endorsement,list with caveat,mention_count=2; retweet_count=0
IDX00209,'@oasaliving,person/account,People & Accounts,,Twitter/X archive,3,,Social Signal Review,raw social signal; not endorsement,list with caveat,mention_count=2; retweet_count=1
IDX00210,'@0xEN0VA,person/account,People & Accounts,,Twitter/X archive,3,,Social Signal Review,raw social signal; not endorsement,list with caveat,mention_count=2; retweet_count=1
IDX00211,'@LidoFinance,person/account,People & Accounts,,Twitter/X archive,4,,Social Signal Review,raw social signal; not endorsement,list with caveat,mention_count=2; retweet_count=2
IDX00212,'@A_Leutenegger,person/account,People & Accounts,,Twitter/X archive,4,,Social Signal Review,raw social signal; not endorsement,list with caveat,mention_count=2; retweet_count=2
IDX00213,'@GlowTracker,person/account,People & Accounts,,Twitter/X archive,4,,Social Signal Review,raw social signal; not endorsement,list with caveat,mention_count=2; retweet_count=2
IDX00214,'@NatalieCrue,person/account,People & Accounts,,Twitter/X archive,3,,Social Signal Review,raw social signal; not endorsement,list with caveat,mention_count=2; retweet_count=1
IDX00215,'@arbitrum,person/account,People & Accounts,,Twitter/X archive,2,,Social Signal Review,raw social signal; not endorsement,list with caveat,mention_count=2; retweet_count=0
IDX00216,'@curtis_yarvin,person/account,People & Accounts,,Twitter/X archive,2,,Social Signal Review,raw social signal; not endorsement,list with caveat,mention_count=2; retweet_count=0
IDX00217,'@regensunite,person/account,People & Accounts,,Twitter/X archive,3,,Social Signal Review,raw social signal; not endorsement,list with caveat,mention_count=2; retweet_count=1
IDX00218,'@rocketman_w,person/account,People & Accounts,,Twitter/X archive,4,,Social Signal Review,raw social signal; not endorsement,list with caveat,mention_count=2; retweet_count=2
IDX00219,'@_Daniel_Ospina,person/account,People & Accounts,,Twitter/X archive,4,,Social Signal Review,raw social signal; not endorsement,list with caveat,mention_count=2; retweet_count=2
IDX00220,'@0xNN2,person/account,People & Accounts,,Twitter/X archive,3,,Social Signal Review,raw social signal; not endorsement,list with caveat,mention_count=2; retweet_count=1
IDX00221,'@ETHForTheWorld,person/account,People & Accounts,,Twitter/X archive,3,,Social Signal Review,raw social signal; not endorsement,list with caveat,mention_count=2; retweet_count=1
IDX00222,'@foundation_gsr,person/account,People & Accounts,,Twitter/X archive,2,,Social Signal Review,raw social signal; not endorsement,list with caveat,mention_count=2; retweet_count=0
IDX00223,'@city_sync_,person/account,People & Accounts,,Twitter/X archive,4,,Social Signal Review,raw social signal; not endorsement,list with caveat,mention_count=2; retweet_count=2
IDX00224,'@juiceboxETH,person/account,People & Accounts,,Twitter/X archive,2,,Social Signal Review,raw social signal; not endorsement,list with caveat,mention_count=2; retweet_count=0
IDX00225,'@me_jango,person/account,People & Accounts,,Twitter/X archive,3,,Social Signal Review,raw social signal; not endorsement,list with caveat,mention_count=2; retweet_count=1
IDX00226,'@8ctopuso,person/account,People & Accounts,,Twitter/X archive,3,,Social Signal Review,raw social signal; not endorsement,list with caveat,mention_count=2; retweet_count=1
IDX00227,'@Bookof_Eth,person/account,People & Accounts,,Twitter/X archive,4,,Social Signal Review,raw social signal; not endorsement,list with caveat,mention_count=2; retweet_count=2
IDX00228,'@thegrifft,person/account,People & Accounts,,Twitter/X archive,4,,Social Signal Review,raw social signal; not endorsement,list with caveat,mention_count=2; retweet_count=2
IDX00229,'@fhe_org,person/account,People & Accounts,,Twitter/X archive,3,,Social Signal Review,raw social signal; not endorsement,list with caveat,mention_count=2; retweet_count=1
IDX00230,'@C1aranMurray,person/account,People & Accounts,,Twitter/X archive,2,,Social Signal Review,raw social signal; not endorsement,list with caveat,mention_count=2; retweet_count=0
IDX00231,'@DAOstar_One,person/account,People & Accounts,,Twitter/X archive,4,,Social Signal Review,raw social signal; not endorsement,list with caveat,mention_count=2; retweet_count=2
IDX00232,'@networkcoin,person/account,People & Accounts,,Twitter/X archive,3,,Social Signal Review,raw social signal; not endorsement,list with caveat,mention_count=2; retweet_count=1
IDX00233,'@0xHolonym,person/account,People & Accounts,,Twitter/X archive,3,,Social Signal Review,raw social signal; not endorsement,list with caveat,mention_count=2; retweet_count=1
IDX00234,'@glenweyl,person/account,People & Accounts,,Twitter/X archive,3,,Social Signal Review,raw social signal; not endorsement,list with caveat,mention_count=2; retweet_count=1
IDX00235,'@ethdevnews,person/account,People & Accounts,,Twitter/X archive,4,,Social Signal Review,raw social signal; not endorsement,list with caveat,mention_count=2; retweet_count=2
IDX00236,'@magentaceiba,person/account,People & Accounts,,Twitter/X archive,3,,Social Signal Review,raw social signal; not endorsement,list with caveat,mention_count=2; retweet_count=1
IDX00237,'@guildguild_eth,person/account,People & Accounts,,Twitter/X archive,4,,Social Signal Review,raw social signal; not endorsement,list with caveat,mention_count=2; retweet_count=2
IDX00238,'@SterlinLujan,person/account,People & Accounts,,Twitter/X archive,4,,Social Signal Review,raw social signal; not endorsement,list with caveat,mention_count=2; retweet_count=2
IDX00239,'@alexsotodigital,person/account,People & Accounts,,Twitter/X archive,2,,Social Signal Review,raw social signal; not endorsement,list with caveat,mention_count=1; retweet_count=1
IDX00240,'@josancamon19,person/account,People & Accounts,,Twitter/X archive,2,,Social Signal Review,raw social signal; not endorsement,list with caveat,mention_count=1; retweet_count=1
IDX00241,'@akorinek,person/account,People & Accounts,,Twitter/X archive,1,,Social Signal Review,raw social signal; not endorsement,list with caveat,mention_count=1; retweet_count=0
IDX00242,'@CryptoStatuette,person/account,People & Accounts,,Twitter/X archive,2,,Social Signal Review,raw social signal; not endorsement,list with caveat,mention_count=1; retweet_count=1
IDX00243,'@hashcloak,person/account,People & Accounts,,Twitter/X archive,1,,Social Signal Review,raw social signal; not endorsement,list with caveat,mention_count=1; retweet_count=0
IDX00244,'@BigWProtocol,person/account,People & Accounts,,Twitter/X archive,2,,Social Signal Review,raw social signal; not endorsement,list with caveat,mention_count=1; retweet_count=1
IDX00245,'@mikeneuder,person/account,People & Accounts,,Twitter/X archive,2,,Social Signal Review,raw social signal; not endorsement,list with caveat,mention_count=1; retweet_count=1
IDX00246,'@bahrani_maryam,person/account,People & Accounts,,Twitter/X archive,1,,Social Signal Review,raw social signal; not endorsement,list with caveat,mention_count=1; retweet_count=0
IDX00247,'@kosmostasis,person/account,People & Accounts,,Twitter/X archive,2,,Social Signal Review,raw social signal; not endorsement,list with caveat,mention_count=1; retweet_count=1
IDX00248,'@mode_nearchos,person/account,People & Accounts,,Twitter/X archive,2,,Social Signal Review,raw social signal; not endorsement,list with caveat,mention_count=1; retweet_count=1
IDX00249,'@Common_Planet,person/account,People & Accounts,,Twitter/X archive,2,,Social Signal Review,raw social signal; not endorsement,list with caveat,mention_count=1; retweet_count=1
IDX00250,'@poidhxyz,person/account,People & Accounts,,Twitter/X archive,2,,Social Signal Review,raw social signal; not endorsement,list with caveat,mention_count=1; retweet_count=1
IDX00251,'@OgallalaLife,person/account,People & Accounts,,Twitter/X archive,2,,Social Signal Review,raw social signal; not endorsement,list with caveat,mention_count=1; retweet_count=1
IDX00252,'@jchaskin22,person/account,People & Accounts,,Twitter/X archive,2,,Social Signal Review,raw social signal; not endorsement,list with caveat,mention_count=1; retweet_count=1
IDX00253,'@buidlguidl,person/account,People & Accounts,,Twitter/X archive,2,,Social Signal Review,raw social signal; not endorsement,list with caveat,mention_count=1; retweet_count=1
IDX00254,'@humpty0x,person/account,People & Accounts,,Twitter/X archive,2,,Social Signal Review,raw social signal; not endorsement,list with caveat,mention_count=1; retweet_count=1
IDX00255,'@_julianma,person/account,People & Accounts,,Twitter/X archive,2,,Social Signal Review,raw social signal; not endorsement,list with caveat,mention_count=1; retweet_count=1
IDX00256,'@LocaleNet,person/account,People & Accounts,,Twitter/X archive,2,,Social Signal Review,raw social signal; not endorsement,list with caveat,mention_count=1; retweet_count=1
IDX00257,'@Abeers123,person/account,People & Accounts,,Twitter/X archive,1,,Social Signal Review,raw social signal; not endorsement,list with caveat,mention_count=1; retweet_count=0
IDX00258,'@kenya_mchuzi,person/account,People & Accounts,,Twitter/X archive,1,,Social Signal Review,raw social signal; not endorsement,list with caveat,mention_count=1; retweet_count=0
IDX00259,'@NewAmerica,person/account,People & Accounts,,Twitter/X archive,1,,Social Signal Review,raw social signal; not endorsement,list with caveat,mention_count=1; retweet_count=0
IDX00260,'@octant,person/account,People & Accounts,,Twitter/X archive,1,,Social Signal Review,raw social signal; not endorsement,list with caveat,mention_count=1; retweet_count=0
IDX00261,'@barnabemonnot,person/account,People & Accounts,,Twitter/X archive,2,,Social Signal Review,raw social signal; not endorsement,list with caveat,mention_count=1; retweet_count=1
IDX00262,'@tzhen,person/account,People & Accounts,,Twitter/X archive,1,,Social Signal Review,raw social signal; not endorsement,list with caveat,mention_count=1; retweet_count=0
IDX00263,'@george,person/account,People & Accounts,,Twitter/X archive,1,,Social Signal Review,raw social signal; not endorsement,list with caveat,mention_count=1; retweet_count=0
IDX00264,'@datasociety,person/account,People & Accounts,,Twitter/X archive,1,,Social Signal Review,raw social signal; not endorsement,list with caveat,mention_count=1; retweet_count=0
IDX00265,'@izgnzlz,person/account,People & Accounts,,Twitter/X archive,2,,Social Signal Review,raw social signal; not endorsement,list with caveat,mention_count=1; retweet_count=1
IDX00266,'@jembendell,person/account,People & Accounts,,Twitter/X archive,2,,Social Signal Review,raw social signal; not endorsement,list with caveat,mention_count=1; retweet_count=1
IDX00267,'@maxlomu,person/account,People & Accounts,,Twitter/X archive,2,,Social Signal Review,raw social signal; not endorsement,list with caveat,mention_count=1; retweet_count=1
IDX00268,'@UNICEFinnovate,person/account,People & Accounts,,Twitter/X archive,1,,Social Signal Review,raw social signal; not endorsement,list with caveat,mention_count=1; retweet_count=0
IDX00269,'@kotanipay,person/account,People & Accounts,,Twitter/X archive,1,,Social Signal Review,raw social signal; not endorsement,list with caveat,mention_count=1; retweet_count=0
IDX00270,'@SwarthyHatter,person/account,People & Accounts,,Twitter/X archive,2,,Social Signal Review,raw social signal; not endorsement,list with caveat,mention_count=1; retweet_count=1
IDX00271,'@wassimulacrum,person/account,People & Accounts,,Twitter/X archive,1,,Social Signal Review,raw social signal; not endorsement,list with caveat,mention_count=1; retweet_count=0
IDX00272,'@devtoolsguild,person/account,People & Accounts,,Twitter/X archive,2,,Social Signal Review,raw social signal; not endorsement,list with caveat,mention_count=1; retweet_count=1
IDX00273,'@EF_ESP,person/account,People & Accounts,,Twitter/X archive,1,,Social Signal Review,raw social signal; not endorsement,list with caveat,mention_count=1; retweet_count=0
IDX00274,'@samueldelesque,person/account,People & Accounts,,Twitter/X archive,1,,Social Signal Review,raw social signal; not endorsement,list with caveat,mention_count=1; retweet_count=0
IDX00275,'@stellaachenbach,person/account,People & Accounts,,Twitter/X archive,2,,Social Signal Review,raw social signal; not endorsement,list with caveat,mention_count=1; retweet_count=1
IDX00276,'@wildp4u,person/account,People & Accounts,,Twitter/X archive,2,,Social Signal Review,raw social signal; not endorsement,list with caveat,mention_count=1; retweet_count=1
IDX00277,'@jmonegro,person/account,People & Accounts,,Twitter/X archive,1,,Social Signal Review,raw social signal; not endorsement,list with caveat,mention_count=1; retweet_count=0
IDX00278,'@0xShikhar,person/account,People & Accounts,,Twitter/X archive,2,,Social Signal Review,raw social signal; not endorsement,list with caveat,mention_count=1; retweet_count=1
IDX00279,'@wonderwomancode,person/account,People & Accounts,,Twitter/X archive,2,,Social Signal Review,raw social signal; not endorsement,list with caveat,mention_count=1; retweet_count=1
IDX00280,'@zkMenno,person/account,People & Accounts,,Twitter/X archive,2,,Social Signal Review,raw social signal; not endorsement,list with caveat,mention_count=1; retweet_count=1
IDX00281,'@thetreegens,person/account,People & Accounts,,Twitter/X archive,2,,Social Signal Review,raw social signal; not endorsement,list with caveat,mention_count=1; retweet_count=1
IDX00282,'@lawmaster,person/account,People & Accounts,,Twitter/X archive,2,,Social Signal Review,raw social signal; not endorsement,list with caveat,mention_count=1; retweet_count=1
IDX00283,'@FrankResearcher,person/account,People & Accounts,,Twitter/X archive,1,,Social Signal Review,raw social signal; not endorsement,list with caveat,mention_count=1; retweet_count=0
IDX00284,'@BNPParibas,person/account,People & Accounts,,Twitter/X archive,1,,Social Signal Review,raw social signal; not endorsement,list with caveat,mention_count=1; retweet_count=0
IDX00285,'@plurality_book,person/account,People & Accounts,,Twitter/X archive,2,,Social Signal Review,raw social signal; not endorsement,list with caveat,mention_count=1; retweet_count=1
IDX00286,'@MesoReefDAO,person/account,People & Accounts,,Twitter/X archive,2,,Social Signal Review,raw social signal; not endorsement,list with caveat,mention_count=1; retweet_count=1
IDX00287,'@Gary_Weinstein_,person/account,People & Accounts,,Twitter/X archive,2,,Social Signal Review,raw social signal; not endorsement,list with caveat,mention_count=1; retweet_count=1
IDX00288,'@azeemk,person/account,People & Accounts,,Twitter/X archive,2,,Social Signal Review,raw social signal; not endorsement,list with caveat,mention_count=1; retweet_count=1
IDX00289,'@GrabowskiDylan,person/account,People & Accounts,,Twitter/X archive,2,,Social Signal Review,raw social signal; not endorsement,list with caveat,mention_count=1; retweet_count=1
IDX00290,'@grok,person/account,People & Accounts,,Twitter/X archive,1,,Social Signal Review,raw social signal; not endorsement,list with caveat,mention_count=1; retweet_count=0
IDX00291,'@ReFiBCN,person/account,People & Accounts,,Twitter/X archive,2,,Social Signal Review,raw social signal; not endorsement,list with caveat,mention_count=1; retweet_count=1
IDX00292,'@allianceforph,person/account,People & Accounts,,Twitter/X archive,1,,Social Signal Review,raw social signal; not endorsement,list with caveat,mention_count=1; retweet_count=0
IDX00293,'@VOSTPT,person/account,People & Accounts,,Twitter/X archive,1,,Social Signal Review,raw social signal; not endorsement,list with caveat,mention_count=1; retweet_count=0
IDX00294,'@NextState_,person/account,People & Accounts,,Twitter/X archive,1,,Social Signal Review,raw social signal; not endorsement,list with caveat,mention_count=1; retweet_count=0
IDX00295,'@corcoranwill,person/account,People & Accounts,,Twitter/X archive,2,,Social Signal Review,raw social signal; not endorsement,list with caveat,mention_count=1; retweet_count=1
IDX00296,'@sonkiski,person/account,People & Accounts,,Twitter/X archive,2,,Social Signal Review,raw social signal; not endorsement,list with caveat,mention_count=1; retweet_count=1
IDX00297,'@EdgeEsmeralda,person/account,People & Accounts,,Twitter/X archive,1,,Social Signal Review,raw social signal; not endorsement,list with caveat,mention_count=1; retweet_count=0
IDX00298,'@ChainforGood,person/account,People & Accounts,,Twitter/X archive,2,,Social Signal Review,raw social signal; not endorsement,list with caveat,mention_count=1; retweet_count=1
IDX00299,'@OthmanGbad,person/account,People & Accounts,,Twitter/X archive,2,,Social Signal Review,raw social signal; not endorsement,list with caveat,mention_count=1; retweet_count=1
IDX00300,'@DjimoSerodio,person/account,People & Accounts,,Twitter/X archive,1,,Social Signal Review,raw social signal; not endorsement,list with caveat,mention_count=1; retweet_count=0
IDX00301,'@michaelpollan,person/account,People & Accounts,,Twitter/X archive,1,,Social Signal Review,raw social signal; not endorsement,list with caveat,mention_count=1; retweet_count=0
IDX00302,'@joshdavislight,person/account,People & Accounts,,Twitter/X archive,2,,Social Signal Review,raw social signal; not endorsement,list with caveat,mention_count=1; retweet_count=1
IDX00303,'@soispoke,person/account,People & Accounts,,Twitter/X archive,1,,Social Signal Review,raw social signal; not endorsement,list with caveat,mention_count=1; retweet_count=0
IDX00304,'@Steph_Curdy,person/account,People & Accounts,,Twitter/X archive,2,,Social Signal Review,raw social signal; not endorsement,list with caveat,mention_count=1; retweet_count=1
IDX00305,'@heen_ai,person/account,People & Accounts,,Twitter/X archive,1,,Social Signal Review,raw social signal; not endorsement,list with caveat,mention_count=1; retweet_count=0
IDX00306,'@EthereumDenver,person/account,People & Accounts,,Twitter/X archive,1,,Social Signal Review,raw social signal; not endorsement,list with caveat,mention_count=1; retweet_count=0
IDX00307,'@HolmesrjRob,person/account,People & Accounts,,Twitter/X archive,1,,Social Signal Review,raw social signal; not endorsement,list with caveat,mention_count=1; retweet_count=0
IDX00308,'@0xy_moron,person/account,People & Accounts,,Twitter/X archive,2,,Social Signal Review,raw social signal; not endorsement,list with caveat,mention_count=1; retweet_count=1
IDX00309,'@zerolendxyz,person/account,People & Accounts,,Twitter/X archive,1,,Social Signal Review,raw social signal; not endorsement,list with caveat,mention_count=1; retweet_count=0
IDX00310,'@eas_eth,person/account,People & Accounts,,Twitter/X archive,2,,Social Signal Review,raw social signal; not endorsement,list with caveat,mention_count=1; retweet_count=1
IDX00311,'@SacredProtocol,person/account,People & Accounts,,Twitter/X archive,2,,Social Signal Review,raw social signal; not endorsement,list with caveat,mention_count=1; retweet_count=1
IDX00312,'@MBugajEth,person/account,People & Accounts,,Twitter/X archive,2,,Social Signal Review,raw social signal; not endorsement,list with caveat,mention_count=1; retweet_count=1
IDX00313,'@iamsvenh,person/account,People & Accounts,,Twitter/X archive,2,,Social Signal Review,raw social signal; not endorsement,list with caveat,mention_count=1; retweet_count=1
IDX00314,'@francescoswiss,person/account,People & Accounts,,Twitter/X archive,2,,Social Signal Review,raw social signal; not endorsement,list with caveat,mention_count=1; retweet_count=1
IDX00315,'@tkstanczak,person/account,People & Accounts,,Twitter/X archive,1,,Social Signal Review,raw social signal; not endorsement,list with caveat,mention_count=1; retweet_count=0
IDX00316,'@LearningImpact,person/account,People & Accounts,,Twitter/X archive,1,,Social Signal Review,raw social signal; not endorsement,list with caveat,mention_count=1; retweet_count=0
IDX00317,'@dannyryan,person/account,People & Accounts,,Twitter/X archive,1,,Social Signal Review,raw social signal; not endorsement,list with caveat,mention_count=1; retweet_count=0
IDX00318,'@thegaiantimes,person/account,People & Accounts,,Twitter/X archive,2,,Social Signal Review,raw social signal; not endorsement,list with caveat,mention_count=1; retweet_count=1
IDX00319,'@urbeEth,person/account,People & Accounts,,Twitter/X archive,1,,Social Signal Review,raw social signal; not endorsement,list with caveat,mention_count=1; retweet_count=0
IDX00320,'@MarceloReFi,person/account,People & Accounts,,Twitter/X archive,2,,Social Signal Review,raw social signal; not endorsement,list with caveat,mention_count=1; retweet_count=1
IDX00321,'@GraceRachmany,person/account,People & Accounts,,Twitter/X archive,2,,Social Signal Review,raw social signal; not endorsement,list with caveat,mention_count=1; retweet_count=1
IDX00322,'@by_caballero,person/account,People & Accounts,,Twitter/X archive,1,,Social Signal Review,raw social signal; not endorsement,list with caveat,mention_count=1; retweet_count=0
IDX00323,'@AnthropicAI,person/account,People & Accounts,,Twitter/X archive,1,,Social Signal Review,raw social signal; not endorsement,list with caveat,mention_count=1; retweet_count=0
IDX00324,'@simile_ai,person/account,People & Accounts,,Twitter/X archive,2,,Social Signal Review,raw social signal; not endorsement,list with caveat,mention_count=1; retweet_count=1
IDX00325,'@oskarth,person/account,People & Accounts,,Twitter/X archive,1,,Social Signal Review,raw social signal; not endorsement,list with caveat,mention_count=1; retweet_count=0
IDX00326,'@0xSofiverse,person/account,People & Accounts,,Twitter/X archive,2,,Social Signal Review,raw social signal; not endorsement,list with caveat,mention_count=1; retweet_count=1
IDX00327,'@evrimtan,person/account,People & Accounts,,Twitter/X archive,1,,Social Signal Review,raw social signal; not endorsement,list with caveat,mention_count=1; retweet_count=0
IDX00328,'@HumbertoBesso,person/account,People & Accounts,,Twitter/X archive,1,,Social Signal Review,raw social signal; not endorsement,list with caveat,mention_count=1; retweet_count=0
IDX00329,'@Khovr,person/account,People & Accounts,,Twitter/X archive,2,,Social Signal Review,raw social signal; not endorsement,list with caveat,mention_count=1; retweet_count=1
IDX00330,'@_SEAL_Org,person/account,People & Accounts,,Twitter/X archive,1,,Social Signal Review,raw social signal; not endorsement,list with caveat,mention_count=1; retweet_count=0
IDX00331,'@art_tem_,person/account,People & Accounts,,Twitter/X archive,2,,Social Signal Review,raw social signal; not endorsement,list with caveat,mention_count=1; retweet_count=1
IDX00332,'@VRSS,person/account,People & Accounts,,Twitter/X archive,2,,Social Signal Review,raw social signal; not endorsement,list with caveat,mention_count=1; retweet_count=1
IDX00333,'@OpenCivics,person/account,People & Accounts,,Twitter/X archive,2,,Social Signal Review,raw social signal; not endorsement,list with caveat,mention_count=1; retweet_count=1
IDX00334,'@uzh_blockchain,person/account,People & Accounts,,Twitter/X archive,2,,Social Signal Review,raw social signal; not endorsement,list with caveat,mention_count=1; retweet_count=1
IDX00335,'@0xj4an,person/account,People & Accounts,,Twitter/X archive,2,,Social Signal Review,raw social signal; not endorsement,list with caveat,mention_count=1; retweet_count=1
IDX00336,'@matthew_d_green,person/account,People & Accounts,,Twitter/X archive,1,,Social Signal Review,raw social signal; not endorsement,list with caveat,mention_count=1; retweet_count=0
IDX00337,'@shape,person/account,People & Accounts,,Twitter/X archive,2,,Social Signal Review,raw social signal; not endorsement,list with caveat,mention_count=1; retweet_count=1
IDX00338,'@Bancor,person/account,People & Accounts,,Twitter/X archive,2,,Social Signal Review,raw social signal; not endorsement,list with caveat,mention_count=1; retweet_count=1
IDX00339,'@JoDemocracy,person/account,People & Accounts,,Twitter/X archive,2,,Social Signal Review,raw social signal; not endorsement,list with caveat,mention_count=1; retweet_count=1
IDX00340,'@moltbook,person/account,People & Accounts,,Twitter/X archive,1,,Social Signal Review,raw social signal; not endorsement,list with caveat,mention_count=1; retweet_count=0
IDX00341,'@CeLatamOrg,person/account,People & Accounts,,Twitter/X archive,1,,Social Signal Review,raw social signal; not endorsement,list with caveat,mention_count=1; retweet_count=0
IDX00342,'@Trigs_0,person/account,People & Accounts,,Twitter/X archive,1,,Social Signal Review,raw social signal; not endorsement,list with caveat,mention_count=1; retweet_count=0
IDX00343,'@DigitalAssets,person/account,People & Accounts,,Twitter/X archive,1,,Social Signal Review,raw social signal; not endorsement,list with caveat,mention_count=1; retweet_count=0
IDX00344,'@Nikopolos,person/account,People & Accounts,,Twitter/X archive,1,,Social Signal Review,raw social signal; not endorsement,list with caveat,mention_count=1; retweet_count=0
IDX00345,'@unhappyben,person/account,People & Accounts,,Twitter/X archive,2,,Social Signal Review,raw social signal; not endorsement,list with caveat,mention_count=1; retweet_count=1
IDX00346,'@UNDP_AltFinLab,person/account,People & Accounts,,Twitter/X archive,2,,Social Signal Review,raw social signal; not endorsement,list with caveat,mention_count=1; retweet_count=1
IDX00347,'@g0vtw,person/account,People & Accounts,,Twitter/X archive,1,,Social Signal Review,raw social signal; not endorsement,list with caveat,mention_count=1; retweet_count=0
IDX00348,'@rish_neynar,person/account,People & Accounts,,Twitter/X archive,2,,Social Signal Review,raw social signal; not endorsement,list with caveat,mention_count=1; retweet_count=1
IDX00349,'@CognitiveLbty,person/account,People & Accounts,,Twitter/X archive,1,,Social Signal Review,raw social signal; not endorsement,list with caveat,mention_count=1; retweet_count=0
IDX00350,'@revnet,person/account,People & Accounts,,Twitter/X archive,1,,Social Signal Review,raw social signal; not endorsement,list with caveat,mention_count=1; retweet_count=0
IDX00351,'@samjvuong,person/account,People & Accounts,,Twitter/X archive,2,,Social Signal Review,raw social signal; not endorsement,list with caveat,mention_count=1; retweet_count=1
IDX00352,'@ReFiLagos01,person/account,People & Accounts,,Twitter/X archive,1,,Social Signal Review,raw social signal; not endorsement,list with caveat,mention_count=1; retweet_count=0
IDX00353,'@GreenPillKPG,person/account,People & Accounts,,Twitter/X archive,1,,Social Signal Review,raw social signal; not endorsement,list with caveat,mention_count=1; retweet_count=0
IDX00354,'@GreenpillKenya,person/account,People & Accounts,,Twitter/X archive,1,,Social Signal Review,raw social signal; not endorsement,list with caveat,mention_count=1; retweet_count=0
IDX00355,'@greenpillciv,person/account,People & Accounts,,Twitter/X archive,1,,Social Signal Review,raw social signal; not endorsement,list with caveat,mention_count=1; retweet_count=0
IDX00356,'@ReFiMedellin,person/account,People & Accounts,,Twitter/X archive,1,,Social Signal Review,raw social signal; not endorsement,list with caveat,mention_count=1; retweet_count=0
IDX00357,'@GreenPillTO,person/account,People & Accounts,,Twitter/X archive,1,,Social Signal Review,raw social signal; not endorsement,list with caveat,mention_count=1; retweet_count=0
IDX00358,'@NYSE,person/account,People & Accounts,,Twitter/X archive,1,,Social Signal Review,raw social signal; not endorsement,list with caveat,mention_count=1; retweet_count=0
IDX00359,'@neynarxyz,person/account,People & Accounts,,Twitter/X archive,1,,Social Signal Review,raw social signal; not endorsement,list with caveat,mention_count=1; retweet_count=0
IDX00360,'@farcaster_xyz,person/account,People & Accounts,,Twitter/X archive,1,,Social Signal Review,raw social signal; not endorsement,list with caveat,mention_count=1; retweet_count=0
IDX00361,'@adietrichs,person/account,People & Accounts,,Twitter/X archive,1,,Social Signal Review,raw social signal; not endorsement,list with caveat,mention_count=1; retweet_count=0
IDX00362,'@MBRichardson87,person/account,People & Accounts,,Twitter/X archive,2,,Social Signal Review,raw social signal; not endorsement,list with caveat,mention_count=1; retweet_count=1
IDX00363,'@zarinahagnew,person/account,People & Accounts,,Twitter/X archive,2,,Social Signal Review,raw social signal; not endorsement,list with caveat,mention_count=1; retweet_count=1
IDX00364,'@rithikxa_,person/account,People & Accounts,,Twitter/X archive,2,,Social Signal Review,raw social signal; not endorsement,list with caveat,mention_count=1; retweet_count=1
IDX00365,'@Corpetty,person/account,People & Accounts,,Twitter/X archive,2,,Social Signal Review,raw social signal; not endorsement,list with caveat,mention_count=1; retweet_count=1
IDX00366,'@MCooperResearch,person/account,People & Accounts,,Twitter/X archive,1,,Social Signal Review,raw social signal; not endorsement,list with caveat,mention_count=1; retweet_count=0
IDX00367,'@rashmivabbigeri,person/account,People & Accounts,,Twitter/X archive,1,,Social Signal Review,raw social signal; not endorsement,list with caveat,mention_count=1; retweet_count=0
IDX00368,'@keikreutler,person/account,People & Accounts,,Twitter/X archive,2,,Social Signal Review,raw social signal; not endorsement,list with caveat,mention_count=1; retweet_count=1
IDX00369,'@karmaticacid,person/account,People & Accounts,,Twitter/X archive,2,,Social Signal Review,raw social signal; not endorsement,list with caveat,mention_count=1; retweet_count=1
IDX00370,'@devlewis18,person/account,People & Accounts,,Twitter/X archive,1,,Social Signal Review,raw social signal; not endorsement,list with caveat,mention_count=1; retweet_count=0
IDX00371,'@sayan6250,person/account,People & Accounts,,Twitter/X archive,2,,Social Signal Review,raw social signal; not endorsement,list with caveat,mention_count=1; retweet_count=1
IDX00372,'@paulofonseca,person/account,People & Accounts,,Twitter/X archive,2,,Social Signal Review,raw social signal; not endorsement,list with caveat,mention_count=1; retweet_count=1
IDX00373,'@mathildawrites,person/account,People & Accounts,,Twitter/X archive,1,,Social Signal Review,raw social signal; not endorsement,list with caveat,mention_count=1; retweet_count=0
IDX00374,'@ignaciohagopian,person/account,People & Accounts,,Twitter/X archive,2,,Social Signal Review,raw social signal; not endorsement,list with caveat,mention_count=1; retweet_count=1
IDX00375,'@saintniko,person/account,People & Accounts,,Twitter/X archive,2,,Social Signal Review,raw social signal; not endorsement,list with caveat,mention_count=1; retweet_count=1
IDX00376,'@SelfProtocol,person/account,People & Accounts,,Twitter/X archive,2,,Social Signal Review,raw social signal; not endorsement,list with caveat,mention_count=1; retweet_count=1
IDX00377,'@soubhik_deb,person/account,People & Accounts,,Twitter/X archive,2,,Social Signal Review,raw social signal; not endorsement,list with caveat,mention_count=1; retweet_count=1
IDX00378,'@kartik1507,person/account,People & Accounts,,Twitter/X archive,1,,Social Signal Review,raw social signal; not endorsement,list with caveat,mention_count=1; retweet_count=0
IDX00379,'@ittaia,person/account,People & Accounts,,Twitter/X archive,1,,Social Signal Review,raw social signal; not endorsement,list with caveat,mention_count=1; retweet_count=0
IDX00380,'@jessepollak,person/account,People & Accounts,,Twitter/X archive,1,,Social Signal Review,raw social signal; not endorsement,list with caveat,mention_count=1; retweet_count=0
IDX00381,'@a16zcrypto,person/account,People & Accounts,,Twitter/X archive,2,,Social Signal Review,raw social signal; not endorsement,list with caveat,mention_count=1; retweet_count=1
IDX00382,'@federicoast,person/account,People & Accounts,,Twitter/X archive,2,,Social Signal Review,raw social signal; not endorsement,list with caveat,mention_count=1; retweet_count=1
IDX00383,'@SEEDGov,person/account,People & Accounts,,Twitter/X archive,2,,Social Signal Review,raw social signal; not endorsement,list with caveat,mention_count=1; retweet_count=1
IDX00384,'@creptosolutions,person/account,People & Accounts,,Twitter/X archive,2,,Social Signal Review,raw social signal; not endorsement,list with caveat,mention_count=1; retweet_count=1
IDX00385,'@wAliceChen,person/account,People & Accounts,,Twitter/X archive,2,,Social Signal Review,raw social signal; not endorsement,list with caveat,mention_count=1; retweet_count=1
IDX00386,'@ScottExplores29,person/account,People & Accounts,,Twitter/X archive,2,,Social Signal Review,raw social signal; not endorsement,list with caveat,mention_count=1; retweet_count=1
IDX00387,'@ResearchHub,person/account,People & Accounts,,Twitter/X archive,1,,Social Signal Review,raw social signal; not endorsement,list with caveat,mention_count=1; retweet_count=0
IDX00388,'@ashebytes,person/account,People & Accounts,,Twitter/X archive,2,,Social Signal Review,raw social signal; not endorsement,list with caveat,mention_count=1; retweet_count=1
IDX00389,'@tom_doerr,person/account,People & Accounts,,Twitter/X archive,2,,Social Signal Review,raw social signal; not endorsement,list with caveat,mention_count=1; retweet_count=1
IDX00390,'@jarradhope_,person/account,People & Accounts,,Twitter/X archive,1,,Social Signal Review,raw social signal; not endorsement,list with caveat,mention_count=1; retweet_count=0
IDX00391,'@howdymerry,person/account,People & Accounts,,Twitter/X archive,2,,Social Signal Review,raw social signal; not endorsement,list with caveat,mention_count=1; retweet_count=1
IDX00392,'@WorldOfMercek,person/account,People & Accounts,,Twitter/X archive,2,,Social Signal Review,raw social signal; not endorsement,list with caveat,mention_count=1; retweet_count=1
IDX00393,'@VittoStack,person/account,People & Accounts,,Twitter/X archive,2,,Social Signal Review,raw social signal; not endorsement,list with caveat,mention_count=1; retweet_count=1
IDX00394,'@pcaversaccio,person/account,People & Accounts,,Twitter/X archive,2,,Social Signal Review,raw social signal; not endorsement,list with caveat,mention_count=1; retweet_count=1
IDX00395,'@donvito,person/account,People & Accounts,,Twitter/X archive,2,,Social Signal Review,raw social signal; not endorsement,list with caveat,mention_count=1; retweet_count=1
IDX00396,'@us_trappists,person/account,People & Accounts,,Twitter/X archive,1,,Social Signal Review,raw social signal; not endorsement,list with caveat,mention_count=1; retweet_count=0
IDX00397,'@divine_comedian,person/account,People & Accounts,,Twitter/X archive,2,,Social Signal Review,raw social signal; not endorsement,list with caveat,mention_count=1; retweet_count=1
IDX00398,'@geodelabs,person/account,People & Accounts,,Twitter/X archive,2,,Social Signal Review,raw social signal; not endorsement,list with caveat,mention_count=1; retweet_count=1
IDX00399,'@NyxFoundation,person/account,People & Accounts,,Twitter/X archive,1,,Social Signal Review,raw social signal; not endorsement,list with caveat,mention_count=1; retweet_count=0
IDX00400,'@BitRobotNetwork,person/account,People & Accounts,,Twitter/X archive,2,,Social Signal Review,raw social signal; not endorsement,list with caveat,mention_count=1; retweet_count=1
IDX00401,'@BKelleher123,person/account,People & Accounts,,Twitter/X archive,1,,Social Signal Review,raw social signal; not endorsement,list with caveat,mention_count=1; retweet_count=0
IDX00402,'@ErikVoorhees,person/account,People & Accounts,,Twitter/X archive,2,,Social Signal Review,raw social signal; not endorsement,list with caveat,mention_count=1; retweet_count=1
IDX00403,'@austingriffith,person/account,People & Accounts,,Twitter/X archive,2,,Social Signal Review,raw social signal; not endorsement,list with caveat,mention_count=1; retweet_count=1
IDX00404,'@omarsar0,person/account,People & Accounts,,Twitter/X archive,2,,Social Signal Review,raw social signal; not endorsement,list with caveat,mention_count=1; retweet_count=1
IDX00405,'@web3foxcn,person/account,People & Accounts,,Twitter/X archive,1,,Social Signal Review,raw social signal; not endorsement,list with caveat,mention_count=1; retweet_count=0
IDX00406,'@P2P_Foundation,person/account,People & Accounts,,Twitter/X archive,1,,Social Signal Review,raw social signal; not endorsement,list with caveat,mention_count=1; retweet_count=0
IDX00407,'@GCCofCommons,person/account,People & Accounts,,Twitter/X archive,1,,Social Signal Review,raw social signal; not endorsement,list with caveat,mention_count=1; retweet_count=0
IDX00408,'@DeFiDave22,person/account,People & Accounts,,Twitter/X archive,2,,Social Signal Review,raw social signal; not endorsement,list with caveat,mention_count=1; retweet_count=1
IDX00409,'@justcobuild,person/account,People & Accounts,,Twitter/X archive,2,,Social Signal Review,raw social signal; not endorsement,list with caveat,mention_count=1; retweet_count=1
IDX00410,'@JustJake,person/account,People & Accounts,,Twitter/X archive,2,,Social Signal Review,raw social signal; not endorsement,list with caveat,mention_count=1; retweet_count=1
IDX00411,'@juanfranblanco,person/account,People & Accounts,,Twitter/X archive,1,,Social Signal Review,raw social signal; not endorsement,list with caveat,mention_count=1; retweet_count=0
IDX00412,'@aaronjmars,person/account,People & Accounts,,Twitter/X archive,2,,Social Signal Review,raw social signal; not endorsement,list with caveat,mention_count=1; retweet_count=1
IDX00413,'@bcherny,person/account,People & Accounts,,Twitter/X archive,2,,Social Signal Review,raw social signal; not endorsement,list with caveat,mention_count=1; retweet_count=1
IDX00414,'@linyao01,person/account,People & Accounts,,Twitter/X archive,2,,Social Signal Review,raw social signal; not endorsement,list with caveat,mention_count=1; retweet_count=1
IDX00415,'@TwelveMeatballs,person/account,People & Accounts,,Twitter/X archive,2,,Social Signal Review,raw social signal; not endorsement,list with caveat,mention_count=1; retweet_count=1
IDX00416,'@ameensol,person/account,People & Accounts,,Twitter/X archive,1,,Social Signal Review,raw social signal; not endorsement,list with caveat,mention_count=1; retweet_count=0
IDX00417,'@Aura_Sci,person/account,People & Accounts,,Twitter/X archive,2,,Social Signal Review,raw social signal; not endorsement,list with caveat,mention_count=1; retweet_count=1
IDX00418,'@theshelb_,person/account,People & Accounts,,Twitter/X archive,2,,Social Signal Review,raw social signal; not endorsement,list with caveat,mention_count=1; retweet_count=1
IDX00419,'@SuhailKakar,person/account,People & Accounts,,Twitter/X archive,2,,Social Signal Review,raw social signal; not endorsement,list with caveat,mention_count=1; retweet_count=1
IDX00420,'@guiribabrb,person/account,People & Accounts,,Twitter/X archive,2,,Social Signal Review,raw social signal; not endorsement,list with caveat,mention_count=1; retweet_count=1
IDX00421,'@cryptopunks,person/account,People & Accounts,,Twitter/X archive,1,,Social Signal Review,raw social signal; not endorsement,list with caveat,mention_count=1; retweet_count=0
IDX00422,'@nounsdao,person/account,People & Accounts,,Twitter/X archive,1,,Social Signal Review,raw social signal; not endorsement,list with caveat,mention_count=1; retweet_count=0
IDX00423,'@Only1temmy,person/account,People & Accounts,,Twitter/X archive,2,,Social Signal Review,raw social signal; not endorsement,list with caveat,mention_count=1; retweet_count=1
IDX00424,'@sodofi_,person/account,People & Accounts,,Twitter/X archive,2,,Social Signal Review,raw social signal; not endorsement,list with caveat,mention_count=1; retweet_count=1
IDX00425,'@IrthuSuresh,person/account,People & Accounts,,Twitter/X archive,2,,Social Signal Review,raw social signal; not endorsement,list with caveat,mention_count=1; retweet_count=1
IDX00426,'@LefterisJP,person/account,People & Accounts,,Twitter/X archive,2,,Social Signal Review,raw social signal; not endorsement,list with caveat,mention_count=1; retweet_count=1
IDX00427,'@obsrvgmi,person/account,People & Accounts,,Twitter/X archive,1,,Social Signal Review,raw social signal; not endorsement,list with caveat,mention_count=1; retweet_count=0
IDX00428,'@marek_,person/account,People & Accounts,,Twitter/X archive,2,,Social Signal Review,raw social signal; not endorsement,list with caveat,mention_count=1; retweet_count=1
IDX00429,'@renaissancing_,person/account,People & Accounts,,Twitter/X archive,2,,Social Signal Review,raw social signal; not endorsement,list with caveat,mention_count=1; retweet_count=1
IDX00430,'@fileverse,person/account,People & Accounts,,Twitter/X archive,2,,Social Signal Review,raw social signal; not endorsement,list with caveat,mention_count=1; retweet_count=1
IDX00431,'@climate_program,person/account,People & Accounts,,Twitter/X archive,1,,Social Signal Review,raw social signal; not endorsement,list with caveat,mention_count=1; retweet_count=0
IDX00432,'@launchnodes,person/account,People & Accounts,,Twitter/X archive,2,,Social Signal Review,raw social signal; not endorsement,list with caveat,mention_count=1; retweet_count=1
IDX00433,'@petheth,person/account,People & Accounts,,Twitter/X archive,1,,Social Signal Review,raw social signal; not endorsement,list with caveat,mention_count=1; retweet_count=0
IDX00434,'@evan_van_ness,person/account,People & Accounts,,Twitter/X archive,2,,Social Signal Review,raw social signal; not endorsement,list with caveat,mention_count=1; retweet_count=1
IDX00435,'@symbiocenelabs,person/account,People & Accounts,,Twitter/X archive,1,,Social Signal Review,raw social signal; not endorsement,list with caveat,mention_count=1; retweet_count=0
IDX00436,'@medeana,person/account,People & Accounts,,Twitter/X archive,2,,Social Signal Review,raw social signal; not endorsement,list with caveat,mention_count=1; retweet_count=1
IDX00437,'@JPMorganAM,person/account,People & Accounts,,Twitter/X archive,1,,Social Signal Review,raw social signal; not endorsement,list with caveat,mention_count=1; retweet_count=0
IDX00438,'@0xprivacypools,person/account,People & Accounts,,Twitter/X archive,1,,Social Signal Review,raw social signal; not endorsement,list with caveat,mention_count=1; retweet_count=0
IDX00439,'@SECGov,person/account,People & Accounts,,Twitter/X archive,1,,Social Signal Review,raw social signal; not endorsement,list with caveat,mention_count=1; retweet_count=0
IDX00440,'@asn_d6,person/account,People & Accounts,,Twitter/X archive,2,,Social Signal Review,raw social signal; not endorsement,list with caveat,mention_count=1; retweet_count=1
IDX00441,'@lex_node,person/account,People & Accounts,,Twitter/X archive,2,,Social Signal Review,raw social signal; not endorsement,list with caveat,mention_count=1; retweet_count=1
IDX00442,'@P2Pdotme,person/account,People & Accounts,,Twitter/X archive,1,,Social Signal Review,raw social signal; not endorsement,list with caveat,mention_count=1; retweet_count=0
IDX00443,'@nomadz_co,person/account,People & Accounts,,Twitter/X archive,1,,Social Signal Review,raw social signal; not endorsement,list with caveat,mention_count=1; retweet_count=0
IDX00444,'@DCinvestor,person/account,People & Accounts,,Twitter/X archive,1,,Social Signal Review,raw social signal; not endorsement,list with caveat,mention_count=1; retweet_count=0
IDX00445,'@The_DTCC,person/account,People & Accounts,,Twitter/X archive,1,,Social Signal Review,raw social signal; not endorsement,list with caveat,mention_count=1; retweet_count=0
IDX00446,'@chaineresearch,person/account,People & Accounts,,Twitter/X archive,2,,Social Signal Review,raw social signal; not endorsement,list with caveat,mention_count=1; retweet_count=1
IDX00447,'@ResearchHubF,person/account,People & Accounts,,Twitter/X archive,2,,Social Signal Review,raw social signal; not endorsement,list with caveat,mention_count=1; retweet_count=1
IDX00448,'@slatestarcodex,person/account,People & Accounts,,Twitter/X archive,1,,Social Signal Review,raw social signal; not endorsement,list with caveat,mention_count=1; retweet_count=0
IDX00449,'@Web3foundation,person/account,People & Accounts,,Twitter/X archive,2,,Social Signal Review,raw social signal; not endorsement,list with caveat,mention_count=1; retweet_count=1
IDX00450,'@doctorow,person/account,People & Accounts,,Twitter/X archive,1,,Social Signal Review,raw social signal; not endorsement,list with caveat,mention_count=1; retweet_count=0
IDX00451,'@gospelofchange,person/account,People & Accounts,,Twitter/X archive,2,,Social Signal Review,raw social signal; not endorsement,list with caveat,mention_count=1; retweet_count=1
IDX00452,'@nethan_eth,person/account,People & Accounts,,Twitter/X archive,2,,Social Signal Review,raw social signal; not endorsement,list with caveat,mention_count=1; retweet_count=1
IDX00453,'@Solofunk,person/account,People & Accounts,,Twitter/X archive,2,,Social Signal Review,raw social signal; not endorsement,list with caveat,mention_count=1; retweet_count=1
IDX00454,'@jinglejamOP,person/account,People & Accounts,,Twitter/X archive,1,,Social Signal Review,raw social signal; not endorsement,list with caveat,mention_count=1; retweet_count=0
IDX00455,'@vocdoni,person/account,People & Accounts,,Twitter/X archive,2,,Social Signal Review,raw social signal; not endorsement,list with caveat,mention_count=1; retweet_count=1
IDX00456,'@mpg_dd,person/account,People & Accounts,,Twitter/X archive,1,,Social Signal Review,raw social signal; not endorsement,list with caveat,mention_count=1; retweet_count=0
IDX00457,'@OrnellaWeb3,person/account,People & Accounts,,Twitter/X archive,2,,Social Signal Review,raw social signal; not endorsement,list with caveat,mention_count=1; retweet_count=1
IDX00458,'@Dylan_Steck,person/account,People & Accounts,,Twitter/X archive,2,,Social Signal Review,raw social signal; not endorsement,list with caveat,mention_count=1; retweet_count=1
IDX00459,'@JBSDC,person/account,People & Accounts,,Twitter/X archive,2,,Social Signal Review,raw social signal; not endorsement,list with caveat,mention_count=1; retweet_count=1
IDX00460,'@andrewkuznet,person/account,People & Accounts,,Twitter/X archive,2,,Social Signal Review,raw social signal; not endorsement,list with caveat,mention_count=1; retweet_count=1
IDX00461,'@StoryProtocol,person/account,People & Accounts,,Twitter/X archive,1,,Social Signal Review,raw social signal; not endorsement,list with caveat,mention_count=1; retweet_count=0
IDX00462,'@404GRDN,person/account,People & Accounts,,Twitter/X archive,1,,Social Signal Review,raw social signal; not endorsement,list with caveat,mention_count=1; retweet_count=0
IDX00463,'@FourthWorldSys,person/account,People & Accounts,,Twitter/X archive,1,,Social Signal Review,raw social signal; not endorsement,list with caveat,mention_count=1; retweet_count=0
IDX00464,'@ETHPanda_Org,person/account,People & Accounts,,Twitter/X archive,2,,Social Signal Review,raw social signal; not endorsement,list with caveat,mention_count=1; retweet_count=1
IDX00465,'@Sostento,person/account,People & Accounts,,Twitter/X archive,1,,Social Signal Review,raw social signal; not endorsement,list with caveat,mention_count=1; retweet_count=0
IDX00466,'@ThewizardofPOS,person/account,People & Accounts,,Twitter/X archive,1,,Social Signal Review,raw social signal; not endorsement,list with caveat,mention_count=1; retweet_count=0
IDX00467,'@yoavw,person/account,People & Accounts,,Twitter/X archive,1,,Social Signal Review,raw social signal; not endorsement,list with caveat,mention_count=1; retweet_count=0
IDX00468,'@Zuzalu_city,person/account,People & Accounts,,Twitter/X archive,2,,Social Signal Review,raw social signal; not endorsement,list with caveat,mention_count=1; retweet_count=1
IDX00469,'@maearthstudio,person/account,People & Accounts,,Twitter/X archive,2,,Social Signal Review,raw social signal; not endorsement,list with caveat,mention_count=1; retweet_count=1
IDX00470,'@Toluajet,person/account,People & Accounts,,Twitter/X archive,2,,Social Signal Review,raw social signal; not endorsement,list with caveat,mention_count=1; retweet_count=1
IDX00471,'@MilkMoney64209,person/account,People & Accounts,,Twitter/X archive,2,,Social Signal Review,raw social signal; not endorsement,list with caveat,mention_count=1; retweet_count=1
IDX00472,'@hatsprotocol,person/account,People & Accounts,,Twitter/X archive,2,,Social Signal Review,raw social signal; not endorsement,list with caveat,mention_count=1; retweet_count=1
IDX00473,'@squidrouter,person/account,People & Accounts,,Twitter/X archive,1,,Social Signal Review,raw social signal; not endorsement,list with caveat,mention_count=1; retweet_count=0
IDX00474,'@Zac_Aztec,person/account,People & Accounts,,Twitter/X archive,2,,Social Signal Review,raw social signal; not endorsement,list with caveat,mention_count=1; retweet_count=1
IDX00475,'@ReFi_Italia,person/account,People & Accounts,,Twitter/X archive,1,,Social Signal Review,raw social signal; not endorsement,list with caveat,mention_count=1; retweet_count=0
IDX00476,'@Refi_Med,person/account,People & Accounts,,Twitter/X archive,1,,Social Signal Review,raw social signal; not endorsement,list with caveat,mention_count=1; retweet_count=0
IDX00477,'@IoachimViju,person/account,People & Accounts,,Twitter/X archive,2,,Social Signal Review,raw social signal; not endorsement,list with caveat,mention_count=1; retweet_count=1
IDX00478,'@molecule_dao,person/account,People & Accounts,,Twitter/X archive,1,,Social Signal Review,raw social signal; not endorsement,list with caveat,mention_count=1; retweet_count=0
IDX00479,'@OmniacsDAO,person/account,People & Accounts,,Twitter/X archive,2,,Social Signal Review,raw social signal; not endorsement,list with caveat,mention_count=1; retweet_count=1
IDX00480,'@IvieSatijn,person/account,People & Accounts,,Twitter/X archive,1,,Social Signal Review,raw social signal; not endorsement,list with caveat,mention_count=1; retweet_count=0
IDX00481,'@wydeorg,person/account,People & Accounts,,Twitter/X archive,2,,Social Signal Review,raw social signal; not endorsement,list with caveat,mention_count=1; retweet_count=1
IDX00482,'@gajesh,person/account,People & Accounts,,Twitter/X archive,2,,Social Signal Review,raw social signal; not endorsement,list with caveat,mention_count=1; retweet_count=1
IDX00483,'@beaconlabs_io,person/account,People & Accounts,,Twitter/X archive,2,,Social Signal Review,raw social signal; not endorsement,list with caveat,mention_count=1; retweet_count=1
IDX00484,'@ib1gymnast,person/account,People & Accounts,,Twitter/X archive,2,,Social Signal Review,raw social signal; not endorsement,list with caveat,mention_count=1; retweet_count=1
IDX00485,'@OptimismFractal,person/account,People & Accounts,,Twitter/X archive,1,,Social Signal Review,raw social signal; not endorsement,list with caveat,mention_count=1; retweet_count=0
IDX00486,'@N_FT2021,person/account,People & Accounts,,Twitter/X archive,2,,Social Signal Review,raw social signal; not endorsement,list with caveat,mention_count=1; retweet_count=1
IDX00487,'@ManInBlackie,person/account,People & Accounts,,Twitter/X archive,2,,Social Signal Review,raw social signal; not endorsement,list with caveat,mention_count=1; retweet_count=1
IDX00488,'@alex_prompter,person/account,People & Accounts,,Twitter/X archive,2,,Social Signal Review,raw social signal; not endorsement,list with caveat,mention_count=1; retweet_count=1
IDX00489,'@_Lonis_,person/account,People & Accounts,,Twitter/X archive,1,,Social Signal Review,raw social signal; not endorsement,list with caveat,mention_count=1; retweet_count=0
IDX00490,'@ProsperaGlobal,person/account,People & Accounts,,Twitter/X archive,1,,Social Signal Review,raw social signal; not endorsement,list with caveat,mention_count=1; retweet_count=0
IDX00491,'@morte_chs,person/account,People & Accounts,,Twitter/X archive,2,,Social Signal Review,raw social signal; not endorsement,list with caveat,mention_count=1; retweet_count=1
IDX00492,'@candufaz,person/account,People & Accounts,,Twitter/X archive,1,,Social Signal Review,raw social signal; not endorsement,list with caveat,mention_count=1; retweet_count=0
IDX00493,'@ElinorRennie,person/account,People & Accounts,,Twitter/X archive,2,,Social Signal Review,raw social signal; not endorsement,list with caveat,mention_count=1; retweet_count=1
IDX00494,'@alexolegimas,person/account,People & Accounts,,Twitter/X archive,2,,Social Signal Review,raw social signal; not endorsement,list with caveat,mention_count=1; retweet_count=1
IDX00495,'@shawmakesmagic,person/account,People & Accounts,,Twitter/X archive,2,,Social Signal Review,raw social signal; not endorsement,list with caveat,mention_count=1; retweet_count=1
IDX00496,'@panditdhamdhere,person/account,People & Accounts,,Twitter/X archive,2,,Social Signal Review,raw social signal; not endorsement,list with caveat,mention_count=1; retweet_count=1
IDX00497,'@Terexitarius,person/account,People & Accounts,,Twitter/X archive,2,,Social Signal Review,raw social signal; not endorsement,list with caveat,mention_count=1; retweet_count=1
IDX00498,'@Fly_you_fools,person/account,People & Accounts,,Twitter/X archive,2,,Social Signal Review,raw social signal; not endorsement,list with caveat,mention_count=1; retweet_count=1
IDX00499,'@syndicateio,person/account,People & Accounts,,Twitter/X archive,2,,Social Signal Review,raw social signal; not endorsement,list with caveat,mention_count=1; retweet_count=1
IDX00500,'@gaskiller_,person/account,People & Accounts,,Twitter/X archive,2,,Social Signal Review,raw social signal; not endorsement,list with caveat,mention_count=1; retweet_count=1
IDX00501,'@EFF,person/account,People & Accounts,,Twitter/X archive,1,,Social Signal Review,raw social signal; not endorsement,list with caveat,mention_count=1; retweet_count=0
IDX00502,'@WorldResources,person/account,People & Accounts,,Twitter/X archive,1,,Social Signal Review,raw social signal; not endorsement,list with caveat,mention_count=1; retweet_count=0
IDX00503,'@timourxyz,person/account,People & Accounts,,Twitter/X archive,2,,Social Signal Review,raw social signal; not endorsement,list with caveat,mention_count=1; retweet_count=1
IDX00504,'@shibuyafilm,person/account,People & Accounts,,Twitter/X archive,2,,Social Signal Review,raw social signal; not endorsement,list with caveat,mention_count=1; retweet_count=1
IDX00505,'@AnalogueUSB,person/account,People & Accounts,,Twitter/X archive,2,,Social Signal Review,raw social signal; not endorsement,list with caveat,mention_count=1; retweet_count=1
IDX00506,'@stablewatchHQ,person/account,People & Accounts,,Twitter/X archive,2,,Social Signal Review,raw social signal; not endorsement,list with caveat,mention_count=1; retweet_count=1
IDX00507,'@sreeramkannan,person/account,People & Accounts,,Twitter/X archive,2,,Social Signal Review,raw social signal; not endorsement,list with caveat,mention_count=1; retweet_count=1
IDX00508,'@UpdraftFund,person/account,People & Accounts,,Twitter/X archive,1,,Social Signal Review,raw social signal; not endorsement,list with caveat,mention_count=1; retweet_count=0
IDX00509,'@Abstract_Hzn,person/account,People & Accounts,,Twitter/X archive,2,,Social Signal Review,raw social signal; not endorsement,list with caveat,mention_count=1; retweet_count=1
IDX00510,'@RegenNetworkDev,person/account,People & Accounts,,Twitter/X archive,1,,Social Signal Review,raw social signal; not endorsement,list with caveat,mention_count=1; retweet_count=0
IDX00511,'@danielschmach,person/account,People & Accounts,,Twitter/X archive,1,,Social Signal Review,raw social signal; not endorsement,list with caveat,mention_count=1; retweet_count=0
IDX00512,'@heatmap_news,person/account,People & Accounts,,Twitter/X archive,2,,Social Signal Review,raw social signal; not endorsement,list with caveat,mention_count=1; retweet_count=1
IDX00513,'@MattZeitlin,person/account,People & Accounts,,Twitter/X archive,1,,Social Signal Review,raw social signal; not endorsement,list with caveat,mention_count=1; retweet_count=0
IDX00514,'@katie_brigham,person/account,People & Accounts,,Twitter/X archive,1,,Social Signal Review,raw social signal; not endorsement,list with caveat,mention_count=1; retweet_count=0
IDX00515,'@robinsonmeyer,person/account,People & Accounts,,Twitter/X archive,1,,Social Signal Review,raw social signal; not endorsement,list with caveat,mention_count=1; retweet_count=0
IDX00516,'@goodjillian,person/account,People & Accounts,,Twitter/X archive,1,,Social Signal Review,raw social signal; not endorsement,list with caveat,mention_count=1; retweet_count=0
IDX00517,'@LogrisTheBard,person/account,People & Accounts,,Twitter/X archive,2,,Social Signal Review,raw social signal; not endorsement,list with caveat,mention_count=1; retweet_count=1
IDX00518,'@NetworkLawRev,person/account,People & Accounts,,Twitter/X archive,1,,Social Signal Review,raw social signal; not endorsement,list with caveat,mention_count=1; retweet_count=0
IDX00519,'@Holochain,person/account,People & Accounts,,Twitter/X archive,2,,Social Signal Review,raw social signal; not endorsement,list with caveat,mention_count=1; retweet_count=1
IDX00520,'@Arnno39,person/account,People & Accounts,,Twitter/X archive,2,,Social Signal Review,raw social signal; not endorsement,list with caveat,mention_count=1; retweet_count=1
IDX00521,'@HighPlainsJrnl,person/account,People & Accounts,,Twitter/X archive,2,,Social Signal Review,raw social signal; not endorsement,list with caveat,mention_count=1; retweet_count=1
IDX00522,'@CossarSofia,person/account,People & Accounts,,Twitter/X archive,1,,Social Signal Review,raw social signal; not endorsement,list with caveat,mention_count=1; retweet_count=0
IDX00523,'@teijehdonker,person/account,People & Accounts,,Twitter/X archive,1,,Social Signal Review,raw social signal; not endorsement,list with caveat,mention_count=1; retweet_count=0
IDX00524,'@anoma,person/account,People & Accounts,,Twitter/X archive,1,,Social Signal Review,raw social signal; not endorsement,list with caveat,mention_count=1; retweet_count=0
IDX00525,'@ethStaker,person/account,People & Accounts,,Twitter/X archive,2,,Social Signal Review,raw social signal; not endorsement,list with caveat,mention_count=1; retweet_count=1
IDX00526,'@DeptofFHed,person/account,People & Accounts,,Twitter/X archive,1,,Social Signal Review,raw social signal; not endorsement,list with caveat,mention_count=1; retweet_count=0
IDX00527,'@vpabundance,person/account,People & Accounts,,Twitter/X archive,2,,Social Signal Review,raw social signal; not endorsement,list with caveat,mention_count=1; retweet_count=1
IDX00528,'@matteoikari,person/account,People & Accounts,,Twitter/X archive,1,,Social Signal Review,raw social signal; not endorsement,list with caveat,mention_count=1; retweet_count=0
IDX00529,'@MacBudkowski,person/account,People & Accounts,,Twitter/X archive,2,,Social Signal Review,raw social signal; not endorsement,list with caveat,mention_count=1; retweet_count=1
IDX00530,'@DeSci_Round_Ops,person/account,People & Accounts,,Twitter/X archive,2,,Social Signal Review,raw social signal; not endorsement,list with caveat,mention_count=1; retweet_count=1
IDX00531,'@Afinetheorem,person/account,People & Accounts,,Twitter/X archive,2,,Social Signal Review,raw social signal; not endorsement,list with caveat,mention_count=1; retweet_count=1
IDX00532,'@protocollabs,person/account,People & Accounts,,Twitter/X archive,1,,Social Signal Review,raw social signal; not endorsement,list with caveat,mention_count=1; retweet_count=0
IDX00533,'@hannahrosekirk,person/account,People & Accounts,,Twitter/X archive,2,,Social Signal Review,raw social signal; not endorsement,list with caveat,mention_count=1; retweet_count=1
IDX00534,'@P3b7_,person/account,People & Accounts,,Twitter/X archive,2,,Social Signal Review,raw social signal; not endorsement,list with caveat,mention_count=1; retweet_count=1
IDX00535,'@yaoeo,person/account,People & Accounts,,Twitter/X archive,1,,Social Signal Review,raw social signal; not endorsement,list with caveat,mention_count=1; retweet_count=0
IDX00536,'@ozkite,person/account,People & Accounts,,Twitter/X archive,2,,Social Signal Review,raw social signal; not endorsement,list with caveat,mention_count=1; retweet_count=1
IDX00537,'@soht0,person/account,People & Accounts,,Twitter/X archive,1,,Social Signal Review,raw social signal; not endorsement,list with caveat,mention_count=1; retweet_count=0
IDX00538,'@earthistdao,person/account,People & Accounts,,Twitter/X archive,1,,Social Signal Review,raw social signal; not endorsement,list with caveat,mention_count=1; retweet_count=0
IDX00539,'@haonan,person/account,People & Accounts,,Twitter/X archive,2,,Social Signal Review,raw social signal; not endorsement,list with caveat,mention_count=1; retweet_count=1
IDX00540,'@fede_intern,person/account,People & Accounts,,Twitter/X archive,2,,Social Signal Review,raw social signal; not endorsement,list with caveat,mention_count=1; retweet_count=1
IDX00541,'@loom_finance,person/account,People & Accounts,,Twitter/X archive,1,,Social Signal Review,raw social signal; not endorsement,list with caveat,mention_count=1; retweet_count=0
IDX00542,'@polfinance_,person/account,People & Accounts,,Twitter/X archive,1,,Social Signal Review,raw social signal; not endorsement,list with caveat,mention_count=1; retweet_count=0
IDX00543,'@class_lambda,person/account,People & Accounts,,Twitter/X archive,1,,Social Signal Review,raw social signal; not endorsement,list with caveat,mention_count=1; retweet_count=0
IDX00544,'@ii_posts,person/account,People & Accounts,,Twitter/X archive,2,,Social Signal Review,raw social signal; not endorsement,list with caveat,mention_count=1; retweet_count=1
IDX00545,'@zGuz,person/account,People & Accounts,,Twitter/X archive,2,,Social Signal Review,raw social signal; not endorsement,list with caveat,mention_count=1; retweet_count=1
IDX00546,'@eth_strategy,person/account,People & Accounts,,Twitter/X archive,2,,Social Signal Review,raw social signal; not endorsement,list with caveat,mention_count=1; retweet_count=1
IDX00547,'@Rocket_Pool,person/account,People & Accounts,,Twitter/X archive,1,,Social Signal Review,raw social signal; not endorsement,list with caveat,mention_count=1; retweet_count=0
IDX00548,'@GravenPrest,person/account,People & Accounts,,Twitter/X archive,2,,Social Signal Review,raw social signal; not endorsement,list with caveat,mention_count=1; retweet_count=1
IDX00549,'@UNBiodiversity,person/account,People & Accounts,,Twitter/X archive,2,,Social Signal Review,raw social signal; not endorsement,list with caveat,mention_count=1; retweet_count=1
IDX00550,'@Frax,person/account,People & Accounts,,Twitter/X archive,2,,Social Signal Review,raw social signal; not endorsement,list with caveat,mention_count=1; retweet_count=1
IDX00551,'@divine_economy,person/account,People & Accounts,,Twitter/X archive,2,,Social Signal Review,raw social signal; not endorsement,list with caveat,mention_count=1; retweet_count=1
IDX00552,'@0xNairolf,person/account,People & Accounts,,Twitter/X archive,1,,Social Signal Review,raw social signal; not endorsement,list with caveat,mention_count=1; retweet_count=0
IDX00553,'@nicksusi,person/account,People & Accounts,,Twitter/X archive,2,,Social Signal Review,raw social signal; not endorsement,list with caveat,mention_count=1; retweet_count=1
IDX00554,'@glycemag,person/account,People & Accounts,,Twitter/X archive,1,,Social Signal Review,raw social signal; not endorsement,list with caveat,mention_count=1; retweet_count=0
IDX00555,'@drozas,person/account,People & Accounts,,Twitter/X archive,1,,Social Signal Review,raw social signal; not endorsement,list with caveat,mention_count=1; retweet_count=0
IDX00556,'@samerP2P,person/account,People & Accounts,,Twitter/X archive,1,,Social Signal Review,raw social signal; not endorsement,list with caveat,mention_count=1; retweet_count=0
IDX00557,'@profhamel,person/account,People & Accounts,,Twitter/X archive,1,,Social Signal Review,raw social signal; not endorsement,list with caveat,mention_count=1; retweet_count=0
IDX00558,'@MicheleZanini,person/account,People & Accounts,,Twitter/X archive,1,,Social Signal Review,raw social signal; not endorsement,list with caveat,mention_count=1; retweet_count=0
IDX00559,'@WSJ,person/account,People & Accounts,,Twitter/X archive,1,,Social Signal Review,raw social signal; not endorsement,list with caveat,mention_count=1; retweet_count=0
IDX00560,'@taykendesign,person/account,People & Accounts,,Twitter/X archive,2,,Social Signal Review,raw social signal; not endorsement,list with caveat,mention_count=1; retweet_count=1
IDX00561,'@paragraph_xyz,person/account,People & Accounts,,Twitter/X archive,2,,Social Signal Review,raw social signal; not endorsement,list with caveat,mention_count=1; retweet_count=1
IDX00562,'@Dune,person/account,People & Accounts,,Twitter/X archive,2,,Social Signal Review,raw social signal; not endorsement,list with caveat,mention_count=1; retweet_count=1
IDX00563,'@beast_ico,person/account,People & Accounts,,Twitter/X archive,2,,Social Signal Review,raw social signal; not endorsement,list with caveat,mention_count=1; retweet_count=1
IDX00564,'@clinamenic,person/account,People & Accounts,,Twitter/X archive,2,,Social Signal Review,raw social signal; not endorsement,list with caveat,mention_count=1; retweet_count=1
IDX00565,'@DeSciLabs,person/account,People & Accounts,,Twitter/X archive,2,,Social Signal Review,raw social signal; not endorsement,list with caveat,mention_count=1; retweet_count=1
IDX00566,'@Kleros_io,person/account,People & Accounts,,Twitter/X archive,2,,Social Signal Review,raw social signal; not endorsement,list with caveat,mention_count=1; retweet_count=1
IDX00567,'@thetokenjedi,person/account,People & Accounts,,Twitter/X archive,1,,Social Signal Review,raw social signal; not endorsement,list with caveat,mention_count=1; retweet_count=0
IDX00568,'@PlasticCTO,person/account,People & Accounts,,Twitter/X archive,2,,Social Signal Review,raw social signal; not endorsement,list with caveat,mention_count=1; retweet_count=1
IDX00569,'@clesaege,person/account,People & Accounts,,Twitter/X archive,1,,Social Signal Review,raw social signal; not endorsement,list with caveat,mention_count=1; retweet_count=0
IDX00570,'@ETHGlobal,person/account,People & Accounts,,Twitter/X archive,1,,Social Signal Review,raw social signal; not endorsement,list with caveat,mention_count=1; retweet_count=0
IDX00571,'@evmnow,person/account,People & Accounts,,Twitter/X archive,1,,Social Signal Review,raw social signal; not endorsement,list with caveat,mention_count=1; retweet_count=0
IDX00572,'@momack28,person/account,People & Accounts,,Twitter/X archive,1,,Social Signal Review,raw social signal; not endorsement,list with caveat,mention_count=1; retweet_count=0
IDX00573,'@kaxline,person/account,People & Accounts,,Twitter/X archive,1,,Social Signal Review,raw social signal; not endorsement,list with caveat,mention_count=1; retweet_count=0
IDX00574,'@USDC,person/account,People & Accounts,,Twitter/X archive,1,,Social Signal Review,raw social signal; not endorsement,list with caveat,mention_count=1; retweet_count=0
IDX00575,'@safe,person/account,People & Accounts,,Twitter/X archive,2,,Social Signal Review,raw social signal; not endorsement,list with caveat,mention_count=1; retweet_count=1
IDX00576,'@james_gaps,person/account,People & Accounts,,Twitter/X archive,2,,Social Signal Review,raw social signal; not endorsement,list with caveat,mention_count=1; retweet_count=1
IDX00577,'@Truebitprotocol,person/account,People & Accounts,,Twitter/X archive,2,,Social Signal Review,raw social signal; not endorsement,list with caveat,mention_count=1; retweet_count=1
IDX00578,'@0xSkyMine,person/account,People & Accounts,,Twitter/X archive,2,,Social Signal Review,raw social signal; not endorsement,list with caveat,mention_count=1; retweet_count=1
IDX00579,'@azeemk_,person/account,People & Accounts,,Twitter/X archive,2,,Social Signal Review,raw social signal; not endorsement,list with caveat,mention_count=1; retweet_count=1
IDX00580,'@sustainsurf,person/account,People & Accounts,,Twitter/X archive,1,,Social Signal Review,raw social signal; not endorsement,list with caveat,mention_count=1; retweet_count=0
IDX00581,'@t2wrld,person/account,People & Accounts,,Twitter/X archive,1,,Social Signal Review,raw social signal; not endorsement,list with caveat,mention_count=1; retweet_count=0
IDX00582,'@jsuarez5341,person/account,People & Accounts,,Twitter/X archive,2,,Social Signal Review,raw social signal; not endorsement,list with caveat,mention_count=1; retweet_count=1
IDX00583,'@guil_is,person/account,People & Accounts,,Twitter/X archive,2,,Social Signal Review,raw social signal; not endorsement,list with caveat,mention_count=1; retweet_count=1
IDX00584,'@linaventures1,person/account,People & Accounts,,Twitter/X archive,2,,Social Signal Review,raw social signal; not endorsement,list with caveat,mention_count=1; retweet_count=1
IDX00585,'@MariaShen,person/account,People & Accounts,,Twitter/X archive,2,,Social Signal Review,raw social signal; not endorsement,list with caveat,mention_count=1; retweet_count=1
IDX00586,'@collabberry,person/account,People & Accounts,,Twitter/X archive,1,,Social Signal Review,raw social signal; not endorsement,list with caveat,mention_count=1; retweet_count=0
IDX00587,'@tokendynamics,person/account,People & Accounts,,Twitter/X archive,2,,Social Signal Review,raw social signal; not endorsement,list with caveat,mention_count=1; retweet_count=1
IDX00588,'@HeliosReFi,person/account,People & Accounts,,Twitter/X archive,1,,Social Signal Review,raw social signal; not endorsement,list with caveat,mention_count=1; retweet_count=0
IDX00589,'@AmelieLasker,person/account,People & Accounts,,Twitter/X archive,1,,Social Signal Review,raw social signal; not endorsement,list with caveat,mention_count=1; retweet_count=0
IDX00590,'@AlexandriaLabs,person/account,People & Accounts,,Twitter/X archive,1,,Social Signal Review,raw social signal; not endorsement,list with caveat,mention_count=1; retweet_count=0
IDX00591,'@frontiertower,person/account,People & Accounts,,Twitter/X archive,2,,Social Signal Review,raw social signal; not endorsement,list with caveat,mention_count=1; retweet_count=1
IDX00592,'@LukeYoungblood,person/account,People & Accounts,,Twitter/X archive,1,,Social Signal Review,raw social signal; not endorsement,list with caveat,mention_count=1; retweet_count=0
IDX00593,'@MoonwellDeFi,person/account,People & Accounts,,Twitter/X archive,1,,Social Signal Review,raw social signal; not endorsement,list with caveat,mention_count=1; retweet_count=0
IDX00594,'@lorepunkdoteth,person/account,People & Accounts,,Twitter/X archive,2,,Social Signal Review,raw social signal; not endorsement,list with caveat,mention_count=1; retweet_count=1
IDX00595,'@arlery,person/account,People & Accounts,,Twitter/X archive,2,,Social Signal Review,raw social signal; not endorsement,list with caveat,mention_count=1; retweet_count=1
IDX00596,'@greenpillnyc,person/account,People & Accounts,,Twitter/X archive,1,,Social Signal Review,raw social signal; not endorsement,list with caveat,mention_count=1; retweet_count=0
IDX00597,'@gooddollarorg,person/account,People & Accounts,,Twitter/X archive,1,,Social Signal Review,raw social signal; not endorsement,list with caveat,mention_count=1; retweet_count=0
IDX00598,'@Ripple,person/account,People & Accounts,,Twitter/X archive,1,,Social Signal Review,raw social signal; not endorsement,list with caveat,mention_count=1; retweet_count=0
IDX00599,'@Polkadot,person/account,People & Accounts,,Twitter/X archive,1,,Social Signal Review,raw social signal; not endorsement,list with caveat,mention_count=1; retweet_count=0
IDX00600,'@BillLaboon,person/account,People & Accounts,,Twitter/X archive,1,,Social Signal Review,raw social signal; not endorsement,list with caveat,mention_count=1; retweet_count=0
IDX00601,'@impactstake,person/account,People & Accounts,,Twitter/X archive,1,,Social Signal Review,raw social signal; not endorsement,list with caveat,mention_count=1; retweet_count=0
IDX00602,'@regenbuild,person/account,People & Accounts,,Twitter/X archive,2,,Social Signal Review,raw social signal; not endorsement,list with caveat,mention_count=1; retweet_count=1
IDX00603,'@sejal_rekhan,person/account,People & Accounts,,Twitter/X archive,1,,Social Signal Review,raw social signal; not endorsement,list with caveat,mention_count=1; retweet_count=0
IDX00604,'@ReFiDAOist,person/account,People & Accounts,,Twitter/X archive,1,,Social Signal Review,raw social signal; not endorsement,list with caveat,mention_count=1; retweet_count=0
IDX00605,'@minipay,person/account,People & Accounts,,Twitter/X archive,1,,Social Signal Review,raw social signal; not endorsement,list with caveat,mention_count=1; retweet_count=0
IDX00606,'@VrbsDAO,person/account,People & Accounts,,Twitter/X archive,1,,Social Signal Review,raw social signal; not endorsement,list with caveat,mention_count=1; retweet_count=0
IDX00607,'@izzylawrence11,person/account,People & Accounts,,Twitter/X archive,1,,Social Signal Review,raw social signal; not endorsement,list with caveat,mention_count=1; retweet_count=0
IDX00608,'@gp_dev_guild,person/account,People & Accounts,,Twitter/X archive,1,,Social Signal Review,raw social signal; not endorsement,list with caveat,mention_count=1; retweet_count=0
IDX00609,'@c0mput3rxz,person/account,People & Accounts,,Twitter/X archive,1,,Social Signal Review,raw social signal; not endorsement,list with caveat,mention_count=1; retweet_count=0
IDX00610,'@greengoodsapp,person/account,People & Accounts,,Twitter/X archive,1,,Social Signal Review,raw social signal; not endorsement,list with caveat,mention_count=1; retweet_count=0
IDX00611,'@EricCMack,person/account,People & Accounts,,Twitter/X archive,2,,Social Signal Review,raw social signal; not endorsement,list with caveat,mention_count=1; retweet_count=1
IDX00612,'@tayvano_,person/account,People & Accounts,,Twitter/X archive,2,,Social Signal Review,raw social signal; not endorsement,list with caveat,mention_count=1; retweet_count=1
IDX00613,'@TYMEinc_,person/account,People & Accounts,,Twitter/X archive,1,,Social Signal Review,raw social signal; not endorsement,list with caveat,mention_count=1; retweet_count=0
IDX00614,'@donnoh_eth,person/account,People & Accounts,,Twitter/X archive,2,,Social Signal Review,raw social signal; not endorsement,list with caveat,mention_count=1; retweet_count=1
IDX00615,'@aztecnetwork,person/account,People & Accounts,,Twitter/X archive,1,,Social Signal Review,raw social signal; not endorsement,list with caveat,mention_count=1; retweet_count=0
IDX00616,'@NicolasC3rny,person/account,People & Accounts,,Twitter/X archive,2,,Social Signal Review,raw social signal; not endorsement,list with caveat,mention_count=1; retweet_count=1
IDX00617,'@FLI_org,person/account,People & Accounts,,Twitter/X archive,1,,Social Signal Review,raw social signal; not endorsement,list with caveat,mention_count=1; retweet_count=0
IDX00618,'@StandTogether,person/account,People & Accounts,,Twitter/X archive,1,,Social Signal Review,raw social signal; not endorsement,list with caveat,mention_count=1; retweet_count=0
IDX00619,'@PCC_Global,person/account,People & Accounts,,Twitter/X archive,2,,Social Signal Review,raw social signal; not endorsement,list with caveat,mention_count=1; retweet_count=1
IDX00620,'@join_agora,person/account,People & Accounts,,Twitter/X archive,1,,Social Signal Review,raw social signal; not endorsement,list with caveat,mention_count=1; retweet_count=0
IDX00621,'@TiberiusB,person/account,People & Accounts,,Twitter/X archive,2,,Social Signal Review,raw social signal; not endorsement,list with caveat,mention_count=1; retweet_count=1
IDX00622,'@FreedomofPress,person/account,People & Accounts,,Twitter/X archive,2,,Social Signal Review,raw social signal; not endorsement,list with caveat,mention_count=1; retweet_count=1
IDX00623,Kevin Owocki,person,People & Accounts,,explicit_podcast_synthesis,,,People/Account Review,raw; needs verification,list with caveat,Greenpill Podcast host; field bridge
IDX00624,Carl Cervone,person,People & Accounts,,explicit_podcast_synthesis,,,People/Account Review,raw; needs verification,list with caveat,Hypercerts / retro funding bridge
IDX00625,Devansh Mehta,person,People & Accounts,,twitter_and_podcast_signal,,,People/Account Review,raw; needs verification,list with caveat,Greenpill co-host / public goods discussions
IDX00626,Vitalik Buterin,person,People & Accounts,,twitter_signal,,,People/Account Review,raw; needs verification,list with caveat,"Ethereum public goods, protocol, coordination"
IDX00627,Glen Weyl,person,People & Accounts,,explicit_podcast_synthesis,,,People/Account Review,raw; needs verification,list with caveat,"Plurality, quadratic funding, civic tech"
IDX00628,Audrey Tang,person,People & Accounts,,explicit_podcast_synthesis,,,People/Account Review,raw; needs verification,list with caveat,Plurality and civic tech reference
IDX00629,Primavera De Filippi,person,People & Accounts,,explicit_podcast_synthesis,,,People/Account Review,raw; needs verification,list with caveat,Blockchain governance / commons
IDX00630,Felix Beer,person,People & Accounts,,explicit_podcast_synthesis,,,People/Account Review,raw; needs verification,list with caveat,Referenced with governance / coordination context
IDX00631,Trent Van Epps,person,People & Accounts,,explicit_podcast_synthesis,,,People/Account Review,raw; needs verification,list with caveat,Ethereum governance / public goods
IDX00632,Boris Dyakov,person,People & Accounts,,explicit_podcast_synthesis,,,People/Account Review,raw; needs verification,list with caveat,Governance / coordination signal
IDX00633,Daniel Ospina,person,People & Accounts,,explicit_podcast_synthesis,,,People/Account Review,raw; needs verification,list with caveat,Organization design and governance
IDX00634,Jon Hillis,person,People & Accounts,,explicit_podcast_synthesis,,,People/Account Review,raw; needs verification,list with caveat,Localism and network communities
IDX00635,Ameen Soleimani,person,People & Accounts,,explicit_podcast_synthesis,,,People/Account Review,raw; needs verification,list with caveat,Moloch / coordination / Ethereum public goods
IDX00636,Austin Griffith,person,People & Accounts,,adjacent_expansion,,,People/Account Review,raw; needs verification,list with caveat,Ethereum builder tooling
IDX00637,Zak Cole,person,People & Accounts,,adjacent_expansion,,,People/Account Review,raw; needs verification,list with caveat,Builder tooling / AI agents context
IDX00638,Juan Benet,person,People & Accounts,,adjacent_expansion,,,People/Account Review,raw; needs verification,list with caveat,Public goods funding / decentralized storage
IDX00639,Pooja Ranjan,person,People & Accounts,,adjacent_expansion,,,People/Account Review,raw; needs verification,list with caveat,Ethereum governance / education
IDX00640,Scott Moore,person,People & Accounts,,adjacent_expansion,,,People/Account Review,raw; needs verification,list with caveat,Public goods funding / Gitcoin
IDX00641,Vivek Singh,person,People & Accounts,,adjacent_expansion,,,People/Account Review,raw; needs verification,list with caveat,Allo / grants infrastructure
IDX00642,LauNaMu,person,People & Accounts,,twitter_signal,,,People/Account Review,raw; needs verification,list with caveat,Octant ecosystem signal
IDX00643,Matthew Monahan,person,People & Accounts,,explicit_podcast_synthesis,,,People/Account Review,raw; needs verification,list with caveat,Host/publisher in podcast source system
IDX00644,Gregory Landua,person,People & Accounts,,explicit_podcast_synthesis,,,People/Account Review,raw; needs verification,list with caveat,Regenerative economics and bioregional finance
IDX00645,Austin Wade Smith,person,People & Accounts,,explicit_podcast_synthesis,,,People/Account Review,raw; needs verification,list with caveat,Bioregional finance bridge
IDX00646,Will Ruddick,person,People & Accounts,,explicit_podcast_synthesis,,,People/Account Review,raw; needs verification,list with caveat,Community currencies and commitment pooling
IDX00647,Atossa Soltani,person,People & Accounts,,explicit_podcast_synthesis,,,People/Account Review,raw; needs verification,list with caveat,Indigenous and ecological protection context
IDX00648,Tom Crowther,person,People & Accounts,,explicit_podcast_synthesis,,,People/Account Review,raw; needs verification,list with caveat,Restoration and ecology reference
IDX00649,Erin Matariki Carr,person,People & Accounts,,explicit_podcast_synthesis,,,People/Account Review,raw; needs verification,list with caveat,Indigenous knowledge and land governance signal
IDX00650,Samantha Power,person,People & Accounts,,explicit_podcast_synthesis,,,People/Account Review,raw; needs verification,list with caveat,Philanthropy / aid context reference
IDX00651,Erin Healy,person,People & Accounts,,explicit_podcast_synthesis,,,People/Account Review,raw; needs verification,list with caveat,Regenerative finance / land stewardship signal
IDX00652,Tiffany Pyette,person,People & Accounts,,explicit_podcast_synthesis,,,People/Account Review,raw; needs verification,list with caveat,Regenerative finance / ecological stewardship signal
IDX00653,Uyunkar Domingo Peas,person,People & Accounts,,explicit_podcast_synthesis,,,People/Account Review,raw; needs verification,list with caveat,Indigenous stewardship primary voice signal
IDX00654,Cassandra Lynn Ferrera,person,People & Accounts,,explicit_podcast_synthesis,,,People/Account Review,raw; needs verification,list with caveat,Commons and land-based practice
IDX00655,Brandon Welch,person,People & Accounts,,explicit_podcast_synthesis,,,People/Account Review,raw; needs verification,list with caveat,Regeneration and ecosystem finance signal
IDX00656,Justin Winters,person,People & Accounts,,explicit_podcast_synthesis,,,People/Account Review,raw; needs verification,list with caveat,Climate philanthropy / One Earth
IDX00657,Karl Burkart,person,People & Accounts,,explicit_podcast_synthesis,,,People/Account Review,raw; needs verification,list with caveat,Climate philanthropy and mapping
IDX00658,Tony Lai,person,People & Accounts,,explicit_podcast_synthesis,,,People/Account Review,raw; needs verification,list with caveat,Rights of nature / legal commons context
IDX00659,Michel Bauwens,person,People & Accounts,,explicit_podcast_synthesis,,,People/Account Review,raw; needs verification,list with caveat,Commons and peer production
IDX00660,Nate Hagens,person,People & Accounts,,explicit_podcast_synthesis,,,People/Account Review,raw; needs verification,list with caveat,"Energy, ecology, systems thinking"
IDX00661,Stuart Cowan,person,People & Accounts,,explicit_podcast_synthesis,,,People/Account Review,raw; needs verification,list with caveat,Regenerative economics and systems
IDX00662,Yoseph Ayele,person,People & Accounts,,explicit_podcast_synthesis,,,People/Account Review,raw; needs verification,list with caveat,Commons and local economies
IDX00663,Andy Tudhope,person,People & Accounts,,explicit_podcast_synthesis,,,People/Account Review,raw; needs verification,list with caveat,Knowledge and commons source signal
IDX00664,Paul Gambill,person,People & Accounts,,adjacent_expansion,,,People/Account Review,raw; needs verification,list with caveat,Carbon removal / net zero critique
IDX00665,Martin Stuchtey,person,People & Accounts,,adjacent_expansion,,,People/Account Review,raw; needs verification,list with caveat,Nature on balance sheet / land finance
IDX00666,Rez,person,People & Accounts,,adjacent_expansion,,,People/Account Review,raw; needs verification,list with caveat,Forward carbon financing
IDX00667,David Dao,person,People & Accounts,,explicit_podcast_synthesis,,,People/Account Review,raw; needs verification,list with caveat,AI/conservation and impact verification
IDX00668,Djimo Serodio,person,People & Accounts,,explicit_podcast_synthesis,,,People/Account Review,raw; needs verification,list with caveat,Tree planting / MRV context
IDX00669,Magenta Ceiba,person,People & Accounts,,explicit_podcast_synthesis,,,People/Account Review,raw; needs verification,list with caveat,Cultural/ecological regeneration signal
IDX00670,Drew Simon,person,People & Accounts,,explicit_podcast_synthesis,,,People/Account Review,raw; needs verification,list with caveat,Podcast founder / nonprofit onboarding bridge
IDX00671,Ivan Kosyuk,person,People & Accounts,,explicit_podcast_synthesis,,,People/Account Review,raw; needs verification,list with caveat,Humanitarian / Ukraine web3 signal
IDX00672,Tetiana Deshko,person,People & Accounts,,explicit_podcast_synthesis,,,People/Account Review,raw; needs verification,list with caveat,Humanitarian / Ukraine web3 signal
IDX00673,Nigel Pont,person,People & Accounts,,explicit_podcast_synthesis,,,People/Account Review,raw; needs verification,list with caveat,Web3 impact signal
IDX00674,Joshua Dávila,person,People & Accounts,,explicit_podcast_synthesis,,,People/Account Review,raw; needs verification,list with caveat,Crypto left / web3 social impact
IDX00675,Joe Agoada,person,People & Accounts,,explicit_podcast_synthesis,,,People/Account Review,raw; needs verification,list with caveat,Stablecoin / humanitarian rails signal
IDX00676,Mark Pascall,person,People & Accounts,,explicit_podcast_synthesis,,,People/Account Review,raw; needs verification,list with caveat,Web3 social impact signal
IDX00677,Stefan Deiss,person,People & Accounts,,explicit_podcast_synthesis,,,People/Account Review,raw; needs verification,list with caveat,Web3 impact signal
IDX00678,Yaniv Tal,person,People & Accounts,,explicit_podcast_synthesis,,,People/Account Review,raw; needs verification,list with caveat,Decentralized indexing / public goods infra
IDX00679,Heenal,person,People & Accounts,,explicit_project_context,,,People/Account Review,raw; needs verification,list with caveat,v1 site / toolkit context
IDX00680,Marv,person,People & Accounts,,explicit_project_context,,,People/Account Review,raw; needs verification,list with caveat,Design/implementation context
IDX00681,rathermercurial,person,People & Accounts,,explicit_podcast_synthesis,,,People/Account Review,raw; needs verification,list with caveat,Swarm and knowledge commons context
IDX00682,Durgadas,person,People & Accounts,,twitter_and_project_context,,,People/Account Review,raw; needs verification,list with caveat,Structural integrity / frame language
IDX00683,Joe Brewer,person,People & Accounts,,twitter_signal,,,People/Account Review,raw; needs verification,list with caveat,Regenerative systems / culture design
IDX00684,Benjamin Life,person,People & Accounts,,twitter_signal,,,People/Account Review,raw; needs verification,list with caveat,AI/coordination/social signal
IDX00685,Louise Borreani,person,People & Accounts,,twitter_signal,,,People/Account Review,raw; needs verification,list with caveat,ReFi/localism social signal
IDX00686,Sam Flanagan,person,People & Accounts,,twitter_signal,,,People/Account Review,raw; needs verification,list with caveat,Social signal lead
IDX00687,Collective Intelligence Project,Organizations Network,Organizations Networks,https://www.cip.org/,resource_registry_v0_2,,,Resource Graph,raw,list with caveat,
IDX00688,Nothing Makes Sense: AI & Information Ecology,Books Papers Articles Report,Books Papers Articles Reports,https://paragraph.com/@holonic-horizons/nothing-makes-sense-ai-and-information-ecology,resource_registry_v0_2,,,Resource Graph,raw,list with caveat,
IDX00689,Retrieval-Augmented Generation,Concepts Frameworks Methodologie,Concepts Frameworks Methodologies,Raw / no canonical link,resource_registry_v0_2,,,Resource Graph,raw,list with caveat,
IDX00690,Civic AI,Organizations Network,Organizations Networks,https://civic.ai/,resource_registry_v0_2,,,Resource Graph,raw,list with caveat,
IDX00691,Vitalik — Secure LLMs,Books Papers Articles Report,Books Papers Articles Reports,https://vitalik.eth.limo/general/2026/04/02/secure_llms.html,resource_registry_v0_2,,,Resource Graph,raw,list with caveat,
IDX00692,Bonfires AI X thread,Organizations Network,Organizations Networks,https://x.com/bonfiresai/status/2027556089139515888?s=20,resource_registry_v0_2,,,Resource Graph,raw,list with caveat,
IDX00693,Gaia AI X thread 1,Organizations Network,Organizations Networks,https://x.com/reslashacc/status/2029650740424364261,resource_registry_v0_2,,,Resource Graph,raw,list with caveat,
IDX00694,Gaia AI X thread 2,Organizations Network,Organizations Networks,https://x.com/zaldarren/status/2028973515463065883,resource_registry_v0_2,,,Resource Graph,raw,list with caveat,
IDX00695,Kami of the Commons,Books Papers Articles Report,Books Papers Articles Reports,https://arxiv.org/abs/2602.14940,resource_registry_v0_2,,,Resource Graph,raw,list with caveat,
IDX00696,Open Machine,Concepts Frameworks Methodologie,Concepts Frameworks Methodologies,https://x.com/i/status/2036916080514654465,resource_registry_v0_2,,,Resource Graph,raw,list with caveat,
IDX00697,Bonfires AI,Tools Protocols Platform,Tools Protocols Platforms,https://bonfires.ai/,resource_registry_v0_2,,,Resource Graph,raw,list with caveat,
IDX00698,Gaia AI,Organizations Network,Organizations Networks,Raw / no canonical link,resource_registry_v0_2,,,Resource Graph,raw,list with caveat,
IDX00699,Cynefin,Concepts Frameworks Methodologie,Concepts Frameworks Methodologies,https://cynefin.io/,resource_registry_v0_2,,,Resource Graph,raw,list with caveat,"Added as a reviewable expansion lead; verify fit, URL, and priority before treating as curated."
IDX00700,Anthropic,Projects Initiative,Projects Initiatives,https://x.com/AnthropicAI,resource_registry_v0_2,1,,Resource Graph,raw,list with caveat,"Auto-extracted account lead from Twitter archive. Counts are mention/retweet signals, not endorsement."
IDX00701,Blockchain for Good Alliance (BGA),Projects Initiative,Projects Initiatives,https://x.com/ChainforGood,resource_registry_v0_2,1,,Resource Graph,raw,list with caveat,"Auto-extracted account lead from Twitter archive. Counts are mention/retweet signals, not endorsement."
IDX00702,BlockchainGov,Projects Initiative,Projects Initiatives,https://x.com/BlockchainGov,resource_registry_v0_2,34,,Resource Graph,raw,list with caveat,"Auto-extracted account lead from Twitter archive. Counts are mention/retweet signals, not endorsement."
IDX00703,Bonfires.ai,Projects Initiative,Projects Initiatives,https://x.com/bonfiresai,resource_registry_v0_2,2,,Resource Graph,raw,list with caveat,"Auto-extracted account lead from Twitter archive. Counts are mention/retweet signals, not endorsement."
IDX00704,bot.heenal.eth,Projects Initiative,Projects Initiatives,https://x.com/heen_ai,resource_registry_v0_2,1,,Resource Graph,raw,list with caveat,"Auto-extracted account lead from Twitter archive. Counts are mention/retweet signals, not endorsement."
IDX00705,Captain Obvious,Projects Initiative,Projects Initiatives,https://x.com/kenya_mchuzi,resource_registry_v0_2,1,,Resource Graph,raw,list with caveat,"Auto-extracted account lead from Twitter archive. Counts are mention/retweet signals, not endorsement."
IDX00706,Chaîne Research 🌐,Projects Initiative,Projects Initiatives,https://x.com/chaineresearch,resource_registry_v0_2,1,,Resource Graph,raw,list with caveat,"Auto-extracted account lead from Twitter archive. Counts are mention/retweet signals, not endorsement."
IDX00707,"Devcon 8 | Mumbai, India 🇮🇳",Events Conferences Gathering,Events Conferences Gatherings,https://x.com/EFDevcon,resource_registry_v0_2,13,,Resource Graph,raw,list with caveat,"Auto-extracted account lead from Twitter archive. Counts are mention/retweet signals, not endorsement."
IDX00708,ens.eth,Projects Initiative,Projects Initiatives,https://x.com/ensdomains,resource_registry_v0_2,2,,Resource Graph,raw,list with caveat,"Auto-extracted account lead from Twitter archive. Counts are mention/retweet signals, not endorsement."
IDX00709,ethdaily.eth,Projects Initiative,Projects Initiatives,https://x.com/ethdaily,resource_registry_v0_2,3,,Resource Graph,raw,list with caveat,"Auto-extracted account lead from Twitter archive. Counts are mention/retweet signals, not endorsement."
IDX00710,free air 🎐 🍉,Projects Initiative,Projects Initiatives,https://x.com/_newcubes_,resource_registry_v0_2,3,,Resource Graph,raw,list with caveat,"Auto-extracted account lead from Twitter archive. Counts are mention/retweet signals, not endorsement."
IDX00711,Gaia AI,Projects Initiative,Projects Initiatives,https://x.com/GaiaAIxyz,resource_registry_v0_2,7,,Resource Graph,raw,list with caveat,"Auto-extracted account lead from Twitter archive. Counts are mention/retweet signals, not endorsement."
IDX00712,High Plains Journal,Projects Initiative,Projects Initiatives,https://x.com/HighPlainsJrnl,resource_registry_v0_2,1,,Resource Graph,raw,list with caveat,"Auto-extracted account lead from Twitter archive. Counts are mention/retweet signals, not endorsement."
IDX00713,Holochain,Projects Initiative,Projects Initiatives,https://x.com/Holochain,resource_registry_v0_2,1,,Resource Graph,raw,list with caveat,"Auto-extracted account lead from Twitter archive. Counts are mention/retweet signals, not endorsement."
IDX00714,Ittai Abraham,Projects Initiative,Projects Initiatives,https://x.com/ittaia,resource_registry_v0_2,1,,Resource Graph,raw,list with caveat,"Auto-extracted account lead from Twitter archive. Counts are mention/retweet signals, not endorsement."
IDX00715,Magenta,Projects Initiative,Projects Initiatives,https://x.com/magentaceiba,resource_registry_v0_2,2,,Resource Graph,raw,list with caveat,"Auto-extracted account lead from Twitter archive. Counts are mention/retweet signals, not endorsement."
IDX00716,nairolf,Projects Initiative,Projects Initiatives,https://x.com/0xNairolf,resource_registry_v0_2,1,,Resource Graph,raw,list with caveat,"Auto-extracted account lead from Twitter archive. Counts are mention/retweet signals, not endorsement."
IDX00717,niko,Projects Initiative,Projects Initiatives,https://x.com/saintniko,resource_registry_v0_2,1,,Resource Graph,raw,list with caveat,"Auto-extracted account lead from Twitter archive. Counts are mention/retweet signals, not endorsement."
IDX00718,owockai,Projects Initiative,Projects Initiatives,https://x.com/owocki,resource_registry_v0_2,34,,Resource Graph,raw,list with caveat,"Auto-extracted account lead from Twitter archive. Counts are mention/retweet signals, not endorsement."
IDX00719,penguin (acc/ai16z),Projects Initiative,Projects Initiatives,https://x.com/c0mput3rxz,resource_registry_v0_2,1,,Resource Graph,raw,list with caveat,"Auto-extracted account lead from Twitter archive. Counts are mention/retweet signals, not endorsement."
IDX00720,renaissancing,Projects Initiative,Projects Initiatives,https://x.com/renaissancing_,resource_registry_v0_2,1,,Resource Graph,raw,list with caveat,"Auto-extracted account lead from Twitter archive. Counts are mention/retweet signals, not endorsement."
IDX00721,Revnet | Tokenize your revenues and fundraises,Projects Initiative,Projects Initiatives,https://x.com/revnets,resource_registry_v0_2,3,,Resource Graph,raw,list with caveat,"Auto-extracted account lead from Twitter archive. Counts are mention/retweet signals, not endorsement."
IDX00722,RifaiSicilia.ETH 🌍,Projects Initiative,Projects Initiatives,https://x.com/RifaiSicilia,resource_registry_v0_2,5,,Resource Graph,raw,list with caveat,"Auto-extracted account lead from Twitter archive. Counts are mention/retweet signals, not endorsement."
IDX00723,SeaTrees,Projects Initiative,Projects Initiatives,https://x.com/sustainsurf,resource_registry_v0_2,1,,Resource Graph,raw,list with caveat,"Auto-extracted account lead from Twitter archive. Counts are mention/retweet signals, not endorsement."
IDX00724,Simile,Projects Initiative,Projects Initiatives,https://x.com/simile_ai,resource_registry_v0_2,1,,Resource Graph,raw,list with caveat,"Auto-extracted account lead from Twitter archive. Counts are mention/retweet signals, not endorsement."
IDX00725,Suhail Kakar,Projects Initiative,Projects Initiatives,https://x.com/SuhailKakar,resource_registry_v0_2,1,,Resource Graph,raw,list with caveat,"Auto-extracted account lead from Twitter archive. Counts are mention/retweet signals, not endorsement."
IDX00726,The Gaian Times,Projects Initiative,Projects Initiatives,https://x.com/thegaiantimes,resource_registry_v0_2,1,,Resource Graph,raw,list with caveat,"Auto-extracted account lead from Twitter archive. Counts are mention/retweet signals, not endorsement."
IDX00727,URL lead - americamagazine.org,Tools Protocols Platform,Tools Protocols Platforms,https://www.americamagazine.org/faithinfocus/2026/01/09/monastery-quiet-sustainability/,resource_registry_v0_2,1,,Resource Graph,raw,list with caveat,Auto-extracted URL lead from Twitter archive. Context: RT @ntnsndr: Thanks to @americamag for this essay on the @us_trappists monastery that changed my life: https://t.co/U8TvfBeDFx
IDX00728,URL lead - canalalentejo.sapo.pt,Projects Initiative,Projects Initiatives,https://canalalentejo.sapo.pt/feira-abela-art-faire-2025-junta-arte-contemporanea-sustentabilidade-e-comunidade-no-alentejo/,resource_registry_v0_2,1,,Resource Graph,raw,list with caveat,"Auto-extracted URL lead from Twitter archive. Context: RT @tdfinyourdreams: Feira Abela Art Faire 2025 junta arte contemporânea, sustentabilidade e comunidade no Alentejo https://t.co/j3lIR1qjR8"
IDX00729,URL lead - chaincatcher.com,Projects Initiative,Projects Initiatives,https://www.chaincatcher.com/en/article/2247966,resource_registry_v0_2,1,,Resource Graph,raw,list with caveat,"Auto-extracted URL lead from Twitter archive. Context: RT @mbauwens: * P2P as computing vs P2P as a social dynamic

https://t.co/4bijkRPxQl

""have always felt that from the very beginning—like w…"
IDX00730,URL lead - davidphelps.substack.com,Organizations Network,Organizations Networks,https://davidphelps.substack.com/p/persuasion-markets-a-manifesto,resource_registry_v0_2,1,,Resource Graph,raw,list with caveat,"Auto-extracted URL lead from Twitter archive. Context: RT @divine_economy: @0xNairolf don’t forget persuasion markets

https://t.co/ZxpM6RhBlq"
IDX00731,URL lead - decentralizedthoughts.github.io,Repositories Codebase,Repositories Codebases,https://decentralizedthoughts.github.io/,resource_registry_v0_2,1,,Resource Graph,raw,list with caveat,"Auto-extracted URL lead from Twitter archive. Context: RT @soubhik_deb: I have to say, I need to say that with the decentralized thoughts blog (https://t.co/Yv4lvldFKQ),  @kartik1507, @ittaia an…"
IDX00732,URL lead - ensurance.app,Tools Protocols Platform,Tools Protocols Platforms,https://ensurance.app/guide/why-ai-agents-need-ensurance,resource_registry_v0_2,1,,Resource Graph,raw,list with caveat,"Auto-extracted URL lead from Twitter archive. Context: RT @tmoindustries: ""why ai agents need ensurance"" 

 https://t.co/P4SntIzQJX"
IDX00733,URL lead - frontiersin.org,Organizations Network,Organizations Networks,https://www.frontiersin.org/journals/blockchain/articles/10.3389/fbloc.2021.577680/full,resource_registry_v0_2,1,,Resource Graph,raw,list with caveat,Auto-extracted URL lead from Twitter archive. Context: RT @tecmns: @drozas @samerP2P Read the full article here: https://t.co/STBbvths0g
IDX00734,URL lead - frontiersin.org,Organizations Network,Organizations Networks,https://www.frontiersin.org/journals/blockchain/articles/10.3389/fbloc.2025.1564083/full,resource_registry_v0_2,1,,Resource Graph,raw,list with caveat,Auto-extracted URL lead from Twitter archive. Context: RT @tecmns: Read the full study here: https://t.co/tegQ4tgKw6
IDX00735,URL lead - grokipedia.com,Tools Protocols Platform,Tools Protocols Platforms,https://grokipedia.com/page/DeSci_Asia,resource_registry_v0_2,1,,Resource Graph,raw,list with caveat,"Auto-extracted URL lead from Twitter archive. Context: RT @swiftevo1: AI application case study - Grok &amp; Grokipedia

https://t.co/Thv9eE5tT5

As the founder of @DeSciAsia , i chat with @grok, se…"
IDX00736,URL lead - jornaloleme.pt,Projects Initiative,Projects Initiatives,https://jornaloleme.pt/2025/10/08/abela-art-faire-regressa-em-outubro-com-arte-sustentabilidade-e-comunidade/,resource_registry_v0_2,1,,Resource Graph,raw,list with caveat,"Auto-extracted URL lead from Twitter archive. Context: RT @tdfinyourdreams: Abela Art Faire regressa em outubro com arte, sustentabilidade e comunidade https://t.co/QzhgLRV4L3"
IDX00737,URL lead - news.stanford.edu,Projects Initiative,Projects Initiatives,https://news.stanford.edu/stories/2025/12/monolithic-3d-chip-foundry-breakthrough-ai,resource_registry_v0_2,1,,Resource Graph,raw,list with caveat,Auto-extracted URL lead from Twitter archive. Context: RT @rileybeans_: @DCinvestor Hopefully something like this can help solve the situation https://t.co/Bl9W0vE0Ll
IDX00738,URL lead - open.substack.com,Projects Initiative,Projects Initiatives,https://open.substack.com/pub/blockchaingov/p/the-blockchaingov-newsletter-28-december?r=2tiv4a&utm_campaign=post&utm_medium=web&showWelcomeOnShare=true,resource_registry_v0_2,1,,Resource Graph,raw,list with caveat,"Auto-extracted URL lead from Twitter archive. Context: RT @BlockchainGov: Our December Newsletter/2025 roundup is out. 💓📩💌

Read it here: https://t.co/SWfHAmBxBz https://t.co/SsdiTaNUCm"
IDX00739,URL lead - paragraph.com,Projects Initiative,Projects Initiatives,https://paragraph.com/@ecofrontiers/ecofrontiers-%E2%80%94-end-of-year-review-2025?referrer=0x864f2c20F55d7b6E80e65332C372C855a67be451,resource_registry_v0_2,1,,Resource Graph,raw,list with caveat,Auto-extracted URL lead from Twitter archive. Context: RT @ecofrontiers: 5/ read in more detail about our 2025 adventures: https://t.co/Uuifm8qO5z
IDX00740,URL lead - paragraph.com,Projects Initiative,Projects Initiatives,https://paragraph.com/@gaiaai/un?referrer=0xCDD8E3620a36251649Bc8feA4f94B58d3De7133D,resource_registry_v0_2,1,,Resource Graph,raw,list with caveat,Auto-extracted URL lead from Twitter archive. Context: RT @GaiaAIxyz: https://t.co/aM5CdS6ycs
IDX00741,URL lead - resilience.org,Organizations Network,Organizations Networks,https://www.resilience.org/stories/2026-02-03/when-infrastructure-falls-apart-living-systems-take-over/,resource_registry_v0_2,1,,Resource Graph,raw,list with caveat,"Auto-extracted URL lead from Twitter archive. Context: RT @gen_ukraine: When Infrastructure Falls Apart, Living Systems Take Over https://t.co/OWoade7kV3 #ecovillages"
IDX00742,URL lead - rifaisicilia.com,Projects Initiative,Projects Initiatives,http://www.rifaisicilia.com,resource_registry_v0_2,1,,Resource Graph,raw,list with caveat,Auto-extracted URL lead from Twitter archive. Context: RT @RifaiSicilia: Che figo! We now have a new website https://t.co/NtRx97kblH
IDX00743,URL lead - tokenomicsexplained.com,Projects Initiative,Projects Initiatives,https://tokenomicsexplained.com/economic-engine/,resource_registry_v0_2,1,,Resource Graph,raw,list with caveat,Auto-extracted URL lead from Twitter archive. Context: RT @LogrisTheBard: https://t.co/oGnGGAItoV
IDX00744,UZH Blockchain Center,Projects Initiative,Projects Initiatives,https://x.com/uzh_blockchain,resource_registry_v0_2,1,,Resource Graph,raw,list with caveat,"Auto-extracted account lead from Twitter archive. Counts are mention/retweet signals, not endorsement."
IDX00745,X Article lead - 2005590516369608704,Books Papers Articles Report,Books Papers Articles Reports,http://x.com/i/article/2005590516369608704,resource_registry_v0_2,1,,Resource Graph,raw,list with caveat,Auto-extracted URL lead from Twitter archive. Context: RT @SuhailKakar: https://t.co/TpoSxwCVKk
IDX00746,X Article lead - 2008156367496908800,Books Papers Articles Report,Books Papers Articles Reports,http://x.com/i/article/2008156367496908800,resource_registry_v0_2,1,,Resource Graph,raw,list with caveat,Auto-extracted URL lead from Twitter archive. Context: RT @ashebytes: https://t.co/yY7bQaIe6C
IDX00747,X Article lead - 2013008223658221568,Books Papers Articles Report,Books Papers Articles Reports,http://x.com/i/article/2013008223658221568,resource_registry_v0_2,1,,Resource Graph,raw,list with caveat,Auto-extracted URL lead from Twitter archive. Context: RT @saintniko: https://t.co/A5W8QRL8Si
IDX00748,X Article lead - 2021999683716231170,Books Papers Articles Report,Books Papers Articles Reports,http://x.com/i/article/2021999683716231170,resource_registry_v0_2,1,,Resource Graph,raw,list with caveat,Auto-extracted URL lead from Twitter archive. Context: RT @simile_ai: https://t.co/eKKz1ewGex
IDX00749,⿻ Audrey Tang 唐鳳,Projects Initiative,Projects Initiatives,https://x.com/audreyt,resource_registry_v0_2,3,,Resource Graph,raw,list with caveat,"Auto-extracted account lead from Twitter archive. Counts are mention/retweet signals, not endorsement."
IDX00750,Raw URL lead - bonfires.ai,Projects Initiative,Projects Initiatives,https://bonfires.ai,resource_registry_v0_2,2,,Resource Graph,raw,list with caveat,Preserved from uploaded documents/text. Context:
IDX00751,Raw URL lead - cognee.ai,Projects Initiative,Projects Initiatives,https://www.cognee.ai/,resource_registry_v0_2,1,,Resource Graph,raw,list with caveat,Preserved from uploaded documents/text. Context:
IDX00752,Raw URL lead - donellameadows.org,Books Papers Articles Report,Books Papers Articles Reports,https://donellameadows.org/systems-thinking-book-sale/,resource_registry_v0_2,1,,Resource Graph,raw,list with caveat,Preserved from uploaded documents/text. Context:
IDX00753,Raw URL lead - gaiaai.xyz,Projects Initiative,Projects Initiatives,https://gaiaai.xyz/,resource_registry_v0_2,2,,Resource Graph,raw,list with caveat,Preserved from uploaded documents/text. Context:
IDX00754,Raw URL lead - github.com,Repositories Codebase,Repositories Codebases,https://github.com/gaiaaiagent/greenpaper,resource_registry_v0_2,2,,Resource Graph,raw,list with caveat,Preserved from uploaded documents/text. Context:
IDX00755,Raw URL lead - info.vtaiwan.tw,Projects Initiative,Projects Initiatives,https://info.vtaiwan.tw/,resource_registry_v0_2,1,,Resource Graph,raw,list with caveat,Preserved from uploaded documents/text. Context:
IDX00756,Raw URL lead - langchain.com,Projects Initiative,Projects Initiatives,https://www.langchain.com/,resource_registry_v0_2,1,,Resource Graph,raw,list with caveat,Preserved from uploaded documents/text. Context:
IDX00757,Raw URL lead - llamaindex.ai,Projects Initiative,Projects Initiatives,https://www.llamaindex.ai/,resource_registry_v0_2,1,,Resource Graph,raw,list with caveat,Preserved from uploaded documents/text. Context:
IDX00758,Raw URL lead - opencode.ai,Projects Initiative,Projects Initiatives,https://opencode.ai/,resource_registry_v0_2,1,,Resource Graph,raw,list with caveat,Preserved from uploaded documents/text. Context:
IDX00759,Raw URL lead - pairwise.vote,Projects Initiative,Projects Initiatives,https://pairwise.vote/,resource_registry_v0_2,1,,Resource Graph,raw,list with caveat,Preserved from uploaded documents/text. Context:
IDX00760,Raw URL lead - pol.is,Projects Initiative,Projects Initiatives,https://pol.is/,resource_registry_v0_2,1,,Resource Graph,raw,list with caveat,Preserved from uploaded documents/text. Context:
IDX00761,Raw URL lead - railgun.org,Organizations Network,Organizations Networks,https://www.railgun.org/,resource_registry_v0_2,1,,Resource Graph,raw,list with caveat,Preserved from uploaded documents/text. Context:
IDX00762,Raw URL lead - reddit.com,Projects Initiative,Projects Initiatives,https://www.reddit.com/r/ethfinance/comments/1agwsik/daily_general_discussion_february_2_2024/kokzauy/,resource_registry_v0_2,2,,Resource Graph,raw,list with caveat,Preserved from uploaded documents/text. Context:
IDX00763,Raw URL lead - rkc.communitiesforfuture.org,Organizations Network,Organizations Networks,https://rkc.communitiesforfuture.org/index.php/Main_new,resource_registry_v0_2,2,,Resource Graph,raw,list with caveat,Preserved from uploaded documents/text. Context:
IDX00764,Raw URL lead - usebalaio.com,Projects Initiative,Projects Initiatives,https://www.usebalaio.com/,resource_registry_v0_2,1,,Resource Graph,raw,list with caveat,Preserved from uploaded documents/text. Context:
IDX00765,Raw URL lead - wisecubeai.github.io,Repositories Codebase,Repositories Codebases,https://wisecubeai.github.io/graphster/,resource_registry_v0_2,1,,Resource Graph,raw,list with caveat,Preserved from uploaded documents/text. Context:
IDX00766,Raw URL lead - x.com,Projects Initiative,Projects Initiatives,https://x.com/wor/status/2027277263113245103,resource_registry_v0_2,3,,Resource Graph,raw,list with caveat,Preserved from uploaded documents/text. Context: 206988816668 https://x.com/NetxState/status/2033280826847424631 https://x.com/UNDP_AltFinLab/status/2014338844657611138 https://x.com/wor/status/2027277263113245103 https://x.com/bonfiresai/status/2027556089139515888?s=20 https://x.com/geodelabs/status/2040163152722047193 https://x.c
IDX00767,Raw URL lead - youtube.com,Podcasts Media Show,Podcasts Media Shows,https://www.youtube.com/@Green_Pill_Podcast,resource_registry_v0_2,1,,Resource Graph,raw,list with caveat,Preserved from uploaded documents/text. Context: urce systems were identified. 7.1 GreenPill Podcast Links: https://podcasts.apple.com/us/podcast/greenpill/id1609313639 https://www.youtube.com/@Green_Pill_Podcast https://pod.link/1609313639 Current status: Apple Podcasts works and confirms show metadata. YouTube and pod.link did n
IDX00768,Plurality Institute,Concepts Frameworks Methodologie,Concepts Frameworks Methodologies,https://plurality.institute/,resource_registry_v0_2,,,Resource Graph,raw,list with caveat,"Added as a reviewable expansion lead; verify fit, URL, and priority before treating as curated."
IDX00769,Consul Democracy,Tools Protocols Platform,Tools Protocols Platforms,https://consuldemocracy.org/,resource_registry_v0_2,,,Resource Graph,raw,list with caveat,"Added as a reviewable expansion lead; verify fit, URL, and priority before treating as curated."
IDX00770,Decidim,Tools Protocols Platform,Tools Protocols Platforms,https://decidim.org/,resource_registry_v0_2,,,Resource Graph,raw,list with caveat,"Added as a reviewable expansion lead; verify fit, URL, and priority before treating as curated."
IDX00771,Polis,Tools Protocols Platform,Tools Protocols Platforms,https://pol.is/home,resource_registry_v0_2,,,Resource Graph,raw,list with caveat,"Added as a reviewable expansion lead; verify fit, URL, and priority before treating as curated."
IDX00772,Loomio,Tools Protocols Platform,Tools Protocols Platforms,https://www.loomio.com/,resource_registry_v0_2,,,Resource Graph,raw,list with caveat,"Added as a reviewable expansion lead; verify fit, URL, and priority before treating as curated."
IDX00773,Journal of Democracy,Projects Initiative,Projects Initiatives,https://x.com/JoDemocracy,resource_registry_v0_2,1,,Resource Graph,raw,list with caveat,"Auto-extracted account lead from Twitter archive. Counts are mention/retweet signals, not endorsement."
IDX00774,OpenCivics,Projects Initiative,Projects Initiatives,https://x.com/OpenCivics,resource_registry_v0_2,1,,Resource Graph,raw,list with caveat,"Auto-extracted account lead from Twitter archive. Counts are mention/retweet signals, not endorsement."
IDX00775,Raw URL lead - consuldemocracy.org,Organizations Network,Organizations Networks,https://consuldemocracy.org/,resource_registry_v0_2,1,,Resource Graph,raw,list with caveat,Preserved from uploaded documents/text. Context:
IDX00776,Raw URL lead - decidim.org,Organizations Network,Organizations Networks,https://decidim.org/,resource_registry_v0_2,1,,Resource Graph,raw,list with caveat,Preserved from uploaded documents/text. Context:
IDX00777,Raw URL lead - opencivics.co,Projects Initiative,Projects Initiatives,https://opencivics.co/,resource_registry_v0_2,2,,Resource Graph,raw,list with caveat,Preserved from uploaded documents/text. Context:
IDX00778,Raw URL lead - opencivics.notion.site,Projects Initiative,Projects Initiatives,https://opencivics.notion.site/movement-building-strategy,resource_registry_v0_2,2,,Resource Graph,raw,list with caveat,Preserved from uploaded documents/text. Context:
IDX00779,Raw URL lead - swarm01.opencivics.co,Projects Initiative,Projects Initiatives,https://swarm01.opencivics.co/,resource_registry_v0_2,2,,Resource Graph,raw,list with caveat,Preserved from uploaded documents/text. Context:
IDX00780,Ethereum Localism,Organizations Network,Organizations Networks,https://www.ethereumlocalism.xyz/,resource_registry_v0_2,,,Resource Graph,raw,list with caveat,
IDX00781,Open Civics,Organizations Network,Organizations Networks,https://opencivics.com/,resource_registry_v0_2,,,Resource Graph,raw,list with caveat,
IDX00782,SuperBenefit DAO,Organizations Network,Organizations Networks,https://superbenefit.org/,resource_registry_v0_2,,,Resource Graph,raw,list with caveat,
IDX00783,Collaborative Finance,Events Conferences Gathering,Events Conferences Gatherings,https://collaborative-finance.net/,resource_registry_v0_2,,,Resource Graph,raw,list with caveat,
IDX00784,Crypto Commons Gathering,Events Conferences Gathering,Events Conferences Gatherings,https://cryptocommonsgather.ing/,resource_registry_v0_2,,,Resource Graph,raw,list with caveat,
IDX00785,Edge City,Events Conferences Gathering,Events Conferences Gatherings,https://www.edgecity.live/,resource_registry_v0_2,,,Resource Graph,raw,list with caveat,
IDX00786,Hubs Network,Organizations Network,Organizations Networks,https://www.hubsnetwork.org/,resource_registry_v0_2,,,Resource Graph,raw,list with caveat,
IDX00787,Logos,Organizations Network,Organizations Networks,https://logos.co/,resource_registry_v0_2,,,Resource Graph,raw,list with caveat,
IDX00788,Network Nations,Organizations Network,Organizations Networks,https://networknations.network/,resource_registry_v0_2,,,Resource Graph,raw,list with caveat,
IDX00789,NetX State,Podcasts Media Show,Podcasts Media Shows,https://netxstate.substack.com/,resource_registry_v0_2,,,Resource Graph,raw,list with caveat,
IDX00790,Symbiota Coop,Organizations Network,Organizations Networks,https://symbiota.coop/,resource_registry_v0_2,,,Resource Graph,raw,list with caveat,
IDX00791,Valley of the Commons,Events Conferences Gathering,Events Conferences Gatherings,https://www.valleyofthecommons.com/,resource_registry_v0_2,,,Resource Graph,raw,list with caveat,
IDX00792,Zuzalu,Events Conferences Gathering,Events Conferences Gatherings,https://zuzalu.city/,resource_registry_v0_2,,,Resource Graph,raw,list with caveat,
IDX00793,Network Nations X / source,Organizations Network,Organizations Networks,https://x.com/NetxState/status/2033280826847424631,resource_registry_v0_2,,,Resource Graph,raw,list with caveat,
IDX00794,UNDP AltFinLab,Organizations Network,Organizations Networks,https://x.com/UNDP_AltFinLab/status/2014338844657611138,resource_registry_v0_2,,,Resource Graph,raw,list with caveat,
IDX00795,City Sync,Organizations Network,Organizations Networks,https://x.com/city_sync_,resource_registry_v0_2,,,Resource Graph,raw,list with caveat,
IDX00796,Del Nodo Aislado al Micelio,Books Papers Articles Report,Books Papers Articles Reports,https://netxstate.substack.com/p/del-nodo-aislado-al-micelio,resource_registry_v0_2,,,Resource Graph,raw,list with caveat,
IDX00797,GeoDe Labs,Tools Protocols Platform,Tools Protocols Platforms,https://x.com/geodelabs/status/2040163152722047193,resource_registry_v0_2,,,Resource Graph,raw,list with caveat,
IDX00798,Network Nations Garden,Organizations Network,Organizations Networks,https://nna-garden.pages.dev/,resource_registry_v0_2,,,Resource Graph,raw,list with caveat,
IDX00799,Startup States,Organizations Network,Organizations Networks,https://www.startupstates.swiss/,resource_registry_v0_2,,,Resource Graph,raw,list with caveat,
IDX00800,Utopia Map,Datasets Maps Directorie,Datasets Maps Directories,Raw / no canonical link,resource_registry_v0_2,,,Resource Graph,raw,list with caveat,
IDX00801,Bloom Network,Events Conferences Gathering,Events Conferences Gatherings,https://bloomnetwork.org/,resource_registry_v0_2,,,Resource Graph,raw,list with caveat,"Added as a reviewable expansion lead; verify fit, URL, and priority before treating as curated."
IDX00802,Greenpill Books,Books Papers Articles Report,Books Papers Articles Reports,https://greenpill.network/books,resource_registry_v0_2,,,Resource Graph,raw,list with caveat,"Added as a reviewable expansion lead; verify fit, URL, and priority before treating as curated."
IDX00803,OpenCivics,Events Conferences Gathering,Events Conferences Gatherings,https://opencivics.co/,resource_registry_v0_2,,,Resource Graph,raw,list with caveat,"Added as a reviewable expansion lead; verify fit, URL, and priority before treating as curated."
IDX00804,ReFi DAO,Events Conferences Gathering,Events Conferences Gatherings,https://www.refidao.com/,resource_registry_v0_2,,,Resource Graph,raw,list with caveat,"Added as a reviewable expansion lead; verify fit, URL, and priority before treating as curated."
IDX00805,Crypto Altruists Web3 Impact Toolkit,Podcasts Media Show,Podcasts Media Shows,https://cryptoaltruism.org/,resource_registry_v0_2,,,Resource Graph,raw,list with caveat,"Added as a reviewable expansion lead; verify fit, URL, and priority before treating as curated."
IDX00806,Ethereum Localism Registry,Events Conferences Gathering,Events Conferences Gatherings,https://www.ethereumlocalism.xyz/knowledge-garden/resources/Ethereum-Localism-Registry,resource_registry_v0_2,,,Resource Graph,raw,list with caveat,"Added as a reviewable expansion lead; verify fit, URL, and priority before treating as curated."
IDX00807,_gabrielShapir0,Tools Protocols Platform,Tools Protocols Platforms,https://x.com/lex_node,resource_registry_v0_2,1,,Resource Graph,raw,list with caveat,"Auto-extracted account lead from Twitter archive. Counts are mention/retweet signals, not endorsement."
IDX00808,Bloom Network,Events Conferences Gathering,Events Conferences Gatherings,https://x.com/OurBloomNetwork,resource_registry_v0_2,6,,Resource Graph,raw,list with caveat,"Auto-extracted account lead from Twitter archive. Counts are mention/retweet signals, not endorsement."
IDX00809,Edge City,Events Conferences Gathering,Events Conferences Gatherings,https://x.com/JoinEdgeCity,resource_registry_v0_2,23,,Resource Graph,raw,list with caveat,"Auto-extracted account lead from Twitter archive. Counts are mention/retweet signals, not endorsement."
IDX00810,Eugene Leventhal,Events Conferences Gathering,Events Conferences Gatherings,https://x.com/bbeats1,resource_registry_v0_2,5,,Resource Graph,raw,list with caveat,"Auto-extracted account lead from Twitter archive. Counts are mention/retweet signals, not endorsement."
IDX00811,Green Pill Cote d'ivoire,Events Conferences Gathering,Events Conferences Gatherings,https://x.com/greenpillciv,resource_registry_v0_2,1,,Resource Graph,raw,list with caveat,"Auto-extracted account lead from Twitter archive. Counts are mention/retweet signals, not endorsement."
IDX00812,Greenpill Brasil,Events Conferences Gathering,Events Conferences Gatherings,https://x.com/greenpillbrasil,resource_registry_v0_2,2,,Resource Graph,raw,list with caveat,"Auto-extracted account lead from Twitter archive. Counts are mention/retweet signals, not endorsement."
IDX00813,Greenpill Dev Guild,Events Conferences Gathering,Events Conferences Gatherings,https://x.com/greenpilldevs,resource_registry_v0_2,18,,Resource Graph,raw,list with caveat,"Auto-extracted account lead from Twitter archive. Counts are mention/retweet signals, not endorsement."
IDX00814,Greenpill Kenya,Events Conferences Gathering,Events Conferences Gatherings,https://x.com/GreenpillKenya,resource_registry_v0_2,1,,Resource Graph,raw,list with caveat,"Auto-extracted account lead from Twitter archive. Counts are mention/retweet signals, not endorsement."
IDX00815,Greenpill Nigeria,Events Conferences Gathering,Events Conferences Gatherings,https://x.com/Greenpill9ja,resource_registry_v0_2,2,,Resource Graph,raw,list with caveat,"Auto-extracted account lead from Twitter archive. Counts are mention/retweet signals, not endorsement."
IDX00816,Greenpill NYC,Events Conferences Gathering,Events Conferences Gatherings,https://x.com/greenpillnyc,resource_registry_v0_2,1,,Resource Graph,raw,list with caveat,"Auto-extracted account lead from Twitter archive. Counts are mention/retweet signals, not endorsement."
IDX00817,GreenPill Phangan,Events Conferences Gathering,Events Conferences Gatherings,https://x.com/GreenPillKPG,resource_registry_v0_2,1,,Resource Graph,raw,list with caveat,"Auto-extracted account lead from Twitter archive. Counts are mention/retweet signals, not endorsement."
IDX00818,Greenpill Writers Guild,Events Conferences Gathering,Events Conferences Gatherings,https://x.com/GreenpillWrites,resource_registry_v0_2,3,,Resource Graph,raw,list with caveat,"Auto-extracted account lead from Twitter archive. Counts are mention/retweet signals, not endorsement."
IDX00819,GreenPill- TO,Events Conferences Gathering,Events Conferences Gatherings,https://x.com/GreenPillTO,resource_registry_v0_2,1,,Resource Graph,raw,list with caveat,"Auto-extracted account lead from Twitter archive. Counts are mention/retweet signals, not endorsement."
IDX00820,greenpill.network,Events Conferences Gathering,Events Conferences Gatherings,https://x.com/greenpillnet,resource_registry_v0_2,9,,Resource Graph,raw,list with caveat,"Auto-extracted account lead from Twitter archive. Counts are mention/retweet signals, not endorsement."
IDX00821,Launchnodes,Events Conferences Gathering,Events Conferences Gatherings,https://x.com/launchnodes,resource_registry_v0_2,1,,Resource Graph,raw,list with caveat,"Auto-extracted account lead from Twitter archive. Counts are mention/retweet signals, not endorsement."
IDX00822,previous handle of the Greenpill Dev Guild,Events Conferences Gathering,Events Conferences Gatherings,https://x.com/gp_dev_guild,resource_registry_v0_2,1,,Resource Graph,raw,list with caveat,"Auto-extracted account lead from Twitter archive. Counts are mention/retweet signals, not endorsement."
IDX00823,TAS HUBS,Events Conferences Gathering,Events Conferences Gatherings,https://x.com/techandsunhub,resource_registry_v0_2,2,,Resource Graph,raw,list with caveat,"Auto-extracted account lead from Twitter archive. Counts are mention/retweet signals, not endorsement."
IDX00824,URL lead - coglib.no,Events Conferences Gathering,Events Conferences Gatherings,https://coglib.no/documents/public-education.pdf,resource_registry_v0_2,1,,Resource Graph,raw,list with caveat,"Auto-extracted URL lead from Twitter archive. Context: RT @exeuntdoteth: Cognitive sovereignty, watch this space.. 

@CognitiveLbty 

https://t.co/D9GqrGd7MN"
IDX00825,URL lead - open.substack.com,Events Conferences Gathering,Events Conferences Gatherings,https://open.substack.com/pub/gospelofchange/p/hard-power-a-field-guide-for-community,resource_registry_v0_2,1,,Resource Graph,raw,list with caveat,"Auto-extracted URL lead from Twitter archive. Context: RT @gospelofchange: New drop on the ethical use of exclusion in communities 

https://t.co/2A8XXzEw8y"
IDX00826,URL lead - paragraph.com,Events Conferences Gathering,Events Conferences Gatherings,https://paragraph.com/@greenpilldevguild/green-goods-simplifying-impact-capture-and-exchange,resource_registry_v0_2,1,,Resource Graph,raw,list with caveat,"Auto-extracted URL lead from Twitter archive. Context: RT @greenpilldevs: Part 5 🧑‍🌾 Green Goods - Simplifying Impact Capture and Exchange

🔗 https://t.co/XJlZ8XGJUO

Green Goods is built on the…"
IDX00827,URL lead - traditionaldreamfactory.com,Events Conferences Gathering,Events Conferences Gatherings,https://www.traditionaldreamfactory.com//blog/2025-07-07-digital-nomads-in-portugal-finding-comm,resource_registry_v0_2,1,,Resource Graph,raw,list with caveat,Auto-extracted URL lead from Twitter archive. Context: RT @tdfinyourdreams: Digital Nomads in Portugal: Finding Community Beyond Co-Working https://t.co/vBigfGqIb5
IDX00828,X Article lead - 2013342181013229568,Books Papers Articles Report,Books Papers Articles Reports,http://x.com/i/article/2013342181013229568,resource_registry_v0_2,1,,Resource Graph,raw,list with caveat,Auto-extracted URL lead from Twitter archive. Context: RT @greenpilldevs: https://t.co/hekksTUazZ
IDX00829,X Space lead - 1lDxLBVOPomGm,Podcasts Media Show,Podcasts Media Shows,https://x.com/i/spaces/1lDxLBVOPomGm,resource_registry_v0_2,1,,Resource Graph,raw,list with caveat,"Auto-extracted URL lead from Twitter archive. Context: RT @OSObserver: Today's OSO reading group will cover the a16z State of Crypto 2025 report! 

Set your reminder: https://t.co/tO4kptDrs6

Or…"
IDX00830,X Space lead - 1mnGeNDEZnLJX,Podcasts Media Show,Podcasts Media Shows,https://x.com/i/spaces/1mnGeNDEZnLJX,resource_registry_v0_2,1,,Resource Graph,raw,list with caveat,Auto-extracted URL lead from Twitter archive. Context: RT @OSObserver: https://t.co/btjzIZ1swv
IDX00831,X Space lead - 1YpKkkpEwZdKj,Podcasts Media Show,Podcasts Media Shows,https://x.com/i/spaces/1YpKkkpEwZdKj,resource_registry_v0_2,1,,Resource Graph,raw,list with caveat,Auto-extracted URL lead from Twitter archive. Context: RT @OSObserver: https://t.co/Hh4dGXN8d3
IDX00832,X Space lead - 1yxBeMMjgzMJN,Podcasts Media Show,Podcasts Media Shows,https://x.com/i/spaces/1yxBeMMjgzMJN,resource_registry_v0_2,1,,Resource Graph,raw,list with caveat,Auto-extracted URL lead from Twitter archive. Context: RT @OSObserver: https://t.co/LK8wFmdV2V
IDX00833,Raw URL lead - openteam.community,Events Conferences Gathering,Events Conferences Gatherings,https://openteam.community/,resource_registry_v0_2,1,,Resource Graph,raw,list with caveat,Preserved from uploaded documents/text. Context:
IDX00834,Beyond Funding: Web3's Real Coordination Crisis and the Paradoxes We're Ignoring,Books Papers Articles Report,Books Papers Articles Reports,https://paragraph.com/@holonic-horizons/beyond-funding-web3s-real-coordination-crisis-and-the-paradoxes-were-ignoring,resource_registry_v0_2,,,Resource Graph,raw,list with caveat,
IDX00835,Coordination is Hard,Books Papers Articles Report,Books Papers Articles Reports,https://vitalik.ca/general/2021/03/23/coordination.html,resource_registry_v0_2,,,Resource Graph,raw,list with caveat,
IDX00836,Governance Beyond Game Theory,Books Papers Articles Report,Books Papers Articles Reports,https://paragraph.com/@holonic-horizons/governance-beyond-game-theory,resource_registry_v0_2,,,Resource Graph,raw,list with caveat,
IDX00837,Governing the Commons,Books Papers Articles Report,Books Papers Articles Reports,https://www.cambridge.org/core/books/governing-the-commons/7AB7AE11BADA84409C34815CC288CD79,resource_registry_v0_2,,,Resource Graph,raw,list with caveat,
IDX00838,Holonic Horizons,Organizations Network,Organizations Networks,https://paragraph.com/@holonic-horizons,resource_registry_v0_2,,,Resource Graph,raw,list with caveat,
IDX00839,Metagov,Organizations Network,Organizations Networks,https://metagov.org/,resource_registry_v0_2,,,Resource Graph,raw,list with caveat,
IDX00840,Platform Cooperativism Consortium,Tools Protocols Platform,Tools Protocols Platforms,https://platform.coop/,resource_registry_v0_2,,,Resource Graph,raw,list with caveat,
IDX00841,Plurality,Books Papers Articles Report,Books Papers Articles Reports,https://www.plurality.net/,resource_registry_v0_2,,,Resource Graph,raw,list with caveat,
IDX00842,Radical Markets,Books Papers Articles Report,Books Papers Articles Reports,https://press.princeton.edu/books/hardcover/9780691177502/radical-markets,resource_registry_v0_2,,,Resource Graph,raw,list with caveat,
IDX00843,Sociocracy 3.0,Concepts Frameworks Methodologie,Concepts Frameworks Methodologies,https://sociocracy30.org/,resource_registry_v0_2,,,Resource Graph,raw,list with caveat,
IDX00844,"The Social Architecture Series, Part 1: The Foundations Of Sustainable Organizations",Books Papers Articles Report,Books Papers Articles Reports,https://paragraph.com/@holonic-horizons/social-architecture-series-part1-the-foundations-of-sustainable-organizations-four-batteries,resource_registry_v0_2,,,Resource Graph,raw,list with caveat,
IDX00845,Understanding Institutional Diversity,Books Papers Articles Report,Books Papers Articles Reports,https://press.princeton.edu/books/paperback/9780691122380/understanding-institutional-diversity,resource_registry_v0_2,,,Resource Graph,raw,list with caveat,
IDX00846,What Lives Beneath the Mechanism,Books Papers Articles Report,Books Papers Articles Reports,https://paragraph.com/@holonic-horizons/what-lives-beneath-the-mechanism-the-social-architecture-of-governance,resource_registry_v0_2,,,Resource Graph,raw,list with caveat,
IDX00847,Why Your DAO's Real Problem Isn't Low Voter Turnout,Books Papers Articles Report,Books Papers Articles Reports,https://paragraph.com/@holonic-horizons/why-your-daos-real-problem-isnt-low-voter-turnout,resource_registry_v0_2,,,Resource Graph,raw,list with caveat,
IDX00848,Commons Stack,Concepts Frameworks Methodologie,Concepts Frameworks Methodologies,https://www.commonsstack.org/,resource_registry_v0_2,,,Resource Graph,raw,list with caveat,
IDX00849,Crypto Commons Association,Concepts Frameworks Methodologie,Concepts Frameworks Methodologies,https://www.crypto-commons.org/,resource_registry_v0_2,,,Resource Graph,raw,list with caveat,
IDX00850,"Exit, Voice, and Loyalty",Books Papers Articles Report,Books Papers Articles Reports,https://www.hup.harvard.edu/books/9780674276604,resource_registry_v0_2,,,Resource Graph,raw,list with caveat,
IDX00851,Govbase,Organizations Network,Organizations Networks,https://govbase.io/,resource_registry_v0_2,,,Resource Graph,raw,list with caveat,
IDX00852,Governance Accelerationism,Organizations Network,Organizations Networks,https://gov-acc.metagov.org/,resource_registry_v0_2,,,Resource Graph,raw,list with caveat,
IDX00853,Protocolized,Books Papers Articles Report,Books Papers Articles Reports,https://www.hup.harvard.edu/books/9780674259393,resource_registry_v0_2,,,Resource Graph,raw,list with caveat,
IDX00854,Reinventing Organizations,Books Papers Articles Report,Books Papers Articles Reports,https://reinventingorganizations.com/,resource_registry_v0_2,,,Resource Graph,raw,list with caveat,
IDX00855,Steward Ownership,Concepts Frameworks Methodologie,Concepts Frameworks Methodologies,https://purpose-economy.org/en/,resource_registry_v0_2,,,Resource Graph,raw,list with caveat,
IDX00856,The Hidden Architecture of Human Systems: How Complexity Organizes Itself Through Tensegrity,Books Papers Articles Report,Books Papers Articles Reports,https://paragraph.com/@holonic-horizons/the-hidden-architecture-of-human-systems-how-complexity-organizes-itself-through-tensegrity,resource_registry_v0_2,,,Resource Graph,raw,list with caveat,
IDX00857,The Stallman Paradox: How Web3 Became the Ultimate Open Source Theater,Books Papers Articles Report,Books Papers Articles Reports,https://paragraph.com/@holonic-horizons/the-stallman-paradox-how-web3-became-the-ultimate-open-source-theater,resource_registry_v0_2,,,Resource Graph,raw,list with caveat,
IDX00858,Creative Commons,Tools Protocols Platform,Tools Protocols Platforms,https://creativecommons.org/,resource_registry_v0_2,,,Resource Graph,raw,list with caveat,
IDX00859,DAO Improvement Proposals,Organizations Network,Organizations Networks,https://daostar.org/,resource_registry_v0_2,,,Resource Graph,raw,list with caveat,
IDX00860,DAOstar,Organizations Network,Organizations Networks,https://daostar.org/,resource_registry_v0_2,,,Resource Graph,raw,list with caveat,
IDX00861,Metagov GitHub,Repositories Codebase,Repositories Codebases,https://github.com/metagov,resource_registry_v0_2,,,Resource Graph,raw,list with caveat,
IDX00862,Open Collective,Organizations Network,Organizations Networks,https://opencollective.com/,resource_registry_v0_2,,,Resource Graph,raw,list with caveat,
IDX00863,Open Data Commons,Concepts Frameworks Methodologie,Concepts Frameworks Methodologies,https://opendatacommons.org/,resource_registry_v0_2,,,Resource Graph,raw,list with caveat,
IDX00864,Coordination Structural Integrity Suite,Tools Protocols Platform,Tools Protocols Platforms,https://github.com/coordination-structural-integrity-suite/suite,resource_registry_v0_2,,,Resource Graph,raw,list with caveat,
IDX00865,Gravity DAO Standards,Organizations Network,Organizations Networks,https://github.com/durgadasji/standards,resource_registry_v0_2,,,Resource Graph,raw,list with caveat,
IDX00866,Many-to-Many Systems,Organizations Network,Organizations Networks,https://www.manytomany.systems/,resource_registry_v0_2,,,Resource Graph,raw,list with caveat,
IDX00867,Regen Commons,Concepts Frameworks Methodologie,Concepts Frameworks Methodologies,https://regencommons.com/,resource_registry_v0_2,,,Resource Graph,raw,list with caveat,
IDX00868,AgroforestDAO,Datasets Maps Directorie,Datasets Maps Directories,https://x.com/agroforestDAO,resource_registry_v0_2,4,,Resource Graph,raw,list with caveat,"Auto-extracted account lead from Twitter archive. Counts are mention/retweet signals, not endorsement."
IDX00869,Climate Coordination Network,Organizations Network,Organizations Networks,https://x.com/climate_program,resource_registry_v0_2,1,,Resource Graph,raw,list with caveat,"Auto-extracted account lead from Twitter archive. Counts are mention/retweet signals, not endorsement."
IDX00870,DAOstar,Organizations Network,Organizations Networks,https://x.com/DAOstar_One,resource_registry_v0_2,2,,Resource Graph,raw,list with caveat,"Auto-extracted account lead from Twitter archive. Counts are mention/retweet signals, not endorsement."
IDX00871,David Dao,Organizations Network,Organizations Networks,https://x.com/dwddao,resource_registry_v0_2,3,,Resource Graph,raw,list with caveat,"Auto-extracted account lead from Twitter archive. Counts are mention/retweet signals, not endorsement."
IDX00872,durgadas.eth,Organizations Network,Organizations Networks,https://x.com/durgadasjii,resource_registry_v0_2,22,,Resource Graph,raw,list with caveat,"Auto-extracted account lead from Twitter archive. Counts are mention/retweet signals, not endorsement."
IDX00873,Earthist 🌱,Organizations Network,Organizations Networks,https://x.com/earthistdao,resource_registry_v0_2,1,,Resource Graph,raw,list with caveat,"Auto-extracted account lead from Twitter archive. Counts are mention/retweet signals, not endorsement."
IDX00874,Endaoment,Organizations Network,Organizations Networks,https://x.com/endaomentdotorg,resource_registry_v0_2,2,,Resource Graph,raw,list with caveat,"Auto-extracted account lead from Twitter archive. Counts are mention/retweet signals, not endorsement."
IDX00875,ethPandaOps,Organizations Network,Organizations Networks,https://x.com/ethPandaOps,resource_registry_v0_2,2,,Resource Graph,raw,list with caveat,"Auto-extracted account lead from Twitter archive. Counts are mention/retweet signals, not endorsement."
IDX00876,GraceDAO,Organizations Network,Organizations Networks,https://x.com/GraceRachmany,resource_registry_v0_2,1,,Resource Graph,raw,list with caveat,"Auto-extracted account lead from Twitter archive. Counts are mention/retweet signals, not endorsement."
IDX00877,Klima Protocol,Tools Protocols Platform,Tools Protocols Platforms,https://x.com/KlimaDAO,resource_registry_v0_2,4,,Resource Graph,raw,list with caveat,"Auto-extracted account lead from Twitter archive. Counts are mention/retweet signals, not endorsement."
IDX00878,MesoReef DAO 🌊🪸🐠✨,Organizations Network,Organizations Networks,https://x.com/MesoReefDAO,resource_registry_v0_2,1,,Resource Graph,raw,list with caveat,"Auto-extracted account lead from Twitter archive. Counts are mention/retweet signals, not endorsement."
IDX00879,Metagov,Organizations Network,Organizations Networks,https://x.com/metagov_project,resource_registry_v0_2,5,,Resource Graph,raw,list with caveat,"Auto-extracted account lead from Twitter archive. Counts are mention/retweet signals, not endorsement."
IDX00880,Mike | Abundance,Organizations Network,Organizations Networks,https://x.com/Abundance_DAO,resource_registry_v0_2,7,,Resource Graph,raw,list with caveat,"Auto-extracted account lead from Twitter archive. Counts are mention/retweet signals, not endorsement."
IDX00881,Molecule,Organizations Network,Organizations Networks,https://x.com/molecule_dao,resource_registry_v0_2,1,,Resource Graph,raw,list with caveat,"Auto-extracted account lead from Twitter archive. Counts are mention/retweet signals, not endorsement."
IDX00882,Nouns.eth,Organizations Network,Organizations Networks,https://x.com/nounsdao,resource_registry_v0_2,1,,Resource Graph,raw,list with caveat,"Auto-extracted account lead from Twitter archive. Counts are mention/retweet signals, not endorsement."
IDX00883,Obol,Organizations Network,Organizations Networks,https://x.com/Obol_Collective,resource_registry_v0_2,6,,Resource Graph,raw,list with caveat,"Auto-extracted account lead from Twitter archive. Counts are mention/retweet signals, not endorsement."
IDX00884,OmniacsDAO,Organizations Network,Organizations Networks,https://x.com/OmniacsDAO,resource_registry_v0_2,1,,Resource Graph,raw,list with caveat,"Auto-extracted account lead from Twitter archive. Counts are mention/retweet signals, not endorsement."
IDX00885,Plurality.Institute,Concepts Frameworks Methodologie,Concepts Frameworks Methodologies,https://x.com/PluralityInst,resource_registry_v0_2,32,,Resource Graph,raw,list with caveat,"Auto-extracted account lead from Twitter archive. Counts are mention/retweet signals, not endorsement."
IDX00886,PLURALITY日本語版 公式,Concepts Frameworks Methodologie,Concepts Frameworks Methodologies,https://x.com/plurality_book,resource_registry_v0_2,1,,Resource Graph,raw,list with caveat,"Auto-extracted account lead from Twitter archive. Counts are mention/retweet signals, not endorsement."
IDX00887,ReFi DAO 🪩,Organizations Network,Organizations Networks,https://x.com/ReFiDAOist,resource_registry_v0_2,1,,Resource Graph,raw,list with caveat,"Auto-extracted account lead from Twitter archive. Counts are mention/retweet signals, not endorsement."
IDX00888,Regen Coordination,Organizations Network,Organizations Networks,https://x.com/RegenCoordinate,resource_registry_v0_2,7,,Resource Graph,raw,list with caveat,"Auto-extracted account lead from Twitter archive. Counts are mention/retweet signals, not endorsement."
IDX00889,RnD Ventures (Prev RnDAO),Organizations Network,Organizations Networks,https://x.com/RnDAO__,resource_registry_v0_2,4,,Resource Graph,raw,list with caveat,"Auto-extracted account lead from Twitter archive. Counts are mention/retweet signals, not endorsement."
IDX00890,thedao.fund,Organizations Network,Organizations Networks,https://x.com/thedaofund,resource_registry_v0_2,5,,Resource Graph,raw,list with caveat,"Auto-extracted account lead from Twitter archive. Counts are mention/retweet signals, not endorsement."
IDX00891,URL lead - abundances.substack.com,Organizations Network,Organizations Networks,https://abundances.substack.com/?r=dgwxu&utm_campaign=referrals-subscribe-page-share-screen&utm_medium=web,resource_registry_v0_2,1,,Resource Graph,raw,list with caveat,Auto-extracted URL lead from Twitter archive. Context: RT @durgadasjii: Subscribe to New Economic Revolution https://t.co/0BJk7FqPKZ
IDX00892,URL lead - artofassociation.substack.com,Organizations Network,Organizations Networks,https://artofassociation.substack.com/p/practicing-pluralisma-conversation,resource_registry_v0_2,1,,Resource Graph,raw,list with caveat,"Auto-extracted URL lead from Twitter archive. Context: RT @PluralityInst: Practicing Pluralism - A Conversation with Brian Hooks of @StandTogether 
https://t.co/Ufn7f5bKrD"
IDX00893,URL lead - blog.obol.org,Organizations Network,Organizations Networks,https://blog.obol.org/squad-staking-in-csm-v2-more-nodes-less-risk-higher-yield/,resource_registry_v0_2,1,,Resource Graph,raw,list with caveat,"Auto-extracted URL lead from Twitter archive. Context: RT @Obol_Collective: Learn more about how to squad stake in CSM v2 via our blog ⏬
https://t.co/4TKfJuHWmy"
IDX00894,URL lead - bookpower-website.netlify.app,Books Papers Articles Report,Books Papers Articles Reports,https://bookpower-website.netlify.app/,resource_registry_v0_2,1,,Resource Graph,raw,list with caveat,Auto-extracted URL lead from Twitter archive. Context: RT @durgadasjii: https://t.co/YUbnsJdL0d This is a really cool idea
IDX00895,URL lead - carboncopy.news,Tools Protocols Platform,Tools Protocols Platforms,https://carboncopy.news/content/web3-tooling-series/the-data,resource_registry_v0_2,1,,Resource Graph,raw,list with caveat,"Auto-extracted URL lead from Twitter archive. Context: The first article in the series is live.

This piece highlights patterns in the survey — from the ineffectiveness of web3 governance tools for local contexts to the redundancy of impact reporting tools, and more.

Have a good read.

https://t.co/XfBDNJKYrV https://t.co/5DCvYTJRvK"
IDX00896,URL lead - datasociety.net,Organizations Network,Organizations Networks,https://datasociety.net/points/building-civic-strength-for-an-ai-era/,resource_registry_v0_2,1,,Resource Graph,raw,list with caveat,"Auto-extracted URL lead from Twitter archive. Context: RT @PluralityInst: Reframing Our Relationship to Technology Building Civic Strength For an AI Era by by @datasociety
https://t.co/eGtGiXfRuS"
IDX00897,URL lead - demnext.org,Organizations Network,Organizations Networks,https://www.demnext.org/projects/scaling-democratic-innovations,resource_registry_v0_2,1,,Resource Graph,raw,list with caveat,Auto-extracted URL lead from Twitter archive. Context: RT @PluralityInst: Scaling Democratic Innovations: Features of Effective Catalyst Organisations &amp; Future Frontiers https://t.co/ihR5QOzoov
IDX00898,URL lead - discord.gg,Organizations Network,Organizations Networks,https://discord.gg/greenpill,resource_registry_v0_2,1,,Resource Graph,raw,list with caveat,"Auto-extracted URL lead from Twitter archive. Context: Greenpill is growing. Not just in size—but in clarity, creativity, and coordination.

Check out the full Q1 2025 newsletter 🌞https://t.co/CzXiLTZf61

Make sure to collect! 📗

Want to plug in? Join us on Discord (https://t.co/FZqQIXZ216) or Telegram (https://t.co/phAeTHs70R)!"
IDX00899,URL lead - forum.celo.org,Organizations Network,Organizations Networks,https://forum.celo.org/t/introducing-clc-dao-credit-routing-for-the-long-tail-of-real-world-commitments-on-celo/12910,resource_registry_v0_2,1,,Resource Graph,raw,list with caveat,"Auto-extracted URL lead from Twitter archive. Context: RT @wor: 👁️The beginning of something profound. 

Read more: https://t.co/rh1r7ObjkH

dm for details."
IDX00900,URL lead - github.com,Repositories Codebase,Repositories Codebases,https://github.com/coordination-structural-integrity-suite/suite,resource_registry_v0_2,1,,Resource Graph,raw,list with caveat,Auto-extracted URL lead from Twitter archive. Context: RT @durgadasjii: https://t.co/hvMKmJa6mh I worked on these during the weekend. Now with an AI helper to help you make sense of them and app…
IDX00901,URL lead - github.com,Repositories Codebase,Repositories Codebases,https://github.com/durgadasji/standards,resource_registry_v0_2,1,,Resource Graph,raw,list with caveat,"Auto-extracted URL lead from Twitter archive. Context: RT @durgadasjii: https://t.co/lpaa8d8iER My version 2.0 release of these standards. If you want a better approach to your organization, you…"
IDX00902,URL lead - innovators-thegoodshift.medium.com,Organizations Network,Organizations Networks,https://innovators-thegoodshift.medium.com/the-quiet-roots-of-flourishing-why-participation-matters-2b007f62d1ea,resource_registry_v0_2,1,,Resource Graph,raw,list with caveat,Auto-extracted URL lead from Twitter archive. Context: RT @PluralityInst: The Quiet Roots of Flourishing: Why Participation Matters https://t.co/cnZXBXQJ4V
IDX00903,URL lead - link.springer.com,Organizations Network,Organizations Networks,https://link.springer.com/article/10.1007/s11077-024-09563-4,resource_registry_v0_2,1,,Resource Graph,raw,list with caveat,"Auto-extracted URL lead from Twitter archive. Context: RT @PluralityInst: Theorizing the functions and patterns of agency in the policymaking process 

Article: https://t.co/cph8mKA0a5"
IDX00904,URL lead - link.springer.com,Organizations Network,Organizations Networks,https://link.springer.com/article/10.1007/s00146-026-02852-x,resource_registry_v0_2,1,,Resource Graph,raw,list with caveat,"Auto-extracted URL lead from Twitter archive. Context: RT @PluralityInst: Of the people, by the algorithm: how AI transforms the role of democratic representatives? https://t.co/D1Xfy6uWlb"
IDX00905,URL lead - medium.com,Organizations Network,Organizations Networks,https://medium.com/primedao/exploring-dao2dao-collaboration-mechanisms-c37218a17a21,resource_registry_v0_2,1,,Resource Graph,raw,list with caveat,Auto-extracted URL lead from Twitter archive. Context: RT @regenavocado: Good time to resuscitate B2B bioregion to bioregion  cooperation.  https://t.co/71zM48SpwM
IDX00906,URL lead - medium.com,Organizations Network,Organizations Networks,https://medium.com/curator-multisig-phf-official-channel/thedao-curator-multisig-a-decade-later-572796549d70,resource_registry_v0_2,1,,Resource Graph,raw,list with caveat,"Auto-extracted URL lead from Twitter archive. Context: RT @griffgreen: @Nikopolos Please read this and decide for yourself:
https://t.co/iIA63Qke2s

tl;dr
Securing $200M in crypto properly isn't…"
IDX00907,URL lead - nature.com,Organizations Network,Organizations Networks,https://www.nature.com/articles/s41599-026-06594-5,resource_registry_v0_2,1,,Resource Graph,raw,list with caveat,Auto-extracted URL lead from Twitter archive. Context: RT @PluralityInst: A vision for responsible AI integration in citizen science. Full Paper: https://t.co/0Ph1A0HsVv
IDX00908,URL lead - news.peerbase.xyz,Tools Protocols Platform,Tools Protocols Platforms,https://news.peerbase.xyz/p/ipe-news-9-voting-tools-network-state,resource_registry_v0_2,1,,Resource Graph,raw,list with caveat,"Auto-extracted URL lead from Twitter archive. Context: RT @ipecity: Ipê News #9 is out! 🤘🏼
https://t.co/DwBugraLgI

🏘️ Startup Cities Live: @_Lonis_ explains what's next for @ProsperaGlobal 
🏫 V…"
IDX00909,URL lead - open.substack.com,Organizations Network,Organizations Networks,https://open.substack.com/pub/abundances/p/building-a-21st-century-economy?utm_source=share&utm_medium=android&r=16vckg,resource_registry_v0_2,1,,Resource Graph,raw,list with caveat,"Auto-extracted URL lead from Twitter archive. Context: RT @Abundance_DAO: This may be the most important article I wrote in the past year: https://t.co/ws7roYnDWR
what do you guys think?"
IDX00910,URL lead - open.substack.com,Organizations Network,Organizations Networks,https://open.substack.com/pub/abundances/p/make-truth-matter-again?utm_source=share&utm_medium=android&r=16vckg,resource_registry_v0_2,1,,Resource Graph,raw,list with caveat,Auto-extracted URL lead from Twitter archive. Context: RT @Abundance_DAO: Does truth have any value in social media today? Make Truth Matter Again: https://t.co/ShnSUWEiWy
IDX00911,URL lead - open.substack.com,Organizations Network,Organizations Networks,https://open.substack.com/pub/abundances/p/lets-talk-about-the-economic-elephant?r=16vckg&utm_campaign=post&utm_medium=web&showWelcomeOnShare=false,resource_registry_v0_2,1,,Resource Graph,raw,list with caveat,"Auto-extracted URL lead from Twitter archive. Context: RT @Abundance_DAO: It’s time to talk about the (economic) elephant in the room..
https://t.co/mEIrwZzFQz"
IDX00912,URL lead - paragraph.com,Organizations Network,Organizations Networks,https://paragraph.com/@greenpill/q1-2025-laying-the-groundwork,resource_registry_v0_2,2,,Resource Graph,raw,list with caveat,"Auto-extracted URL lead from Twitter archive. Context: Greenpill is growing. Not just in size—but in clarity, creativity, and coordination.

Check out the full Q1 2025 newsletter 🌞https://t.co/CzXiLTZf61

Make sure to collect! 📗

Want to plug in? Join us on Discord (https://t.co/FZqQIXZ216) or Telegram (https://t.co/phAeTHs70R)!"
IDX00913,URL lead - paragraph.com,Organizations Network,Organizations Networks,https://paragraph.com/@holonic-horizons/frame-language-values-are-not-a-strategy?referrer=0xfF6d6a7718A234A84f740480Dbb07f6c09cF1cD5,resource_registry_v0_2,1,,Resource Graph,raw,list with caveat,Auto-extracted URL lead from Twitter archive. Context: RT @durgadasjii: Frame Language: Values Are Not a Strategy https://t.co/Y4HZ9A83uL  My latest article
IDX00914,URL lead - paragraph.com,Organizations Network,Organizations Networks,https://paragraph.com/durgadas.eth,resource_registry_v0_2,1,,Resource Graph,raw,list with caveat,Auto-extracted URL lead from Twitter archive. Context: RT @greenpillnet: find the essays by @durgadasjii  here https://t.co/LwD38893Mo
IDX00915,URL lead - paragraph.com,Organizations Network,Organizations Networks,https://paragraph.com/@holonic-horizons/social-architecture-series-part1-the-foundations-of-sustainable-organizations-four-batteries,resource_registry_v0_2,1,,Resource Graph,raw,list with caveat,"Auto-extracted URL lead from Twitter archive. Context: RT @durgadasjii: https://t.co/bsJJuc798M My latest article on what I think is the foundation of organizations, beyond game theory: Social A…"
IDX00916,URL lead - paragraph.com,Organizations Network,Organizations Networks,https://paragraph.com/@holonic-horizons/frame-language-vocabulary-is-structure-is-code-is-law?referrer=0xfF6d6a7718A234A84f740480Dbb07f6c09cF1cD5,resource_registry_v0_2,1,,Resource Graph,raw,list with caveat,"Auto-extracted URL lead from Twitter archive. Context: RT @durgadasjii: Frame Language: Vocabulary Is Structure, Is Code, Is Law https://t.co/6rEtPlkKTl  My latest article"
IDX00917,URL lead - paragraph.com,Organizations Network,Organizations Networks,https://paragraph.com/@holonic-horizons/the-castle-and-the-ladder,resource_registry_v0_2,1,,Resource Graph,raw,list with caveat,"Auto-extracted URL lead from Twitter archive. Context: RT @durgadasjii: https://t.co/Ku8w3iibvr Language, framing, and the causality of DAO failures"
IDX00918,URL lead - paragraph.com,Organizations Network,Organizations Networks,https://paragraph.com/@holonic-horizons/governance-beyond-game-theory,resource_registry_v0_2,1,,Resource Graph,raw,list with caveat,Auto-extracted URL lead from Twitter archive. Context: RT @durgadasjii: https://t.co/6VFlEXu3y9 My latest article on the strategic advantages of getting beyond game theory in Web3.
IDX00919,URL lead - paragraph.com,Organizations Network,Organizations Networks,https://paragraph.com/@holonic-horizons/the-exocortex-hypothesis-the-complete-series?referrer=0xfF6d6a7718A234A84f740480Dbb07f6c09cF1cD5,resource_registry_v0_2,1,,Resource Graph,raw,list with caveat,Auto-extracted URL lead from Twitter archive. Context: RT @durgadasjii: The Exocortex Hypothesis: The Complete Series https://t.co/8sjfhcXwNW I have finished my seven-part series on how I use AI…
IDX00920,URL lead - paragraph.com,Organizations Network,Organizations Networks,https://paragraph.com/@holonic-horizons/the-exocortex-hypothesis-part-2-the-spillway-%E2%80%94-unfiltered-input-and-the-pressure-that-builds?referrer=0xfF6d6a7718A234A84f740480Dbb07f6c09cF1cD5,resource_registry_v0_2,1,,Resource Graph,raw,list with caveat,Auto-extracted URL lead from Twitter archive. Context: RT @durgadasjii: The Exocortex Hypothesis: Part 2: The Spillway — Unfiltered Input and the Pressure That Builds https://t.co/iz18TvIYuC
IDX00921,URL lead - paragraph.com,Organizations Network,Organizations Networks,https://paragraph.com/@holonic-horizons/prevolution-series-when-daos-snap-diagnosing-aave-through-tensegrity-and-prevolution,resource_registry_v0_2,1,,Resource Graph,raw,list with caveat,Auto-extracted URL lead from Twitter archive. Context: RT @durgadasjii: @obsrvgmi @aave I wrote this about the situation: https://t.co/PeWyKlEZv0
IDX00922,URL lead - paragraph.com,Organizations Network,Organizations Networks,https://paragraph.com/@holonic-horizons/the-exocortex-hypothesis-when-11-million-words-tell-a-different-story?referrer=0xfF6d6a7718A234A84f740480Dbb07f6c09cF1cD5,resource_registry_v0_2,1,,Resource Graph,raw,list with caveat,Auto-extracted URL lead from Twitter archive. Context: RT @durgadasjii: The Exocortex Hypothesis: When 11 Million Words Tell a Different Story https://t.co/DqOgEP8XpV https://t.co/WHRMPooSBp
IDX00923,URL lead - paragraph.com,Organizations Network,Organizations Networks,https://paragraph.com/@holonic-horizons/public-equity-series-turning-extraction-into-abundance,resource_registry_v0_2,1,,Resource Graph,raw,list with caveat,Auto-extracted URL lead from Twitter archive. Context: RT @durgadasjii: Article 1 of my new PREVOLUTION SERIES: https://t.co/wRXQgngKxx
IDX00924,URL lead - paragraph.com,Organizations Network,Organizations Networks,https://paragraph.com/@holonic-horizons/the-stallman-paradox-how-web3-became-the-ultimate-open-source-theater?referrer=0xfF6d6a7718A234A84f740480Dbb07f6c09cF1cD5,resource_registry_v0_2,1,,Resource Graph,raw,list with caveat,Auto-extracted URL lead from Twitter archive. Context: RT @durgadasjii: https://t.co/01lzC4kC3J  my latest article
IDX00925,URL lead - paragraph.com,Tools Protocols Platform,Tools Protocols Platforms,https://paragraph.com/@abundance/a-crypto-economic-revolution,resource_registry_v0_2,1,,Resource Graph,raw,list with caveat,"Auto-extracted URL lead from Twitter archive. Context: RT @Abundance_DAO: What happens to a system when more and more people realize it no longer works in their interest?
https://t.co/P2yOrV6sw6"
IDX00926,URL lead - paragraph.com,Organizations Network,Organizations Networks,https://paragraph.com/@holonic-horizons/the-ai-error-that-survives-every-fix?referrer=0xfF6d6a7718A234A84f740480Dbb07f6c09cF1cD5,resource_registry_v0_2,1,,Resource Graph,raw,list with caveat,"Auto-extracted URL lead from Twitter archive. Context: RT @durgadasjii: My latest article:
The AI Error That Survives Every Fix https://t.co/ofH208hyfH"
IDX00927,URL lead - paragraph.com,Organizations Network,Organizations Networks,https://paragraph.com/@greenpilldevguild/greenwill-powering-governance-through-reputation-tracking,resource_registry_v0_2,1,,Resource Graph,raw,list with caveat,"Auto-extracted URL lead from Twitter archive. Context: RT @greenpilldevs: Part 4 🌱 GreenWill - Powering Governance Through Reputation Tracking

🔗 https://t.co/2ooeRRdspx

The next piece of the r…"
IDX00928,URL lead - paragraph.com,Organizations Network,Organizations Networks,https://paragraph.com/@holonic-horizons/nothing-makes-sense-ai-and-information-ecology,resource_registry_v0_2,1,,Resource Graph,raw,list with caveat,Auto-extracted URL lead from Twitter archive. Context: RT @durgadasjii: My new article related to some AI discussions I've been having lately. https://t.co/t1Q8qNweJ0
IDX00929,URL lead - plurality.net,Books Papers Articles Report,Books Papers Articles Reports,https://plurality.net/ja/,resource_registry_v0_2,1,,Resource Graph,raw,list with caveat,"Auto-extracted URL lead from Twitter archive. Context: RT @plurality_book: 【全文公開】 オープンソースの精神にのっとり、PLURALITYの日本語版を以下にて全文公開しています 

https://t.co/dKyrJgil7k

本書の考え方が広く認知され、さまざまな議論が交わされることで、さらに発展していく…"
IDX00930,URL lead - publicdeliberation.net,Organizations Network,Organizations Networks,https://www.publicdeliberation.net/why-millions-can-deliberate-it-just-requires-an-economy-that-supports-mass-participation/,resource_registry_v0_2,1,,Resource Graph,raw,list with caveat,Auto-extracted URL lead from Twitter archive. Context: RT @PluralityInst: Why Millions Can Deliberate: It Just Requires an Economy That Supports Mass Participation https://t.co/LRJWj9v8fQ
IDX00931,URL lead - publicnouns.wtf,Tools Protocols Platform,Tools Protocols Platforms,https://publicnouns.wtf/vote/80,resource_registry_v0_2,1,,Resource Graph,raw,list with caveat,"Auto-extracted URL lead from Twitter archive. Context: RT @PublicNouns: The final proposal in Public Nouns DAO has happened (for now?) 

https://t.co/UPbXLl8yX0

Trees in a forest always die at…"
IDX00932,URL lead - stephenreid.substack.com,Organizations Network,Organizations Networks,https://stephenreid.substack.com/?r=dgwxu&utm_campaign=referrals-subscribe-page-share-screen&utm_medium=web,resource_registry_v0_2,1,,Resource Graph,raw,list with caveat,Auto-extracted URL lead from Twitter archive. Context: RT @durgadasjii: Subscribe to Stephen Reid In Correspondence https://t.co/gXMJag0rHv
IDX00933,URL lead - t.me,Organizations Network,Organizations Networks,https://t.me/+aKY9-tWebZU2MTQx,resource_registry_v0_2,1,,Resource Graph,raw,list with caveat,"Auto-extracted URL lead from Twitter archive. Context: Greenpill is growing. Not just in size—but in clarity, creativity, and coordination.

Check out the full Q1 2025 newsletter 🌞https://t.co/CzXiLTZf61

Make sure to collect! 📗

Want to plug in? Join us on Discord (https://t.co/FZqQIXZ216) or Telegram (https://t.co/phAeTHs70R)!"
IDX00934,URL lead - thelivinglib.org,Organizations Network,Organizations Networks,https://thelivinglib.org/how-ai-could-restore-trust-in-democratic-governance/,resource_registry_v0_2,1,,Resource Graph,raw,list with caveat,Auto-extracted URL lead from Twitter archive. Context: RT @PluralityInst: How AI Could Restore Trust in Democratic Governance  https://t.co/9UNHCLJsPq
IDX00935,URL lead - x.com,Tools Protocols Platform,Tools Protocols Platforms,https://x.com/GreenpillWrites/status/2014722503294230647,resource_registry_v0_2,1,,Resource Graph,raw,list with caveat,"Auto-extracted URL lead from Twitter archive. Context: The first article in the series is live.

This piece highlights patterns in the survey — from the ineffectiveness of web3 governance tools for local contexts to the redundancy of impact reporting tools, and more.

Have a good read.

https://t.co/XfBDNJKYrV https://t.co/5DCvYTJRvK"
IDX00936,Vocdoni 🗳️ Secure digital voting,Organizations Network,Organizations Networks,https://x.com/vocdoni,resource_registry_v0_2,1,,Resource Graph,raw,list with caveat,"Auto-extracted account lead from Twitter archive. Counts are mention/retweet signals, not endorsement."
IDX00937,Vrbs ▀▄▀,Organizations Network,Organizations Networks,https://x.com/VrbsDAO,resource_registry_v0_2,1,,Resource Graph,raw,list with caveat,"Auto-extracted account lead from Twitter archive. Counts are mention/retweet signals, not endorsement."
IDX00938,X Article lead - 2011034149897871360,Books Papers Articles Report,Books Papers Articles Reports,http://x.com/i/article/2011034149897871360,resource_registry_v0_2,1,,Resource Graph,raw,list with caveat,Auto-extracted URL lead from Twitter archive. Context: RT @Obol_Collective: https://t.co/0q85rsKtw4
IDX00939,X Article lead - 2016836362377252864,Books Papers Articles Report,Books Papers Articles Reports,http://x.com/i/article/2016836362377252864,resource_registry_v0_2,1,,Resource Graph,raw,list with caveat,Auto-extracted URL lead from Twitter archive. Context: RT @Obol_Collective: https://t.co/nZ2du1Robs
IDX00940,X Article lead - 2026256162866221056,Books Papers Articles Report,Books Papers Articles Reports,http://x.com/i/article/2026256162866221056,resource_registry_v0_2,1,,Resource Graph,raw,list with caveat,Auto-extracted URL lead from Twitter archive. Context: RT @Obol_Collective: https://t.co/ms72jrnOLZ
IDX00941,X Article lead - 2027286970167152640,Books Papers Articles Report,Books Papers Articles Reports,http://x.com/i/article/2027286970167152640,resource_registry_v0_2,1,,Resource Graph,raw,list with caveat,Auto-extracted URL lead from Twitter archive. Context: RT @MesoReefDAO: https://t.co/2iK6DrKDAO
IDX00942,X Article lead - 2028878598048727040,Books Papers Articles Report,Books Papers Articles Reports,http://x.com/i/article/2028878598048727040,resource_registry_v0_2,1,,Resource Graph,raw,list with caveat,Auto-extracted URL lead from Twitter archive. Context: RT @KlimaDAO: https://t.co/r5wZyFHDXP
IDX00943,Raw URL lead - bloomnetwork.earth,Tools Protocols Platform,Tools Protocols Platforms,https://bloomnetwork.earth/,resource_registry_v0_2,7,,Resource Graph,raw,list with caveat,"Preserved from uploaded documents/text. Context: on, ecosystem mapping - https://refidao.com/ - Bloom Network - regenerative local action and impact reporting network - https://bloomnetwork.earth/ - Regen Coordination Hub - coordination context and possible source system - https://regencoordination.xyz/ - Regens Un"
IDX00944,Raw URL lead - cip.org,Organizations Network,Organizations Networks,https://cip.org/,resource_registry_v0_2,3,,Resource Graph,raw,list with caveat,Preserved from uploaded documents/text. Context: innovation - https://www.plurality.net/ - Collective Intelligence Project - collective intelligence and AI governance - https://cip.org/ - Civic AI - civic AI source candidate. - OpenCivics - civic infrastructure / Swarm context. - Bonfires AI - AI sensema
IDX00945,Raw URL lead - constitutiondao.com,Organizations Network,Organizations Networks,https://www.constitutiondao.com/,resource_registry_v0_2,1,,Resource Graph,raw,list with caveat,Preserved from uploaded documents/text. Context:
IDX00946,Raw URL lead - daostar.org,Organizations Network,Organizations Networks,https://www.daostar.org/,resource_registry_v0_2,1,,Resource Graph,raw,list with caveat,Preserved from uploaded documents/text. Context:
IDX00947,Raw URL lead - esii.org,Organizations Network,Organizations Networks,https://esii.org/,resource_registry_v0_2,3,,Resource Graph,raw,list with caveat,Preserved from uploaded documents/text. Context: tps://luma.com/35utsgw8?tk=xh7h7s https://hub.regencoordination.xyz/t/new-chapter-onboarding/129 https://gbaglobal.org/ https://esii.org/ https://x.com/DAOscope https://daobase.ai/ https://www.thepipegdao.io/ https://www.communet.xyz/ https://www.changecode
IDX00948,Raw URL lead - forum.makerdao.com,Organizations Network,Organizations Networks,https://forum.makerdao.com/,resource_registry_v0_2,1,,Resource Graph,raw,list with caveat,Preserved from uploaded documents/text. Context:
IDX00949,Raw URL lead - github.com,Repositories Codebase,Repositories Codebases,https://github.com/greenpill-dev-guild/coop,resource_registry_v0_2,4,,Resource Graph,raw,list with caveat,"Preserved from uploaded documents/text. Context: ttps://greenpill.network/ - GreenPill Dev Guild / Greenpill Writers Guild - technical and writing source-system leads - https://github.com/greenpill-dev-guild/coop - ReFi DAO - regenerative finance network, localism, education, ecosystem mapping - https://refidao.com/ - Bloom Networ"
IDX00950,Raw URL lead - govbase.metagov.org,Organizations Network,Organizations Networks,https://govbase.metagov.org/,resource_registry_v0_2,1,,Resource Graph,raw,list with caveat,Preserved from uploaded documents/text. Context:
IDX00951,Raw URL lead - kernel.community,Organizations Network,Organizations Networks,https://kernel.community/,resource_registry_v0_2,6,,Resource Graph,raw,list with caveat,"Preserved from uploaded documents/text. Context: source. - The Daily Gwei - Ethereum education and media source. - Kernel - learning community / web3 education source - https://kernel.community/ - Other Internet / New Public / Data and Society - civic media / public internet / AI context. ### Civic, plurality, A"
IDX00952,Raw URL lead - lexdao.org,Organizations Network,Organizations Networks,https://lexdao.org/,resource_registry_v0_2,1,,Resource Graph,raw,list with caveat,Preserved from uploaded documents/text. Context:
IDX00953,Raw URL lead - opencollective.com,Organizations Network,Organizations Networks,https://opencollective.com/foundation,resource_registry_v0_2,1,,Resource Graph,raw,list with caveat,Preserved from uploaded documents/text. Context:
IDX00954,Raw URL lead - paragraph.com,Organizations Network,Organizations Networks,https://paragraph.com/@holonic-horizons/the-ai-error-that-survives-every-fix,resource_registry_v0_2,1,,Resource Graph,raw,list with caveat,Preserved from uploaded documents/text. Context:
IDX00955,Raw URL lead - regencoordination.xyz,Organizations Network,Organizations Networks,https://regencoordination.xyz/,resource_registry_v0_2,2,,Resource Graph,raw,list with caveat,Preserved from uploaded documents/text. Context: ting network - https://bloomnetwork.earth/ - Regen Coordination Hub - coordination context and possible source system - https://regencoordination.xyz/ - Regens Unite - gatherings and regenerative web3 community source - https://www.regensunite.earth/ - Regen Network - e
IDX00956,"Discovering the Tailwind: Why Your Exhaustion Might Be Wisdom, Not Weakness",Books Papers Articles Report,Books Papers Articles Reports,https://paragraph.com/@holonic-horizons/p/2,resource_registry_v0_2,,,Resource Graph,raw,list with caveat,
IDX00957,The Exocortex Hypothesis: Part 2,Books Papers Articles Report,Books Papers Articles Reports,https://paragraph.com/@holonic-horizons/p/2,resource_registry_v0_2,,,Resource Graph,raw,list with caveat,
IDX00958,"Together, With Tension: Why Communities Need Social Architecture, Not Archipelagos",Books Papers Articles Report,Books Papers Articles Reports,https://paragraph.com/@holonic-horizons,resource_registry_v0_2,,,Resource Graph,raw,list with caveat,
IDX00959,Emergent Strategy,Books Papers Articles Report,Books Papers Articles Reports,https://adriennemareebrown.net/book/emergent-strategy/,resource_registry_v0_2,,,Resource Graph,raw,list with caveat,
IDX00960,Kernel,Organizations Network,Organizations Networks,https://www.kernel.community/,resource_registry_v0_2,,,Resource Graph,raw,list with caveat,
IDX00961,The Cathedral and the Bazaar,Books Papers Articles Report,Books Papers Articles Reports,https://mijowa.github.io/CatB/,resource_registry_v0_2,,,Resource Graph,raw,list with caveat,
IDX00962,The Cathedral and the Bazaar PDF,Projects Initiative,Projects Initiatives,https://monoskop.org/images/e/e0/Raymond_Eric_S_The_Cathedral_and_the_Bazaar_rev_ed.pdf,resource_registry_v0_2,,,Resource Graph,raw,list with caveat,
IDX00963,The Stack,Books Papers Articles Report,Books Papers Articles Reports,https://www.the-stack.org/,resource_registry_v0_2,,,Resource Graph,raw,list with caveat,
IDX00964,Kernel Module 0,Projects Initiative,Projects Initiatives,https://www.kernel.community/en/learn/module-0,resource_registry_v0_2,,,Resource Graph,raw,list with caveat,
IDX00965,Kernel Substack,Projects Initiative,Projects Initiatives,https://kernel0x.substack.com/,resource_registry_v0_2,,,Resource Graph,raw,list with caveat,
IDX00966,New_ Public,Organizations Network,Organizations Networks,https://newpublic.org/,resource_registry_v0_2,,,Resource Graph,raw,list with caveat,
IDX00967,Other Internet,Projects Initiative,Projects Initiatives,https://otherinter.net/,resource_registry_v0_2,,,Resource Graph,raw,list with caveat,
IDX00968,Ribbonfarm,Projects Initiative,Projects Initiatives,https://www.ribbonfarm.com/,resource_registry_v0_2,,,Resource Graph,raw,list with caveat,
IDX00969,Why You Need to Replace Your Purpose Statement With a Guiding Question,Books Papers Articles Report,Books Papers Articles Reports,https://conductal.medium.com/why-you-need-to-replace-your-purpose-statement-with-a-guiding-question-5b227e48353c,resource_registry_v0_2,,,Resource Graph,raw,list with caveat,
IDX00970,Omniharmonic X thread,Projects Initiative,Projects Initiatives,https://x.com/omniharmonic/status/2024922543690490000,resource_registry_v0_2,,,Resource Graph,raw,list with caveat,
IDX00971,4th Generation Civilization,Projects Initiative,Projects Initiatives,https://4thgenerationcivilization.substack.com/,resource_registry_v0_2,,,Resource Graph,raw,list with caveat,
IDX00972,Gospel of Change,Projects Initiative,Projects Initiatives,https://linktr.ee/gospelofchange,resource_registry_v0_2,,,Resource Graph,raw,list with caveat,
IDX00973,Guiding Question YouTube Playlist,Podcasts Media Show,Podcasts Media Shows,https://www.youtube.com/watch?v=JsXcufk1km4&list=PLRSlwLW1riHMzDQErGIjENI3ZJERMGf_p,resource_registry_v0_2,,,Resource Graph,raw,list with caveat,
IDX00974,T-MI / Sidick GP Ivory Coast,Projects Initiative,Projects Initiatives,https://paragraph.com/@t-mi,resource_registry_v0_2,,,Resource Graph,raw,list with caveat,
IDX00975,MapBiomas,Tools Protocols Platform,Tools Protocols Platforms,https://mapbiomas.org/,resource_registry_v0_2,,,Resource Graph,raw,list with caveat,
IDX00976,OpenStreetMap,Tools Protocols Platform,Tools Protocols Platforms,https://www.openstreetmap.org/,resource_registry_v0_2,,,Resource Graph,raw,list with caveat,
IDX00977,Google Earth Engine,Tools Protocols Platform,Tools Protocols Platforms,https://earthengine.google.com/,resource_registry_v0_2,,,Resource Graph,raw,list with caveat,
IDX00978,HOT OpenStreetMap Team,Tools Protocols Platform,Tools Protocols Platforms,https://www.hotosm.org/,resource_registry_v0_2,,,Resource Graph,raw,list with caveat,
IDX00979,NASA ARSET,Tools Protocols Platform,Tools Protocols Platforms,https://appliedsciences.nasa.gov/what-we-do/capacity-building/arset,resource_registry_v0_2,,,Resource Graph,raw,list with caveat,
IDX00980,Open Foris,Tools Protocols Platform,Tools Protocols Platforms,https://openforis.org/,resource_registry_v0_2,,,Resource Graph,raw,list with caveat,
IDX00981,Restor,Tools Protocols Platform,Tools Protocols Platforms,https://restor.eco/,resource_registry_v0_2,,,Resource Graph,raw,list with caveat,
IDX00982,SEPAL,Tools Protocols Platform,Tools Protocols Platforms,https://sepal.io/,resource_registry_v0_2,,,Resource Graph,raw,list with caveat,
IDX00983,GBIF,Tools Protocols Platform,Tools Protocols Platforms,https://www.gbif.org/,resource_registry_v0_2,,,Resource Graph,raw,list with caveat,
IDX00984,Global Forest Watch,Tools Protocols Platform,Tools Protocols Platforms,https://www.globalforestwatch.org/,resource_registry_v0_2,,,Resource Graph,raw,list with caveat,
IDX00985,iNaturalist,Tools Protocols Platform,Tools Protocols Platforms,https://www.inaturalist.org/,resource_registry_v0_2,,,Resource Graph,raw,list with caveat,
IDX00986,QGIS,Tools Protocols Platform,Tools Protocols Platforms,https://qgis.org/,resource_registry_v0_2,,,Resource Graph,raw,list with caveat,
IDX00987,Arkeen,Tools Protocols Platform,Tools Protocols Platforms,Raw / no canonical link,resource_registry_v0_2,,,Resource Graph,raw,list with caveat,
IDX00988,Environmental Organizations / Land Management / Permaculture,Tools Protocols Platform,Tools Protocols Platforms,Raw / no canonical link,resource_registry_v0_2,,,Resource Graph,raw,list with caveat,
IDX00989,EAS Docs,Tools Protocols Platform,Tools Protocols Platforms,https://docs.attest.org/,resource_registry_v0_2,,,Resource Graph,raw,list with caveat,"Added as a reviewable expansion lead; verify fit, URL, and priority before treating as curated."
IDX00990,EIPs,Repositories Codebase,Repositories Codebases,https://eips.ethereum.org/,resource_registry_v0_2,,,Resource Graph,raw,list with caveat,"Added as a reviewable expansion lead; verify fit, URL, and priority before treating as curated."
IDX00991,Ethereum Attestation Service,Tools Protocols Platform,Tools Protocols Platforms,https://attest.org/,resource_registry_v0_2,,,Resource Graph,raw,list with caveat,"Added as a reviewable expansion lead; verify fit, URL, and priority before treating as curated."
IDX00992,Gardens,Organizations Network,Organizations Networks,https://gardens.fund/,resource_registry_v0_2,,,Resource Graph,raw,list with caveat,"Added as a reviewable expansion lead; verify fit, URL, and priority before treating as curated."
IDX00993,Safe,Projects Initiative,Projects Initiatives,https://safe.global/,resource_registry_v0_2,,,Resource Graph,raw,list with caveat,"Added as a reviewable expansion lead; verify fit, URL, and priority before treating as curated."
IDX00994,Ethereum Foundation ESP,Funding Mechanisms Capital Flow,Funding Mechanisms Capital Flows,https://esp.ethereum.foundation/,resource_registry_v0_2,,,Resource Graph,raw,list with caveat,"Added as a reviewable expansion lead; verify fit, URL, and priority before treating as curated."
IDX00995,ethresear.ch,Projects Initiative,Projects Initiatives,https://ethresear.ch/,resource_registry_v0_2,,,Resource Graph,raw,list with caveat,"Added as a reviewable expansion lead; verify fit, URL, and priority before treating as curated."
IDX00996,L2BEAT,Projects Initiative,Projects Initiatives,https://l2beat.com/,resource_registry_v0_2,,,Resource Graph,raw,list with caveat,"Added as a reviewable expansion lead; verify fit, URL, and priority before treating as curated."
IDX00997,Obol,Funding Mechanisms Capital Flow,Funding Mechanisms Capital Flows,https://obol.org/,resource_registry_v0_2,,,Resource Graph,raw,list with caveat,"Added as a reviewable expansion lead; verify fit, URL, and priority before treating as curated."
IDX00998,Shutter Docs,Tools Protocols Platform,Tools Protocols Platforms,https://docs.shutter.network/,resource_registry_v0_2,,,Resource Graph,raw,list with caveat,"Added as a reviewable expansion lead; verify fit, URL, and priority before treating as curated."
IDX00999,Shutter Network,Tools Protocols Platform,Tools Protocols Platforms,https://www.shutter.network/,resource_registry_v0_2,,,Resource Graph,raw,list with caveat,"Added as a reviewable expansion lead; verify fit, URL, and priority before treating as curated."
IDX01000,Zodiac,Tools Protocols Platform,Tools Protocols Platforms,https://zodiac.wiki/,resource_registry_v0_2,,,Resource Graph,raw,list with caveat,"Added as a reviewable expansion lead; verify fit, URL, and priority before treating as curated."
IDX01001,Filecoin,Organizations Network,Organizations Networks,https://filecoin.io/,resource_registry_v0_2,,,Resource Graph,raw,list with caveat,"Added as a reviewable expansion lead; verify fit, URL, and priority before treating as curated."
IDX01002,POAP,Tools Protocols Platform,Tools Protocols Platforms,https://poap.xyz/,resource_registry_v0_2,,,Resource Graph,raw,list with caveat,"Added as a reviewable expansion lead; verify fit, URL, and priority before treating as curated."
IDX01003,beast_ico,Projects Initiative,Projects Initiatives,https://x.com/beast_ico,resource_registry_v0_2,1,,Resource Graph,raw,list with caveat,"Auto-extracted account lead from Twitter archive. Counts are mention/retweet signals, not endorsement."
IDX01004,BigWater,Tools Protocols Platform,Tools Protocols Platforms,https://x.com/BigWProtocol,resource_registry_v0_2,1,,Resource Graph,raw,list with caveat,"Auto-extracted account lead from Twitter archive. Counts are mention/retweet signals, not endorsement."
IDX01005,DAVINCI protocol,Tools Protocols Platform,Tools Protocols Platforms,https://x.com/davinci_vote,resource_registry_v0_2,2,,Resource Graph,raw,list with caveat,"Auto-extracted account lead from Twitter archive. Counts are mention/retweet signals, not endorsement."
IDX01006,EAS (Ethereum Attestation Service),Tools Protocols Platform,Tools Protocols Platforms,https://x.com/eas_eth,resource_registry_v0_2,1,,Resource Graph,raw,list with caveat,"Auto-extracted account lead from Twitter archive. Counts are mention/retweet signals, not endorsement."
IDX01007,EF Protocol Support,Tools Protocols Platform,Tools Protocols Platforms,https://x.com/EFprotocol,resource_registry_v0_2,2,,Resource Graph,raw,list with caveat,"Auto-extracted account lead from Twitter archive. Counts are mention/retweet signals, not endorsement."
IDX01008,EthBoulder,Projects Initiative,Projects Initiatives,https://x.com/ethereumboulder,resource_registry_v0_2,11,,Resource Graph,raw,list with caveat,"Auto-extracted account lead from Twitter archive. Counts are mention/retweet signals, not endorsement."
IDX01009,EthCC - Ethereum Community Conference,Events Conferences Gathering,Events Conferences Gatherings,https://x.com/EthCC,resource_registry_v0_2,2,,Resource Graph,raw,list with caveat,"Auto-extracted account lead from Twitter archive. Counts are mention/retweet signals, not endorsement."
IDX01010,ETHDenver 🏔🦬🦄,Events Conferences Gathering,Events Conferences Gatherings,https://x.com/EthereumDenver,resource_registry_v0_2,1,,Resource Graph,raw,list with caveat,"Auto-extracted account lead from Twitter archive. Counts are mention/retweet signals, not endorsement."
IDX01011,Ethereum,Projects Initiative,Projects Initiatives,https://x.com/ethereum,resource_registry_v0_2,22,,Resource Graph,raw,list with caveat,"Auto-extracted account lead from Twitter archive. Counts are mention/retweet signals, not endorsement."
IDX01012,Ethereum Everywhere,Projects Initiative,Projects Initiatives,https://x.com/EFetheverywhere,resource_registry_v0_2,5,,Resource Graph,raw,list with caveat,"Auto-extracted account lead from Twitter archive. Counts are mention/retweet signals, not endorsement."
IDX01013,Ethereum Foundation,Projects Initiative,Projects Initiatives,https://x.com/ethereumfndn,resource_registry_v0_2,10,,Resource Graph,raw,list with caveat,"Auto-extracted account lead from Twitter archive. Counts are mention/retweet signals, not endorsement."
IDX01014,ethereum.org Community,Projects Initiative,Projects Initiatives,https://x.com/ethdotorg,resource_registry_v0_2,3,,Resource Graph,raw,list with caveat,"Auto-extracted account lead from Twitter archive. Counts are mention/retweet signals, not endorsement."
IDX01015,Hats Protocol 🧢🎩👒,Tools Protocols Platform,Tools Protocols Platforms,https://x.com/hatsprotocol,resource_registry_v0_2,1,,Resource Graph,raw,list with caveat,"Auto-extracted account lead from Twitter archive. Counts are mention/retweet signals, not endorsement."
IDX01016,Juicebox Protocol | Program your project's money,Tools Protocols Platform,Tools Protocols Platforms,https://x.com/juiceboxETH,resource_registry_v0_2,2,,Resource Graph,raw,list with caveat,"Auto-extracted account lead from Twitter archive. Counts are mention/retweet signals, not endorsement."
IDX01017,L2BEAT 💗,Projects Initiative,Projects Initiatives,https://x.com/l2beat,resource_registry_v0_2,2,,Resource Graph,raw,list with caveat,"Auto-extracted account lead from Twitter archive. Counts are mention/retweet signals, not endorsement."
IDX01018,Lido Impact Staking,Funding Mechanisms Capital Flow,Funding Mechanisms Capital Flows,https://x.com/impactstake,resource_registry_v0_2,1,,Resource Graph,raw,list with caveat,"Auto-extracted account lead from Twitter archive. Counts are mention/retweet signals, not endorsement."
IDX01019,Mercek,Projects Initiative,Projects Initiatives,https://x.com/WorldOfMercek,resource_registry_v0_2,1,,Resource Graph,raw,list with caveat,"Auto-extracted account lead from Twitter archive. Counts are mention/retweet signals, not endorsement."
IDX01020,Mercy Corps Ventures,Projects Initiative,Projects Initiatives,https://x.com/MCSocialVenture,resource_registry_v0_2,9,,Resource Graph,raw,list with caveat,"Auto-extracted account lead from Twitter archive. Counts are mention/retweet signals, not endorsement."
IDX01021,ParallelCitizen.xyz @ 4Seas Chiang Mai,Projects Initiative,Projects Initiatives,https://x.com/AnalogueUSB,resource_registry_v0_2,1,,Resource Graph,raw,list with caveat,"Auto-extracted account lead from Twitter archive. Counts are mention/retweet signals, not endorsement."
IDX01022,Privacy Pools,Projects Initiative,Projects Initiatives,https://x.com/0xprivacypools,resource_registry_v0_2,1,,Resource Graph,raw,list with caveat,"Auto-extracted account lead from Twitter archive. Counts are mention/retweet signals, not endorsement."
IDX01023,Protocol Guild,Tools Protocols Platform,Tools Protocols Platforms,https://x.com/ProtocolGuild,resource_registry_v0_2,3,,Resource Graph,raw,list with caveat,"Auto-extracted account lead from Twitter archive. Counts are mention/retweet signals, not endorsement."
IDX01024,Protocol Labs,Tools Protocols Platform,Tools Protocols Platforms,https://x.com/protocollabs,resource_registry_v0_2,1,,Resource Graph,raw,list with caveat,"Auto-extracted account lead from Twitter archive. Counts are mention/retweet signals, not endorsement."
IDX01025,PSE,Projects Initiative,Projects Initiatives,https://x.com/PrivacyEthereum,resource_registry_v0_2,3,,Resource Graph,raw,list with caveat,"Auto-extracted account lead from Twitter archive. Counts are mention/retweet signals, not endorsement."
IDX01026,Sacred Protocol,Tools Protocols Platform,Tools Protocols Platforms,https://x.com/SacredProtocol,resource_registry_v0_2,1,,Resource Graph,raw,list with caveat,"Auto-extracted account lead from Twitter archive. Counts are mention/retweet signals, not endorsement."
IDX01027,Safe.eth,Projects Initiative,Projects Initiatives,https://x.com/safe,resource_registry_v0_2,1,,Resource Graph,raw,list with caveat,"Auto-extracted account lead from Twitter archive. Counts are mention/retweet signals, not endorsement."
IDX01028,SelfProtocol,Tools Protocols Platform,Tools Protocols Platforms,https://x.com/SelfProtocol,resource_registry_v0_2,1,,Resource Graph,raw,list with caveat,"Auto-extracted account lead from Twitter archive. Counts are mention/retweet signals, not endorsement."
IDX01029,Shutter 🛡️⚔️,Tools Protocols Platform,Tools Protocols Platforms,https://x.com/ShutterNetwork,resource_registry_v0_2,4,,Resource Graph,raw,list with caveat,"Auto-extracted account lead from Twitter archive. Counts are mention/retweet signals, not endorsement."
IDX01030,Silvi🤳🌳,Tools Protocols Platform,Tools Protocols Platforms,https://x.com/SilviProtocol,resource_registry_v0_2,4,,Resource Graph,raw,list with caveat,"Auto-extracted account lead from Twitter archive. Counts are mention/retweet signals, not endorsement."
IDX01031,Story,Tools Protocols Platform,Tools Protocols Platforms,https://x.com/StoryProtocol,resource_registry_v0_2,1,,Resource Graph,raw,list with caveat,"Auto-extracted account lead from Twitter archive. Counts are mention/retweet signals, not endorsement."
IDX01032,Tereza Bízková,Projects Initiative,Projects Initiatives,https://x.com/TerezaBizkova,resource_registry_v0_2,8,,Resource Graph,raw,list with caveat,"Auto-extracted account lead from Twitter archive. Counts are mention/retweet signals, not endorsement."
IDX01033,The Book of Ethereum 📘 booe.eth,Projects Initiative,Projects Initiatives,https://x.com/Bookof_Eth,resource_registry_v0_2,2,,Resource Graph,raw,list with caveat,"Auto-extracted account lead from Twitter archive. Counts are mention/retweet signals, not endorsement."
IDX01034,The Ethereum Economic Zone,Projects Initiative,Projects Initiatives,https://x.com/etheconomiczone,resource_registry_v0_2,3,,Resource Graph,raw,list with caveat,"Auto-extracted account lead from Twitter archive. Counts are mention/retweet signals, not endorsement."
IDX01035,Truebit,Tools Protocols Platform,Tools Protocols Platforms,https://x.com/Truebitprotocol,resource_registry_v0_2,1,,Resource Graph,raw,list with caveat,"Auto-extracted account lead from Twitter archive. Counts are mention/retweet signals, not endorsement."
IDX01036,URL lead - blockonomi.com,Projects Initiative,Projects Initiatives,https://blockonomi.com/ethereum-reframed-as-global-public-good-in-new-valuation-framework-by-william-mougayar/,resource_registry_v0_2,1,,Resource Graph,raw,list with caveat,Auto-extracted URL lead from Twitter archive. Context: RT @wmougayar: Yessss!!!!  https://t.co/wl9Ryc3hlW
IDX01037,URL lead - blog.ethereum.org,Tools Protocols Platform,Tools Protocols Platforms,https://blog.ethereum.org/2025/07/31/lean-ethereum,resource_registry_v0_2,1,,Resource Graph,raw,list with caveat,"Auto-extracted URL lead from Twitter archive. Context: RT @ethereumfndn: lean Ethereum: a vision by @drakefjustin about the future of the Ethereum Protocol.
https://t.co/zXV7xbDg5T"
IDX01038,URL lead - ethereum.org,Organizations Network,Organizations Networks,https://ethereum.org/roadmap/fusaka/,resource_registry_v0_2,1,,Resource Graph,raw,list with caveat,"Auto-extracted URL lead from Twitter archive. Context: RT @nixorokish: ethereum's upcoming Fusaka upgrade officially has an explainer page on @ethdotorg !

https://t.co/8tixUfgH97 https://t.co/k…"
IDX01039,URL lead - ethresear.ch,Tools Protocols Platform,Tools Protocols Platforms,http://EthResear.ch,resource_registry_v0_2,1,,Resource Graph,raw,list with caveat,"Auto-extracted URL lead from Twitter archive. Context: RT @ethresearchbot: New post on https://t.co/neli1nzo0Y!

Ara Whitepaper: a blockchain as a protocol agreement and recommendation system

B…"
IDX01040,URL lead - github.com,Repositories Codebase,Repositories Codebases,https://github.com/ethereum/EIPs/pull/11762,resource_registry_v0_2,1,,Resource Graph,raw,list with caveat,"Auto-extracted URL lead from Twitter archive. Context: RT @ethresearchbot: New EIP!

pERC20 - Privacy-Native Fungible Tokens

🔗 https://t.co/gi69qSed0M

Highlights:
- Not ERC-20 compatible by de…"
IDX01041,URL lead - human.tech,Projects Initiative,Projects Initiatives,http://human.tech,resource_registry_v0_2,1,,Resource Graph,raw,list with caveat,"Auto-extracted URL lead from Twitter archive. Context: RT @0xHolonym: https://t.co/NpmNIBCuBL is an open framework for privacy‑preserving DID and self‑custody, enabling secure interactions.

pow…"
IDX01042,URL lead - myprivacy.blog,Projects Initiative,Projects Initiatives,https://www.myprivacy.blog/the-digital-iron-curtain-how-iran-built-the-worlds-most-invasive-surveillance-state/,resource_registry_v0_2,1,,Resource Graph,raw,list with caveat,"Auto-extracted URL lead from Twitter archive. Context: RT @VitalikButerin: This is a good post on the impact of surveillance in Iran:

https://t.co/TzSqUE2JOo

It's worth reading.

IMO one mista…"
IDX01043,URL lead - pq.ethereum.org,Organizations Network,Organizations Networks,https://pq.ethereum.org/,resource_registry_v0_2,1,,Resource Graph,raw,list with caveat,"Auto-extracted URL lead from Twitter archive. Context: RT @panditdhamdhere: Ethereum launched this and its time to study.

https://t.co/DXut6gDNEq https://t.co/JzLsOlg5mN"
IDX01044,URL lead - stanford-jblp.pubpub.org,Organizations Network,Organizations Networks,https://stanford-jblp.pubpub.org/pub/genius-dilemma/release/1,resource_registry_v0_2,1,,Resource Graph,raw,list with caveat,"Auto-extracted URL lead from Twitter archive. Context: RT @mbauwens: * ""the first doctrinal analysis of this landmark legislation"" : The Genuis Act.

https://t.co/mjl7X3Ot3X

""this Article conte…"
IDX01045,URL lead - vitalik.eth.limo,Projects Initiative,Projects Initiatives,https://vitalik.eth.limo/general/2025/09/21/low_risk_defi.html,resource_registry_v0_2,1,,Resource Graph,raw,list with caveat,"Auto-extracted URL lead from Twitter archive. Context: RT @VitalikButerin: Low-risk defi can be for Ethereum what search was for Google

https://t.co/6xIxCrOToQ"
IDX01046,Web3Privacy Now,Projects Initiative,Projects Initiatives,https://x.com/web3privacy,resource_registry_v0_2,9,,Resource Graph,raw,list with caveat,"Auto-extracted account lead from Twitter archive. Counts are mention/retweet signals, not endorsement."
IDX01047,X Article lead - 1957225173163139072,Books Papers Articles Report,Books Papers Articles Reports,http://x.com/i/article/1957225173163139072,resource_registry_v0_2,1,,Resource Graph,raw,list with caveat,Auto-extracted URL lead from Twitter archive. Context: RT @beast_ico: https://t.co/3LYn2b4fD1
IDX01048,X Article lead - 1957953922108129280,Books Papers Articles Report,Books Papers Articles Reports,http://x.com/i/article/1957953922108129280,resource_registry_v0_2,1,,Resource Graph,raw,list with caveat,Auto-extracted URL lead from Twitter archive. Context: RT @binji_x: https://t.co/2AZkJU41fR
IDX01049,X Article lead - 1977810842063187968,Books Papers Articles Report,Books Papers Articles Reports,http://x.com/i/article/1977810842063187968,resource_registry_v0_2,1,,Resource Graph,raw,list with caveat,Auto-extracted URL lead from Twitter archive. Context: RT @Dionysus_Klima: https://t.co/eqM23hzK4T
IDX01050,X Article lead - 1977834660831858688,Books Papers Articles Report,Books Papers Articles Reports,http://x.com/i/article/1977834660831858688,resource_registry_v0_2,1,,Resource Graph,raw,list with caveat,Auto-extracted URL lead from Twitter archive. Context: RT @0xEN0VA: https://t.co/OXof9xzL2D
IDX01051,X Article lead - 1985722081611292672,Books Papers Articles Report,Books Papers Articles Reports,http://x.com/i/article/1985722081611292672,resource_registry_v0_2,1,,Resource Graph,raw,list with caveat,Auto-extracted URL lead from Twitter archive. Context: RT @hatsprotocol: https://t.co/tdEpqhNqJb
IDX01052,X Article lead - 1990944775617589249,Books Papers Articles Report,Books Papers Articles Reports,http://x.com/i/article/1990944775617589249,resource_registry_v0_2,1,,Resource Graph,raw,list with caveat,Auto-extracted URL lead from Twitter archive. Context: RT @SilviProtocol: https://t.co/Nh3nHg1ZiH
IDX01053,X Article lead - 2006463754339602432,Books Papers Articles Report,Books Papers Articles Reports,http://x.com/i/article/2006463754339602432,resource_registry_v0_2,1,,Resource Graph,raw,list with caveat,Auto-extracted URL lead from Twitter archive. Context: RT @BitRobotNetwork: https://t.co/HKEIpJpGFE
IDX01054,X Article lead - 2011074044246859776,Books Papers Articles Report,Books Papers Articles Reports,http://x.com/i/article/2011074044246859776,resource_registry_v0_2,1,,Resource Graph,raw,list with caveat,Auto-extracted URL lead from Twitter archive. Context: RT @creptosolutions: https://t.co/ZkPftz5wx8
IDX01055,X Article lead - 2012571633639165952,Books Papers Articles Report,Books Papers Articles Reports,http://x.com/i/article/2012571633639165952,resource_registry_v0_2,1,,Resource Graph,raw,list with caveat,Auto-extracted URL lead from Twitter archive. Context: RT @SelfProtocol: https://t.co/whK8iUWKKd
IDX01056,X Article lead - 2014755878034124800,Books Papers Articles Report,Books Papers Articles Reports,http://x.com/i/article/2014755878034124800,resource_registry_v0_2,1,,Resource Graph,raw,list with caveat,Auto-extracted URL lead from Twitter archive. Context: RT @ethereum: https://t.co/SdX5l1KYQz
IDX01057,X Article lead - 2020808046247907329,Books Papers Articles Report,Books Papers Articles Reports,http://x.com/i/article/2020808046247907329,resource_registry_v0_2,1,,Resource Graph,raw,list with caveat,Auto-extracted URL lead from Twitter archive. Context: RT @RohitMalekar: https://t.co/ZkERA6so2p
IDX01058,X Article lead - 2021261046170718208,Books Papers Articles Report,Books Papers Articles Reports,http://x.com/i/article/2021261046170718208,resource_registry_v0_2,1,,Resource Graph,raw,list with caveat,Auto-extracted URL lead from Twitter archive. Context: RT @SacredProtocol: https://t.co/DQnr1uFfn4
IDX01059,X Article lead - 2029619828831703042,Books Papers Articles Report,Books Papers Articles Reports,http://x.com/i/article/2029619828831703042,resource_registry_v0_2,1,,Resource Graph,raw,list with caveat,Auto-extracted URL lead from Twitter archive. Context: RT @ethereum: https://t.co/ma6kAcHZ6X
IDX01060,X Article lead - 2034304073302990848,Books Papers Articles Report,Books Papers Articles Reports,http://x.com/i/article/2034304073302990848,resource_registry_v0_2,1,,Resource Graph,raw,list with caveat,Auto-extracted URL lead from Twitter archive. Context: RT @ethereum: https://t.co/rBdVW39Pbv
IDX01061,zkMenno 🌱,Projects Initiative,Projects Initiatives,https://x.com/zkMenno,resource_registry_v0_2,1,,Resource Graph,raw,list with caveat,"Auto-extracted account lead from Twitter archive. Counts are mention/retweet signals, not endorsement."
IDX01062,Ʉnlock Protocol,Tools Protocols Platform,Tools Protocols Platforms,https://x.com/UnlockProtocol,resource_registry_v0_2,9,,Resource Graph,raw,list with caveat,"Auto-extracted account lead from Twitter archive. Counts are mention/retweet signals, not endorsement."
IDX01063,❍s🎹,Projects Initiative,Projects Initiatives,https://x.com/ozkite,resource_registry_v0_2,1,,Resource Graph,raw,list with caveat,"Auto-extracted account lead from Twitter archive. Counts are mention/retweet signals, not endorsement."
IDX01064,Raw URL lead - block.science,Tools Protocols Platform,Tools Protocols Platforms,https://block.science/,resource_registry_v0_2,5,,Resource Graph,raw,list with caveat,"Preserved from uploaded documents/text. Context: g research and tooling - https://www.tokenengineeringlabs.com/ - BlockScience - complex systems and token engineering - https://block.science/ - Mechanism Design for Social Good - mechanism design research - https://www.md4sg.com/ ### Ethereum, protocol, and pu"
IDX01065,Raw URL lead - brightid.org,Tools Protocols Platform,Tools Protocols Platforms,https://www.brightid.org/,resource_registry_v0_2,3,,Resource Graph,raw,list with caveat,Preserved from uploaded documents/text. Context: / Human Passport - Sybil resistance and identity - https://passport.xyz/ - BrightID - identity / anti-Sybil reference - https://www.brightid.org/ - Collab.Land - token-gated community access - https://collab.land/ - Self Protocol - privacy-preserving identity lead
IDX01066,Raw URL lead - eips.ethereum.org,Organizations Network,Organizations Networks,https://eips.ethereum.org/EIPS/eip-4824,resource_registry_v0_2,1,,Resource Graph,raw,list with caveat,Preserved from uploaded documents/text. Context:
IDX01067,Raw URL lead - eips.ethereum.org,Organizations Network,Organizations Networks,https://eips.ethereum.org/,resource_registry_v0_2,1,,Resource Graph,raw,list with caveat,Preserved from uploaded documents/text. Context:
IDX01068,Raw URL lead - filecoin.io,Projects Initiative,Projects Initiatives,https://filecoin.io/,resource_registry_v0_2,1,,Resource Graph,raw,list with caveat,Preserved from uploaded documents/text. Context:
IDX01069,Raw URL lead - pod.link,Tools Protocols Platform,Tools Protocols Platforms,https://pod.link/1609313639,resource_registry_v0_2,1,,Resource Graph,raw,list with caveat,Preserved from uploaded documents/text. Context: Podcast Links: https://podcasts.apple.com/us/podcast/greenpill/id1609313639 https://www.youtube.com/@Green_Pill_Podcast https://pod.link/1609313639 Current status: Apple Podcasts works and confirms show metadata. YouTube and pod.link did not provide easy full episode
IDX01070,Raw URL lead - reddit.com,Projects Initiative,Projects Initiatives,https://www.reddit.com/r/ethfinance/comments/1b3zxin/my_ethereum_bull_case_bonus_usecases_what_it_is/,resource_registry_v0_2,2,,Resource Graph,raw,list with caveat,Preserved from uploaded documents/text. Context:
IDX01071,Raw URL lead - scaffoldeth.io,Organizations Network,Organizations Networks,http://scaffoldeth.io,resource_registry_v0_2,3,,Resource Graph,raw,list with caveat,Preserved from uploaded documents/text. Context: tB/ https://monoskop.org/images/e/e0/Raymond_Eric_S_The_Cathedral_and_the_Bazaar_rev_ed.pdf http://speedrunethereum.com http://scaffoldeth.io http://openhaven.net https://www.re-des.org/a-solarpunk-manifesto/ https://participatoryactionresearch.sites.carleton.e
IDX01072,Raw URL lead - silviprotocol.com,Tools Protocols Platform,Tools Protocols Platforms,https://www.silviprotocol.com/,resource_registry_v0_2,1,,Resource Graph,raw,list with caveat,Preserved from uploaded documents/text. Context:
IDX01073,Raw URL lead - speedrunethereum.com,Organizations Network,Organizations Networks,http://speedrunethereum.com,resource_registry_v0_2,3,,Resource Graph,raw,list with caveat,Preserved from uploaded documents/text. Context: https://mijowa.github.io/CatB/ https://monoskop.org/images/e/e0/Raymond_Eric_S_The_Cathedral_and_the_Bazaar_rev_ed.pdf http://speedrunethereum.com http://scaffoldeth.io http://openhaven.net https://www.re-des.org/a-solarpunk-manifesto/ https://participatoryactionres
IDX01074,Lit Protocol,Tools Protocols Platform,Tools Protocols Platforms,https://litprotocol.com/,resource_registry_v0_2,,,Resource Graph,raw,list with caveat,"Added as a reviewable expansion lead; verify fit, URL, and priority before treating as curated."
IDX01075,Funding the Commons,Funding Mechanisms Capital Flow,Funding Mechanisms Capital Flows,https://fundingthecommons.io/,resource_registry_v0_2,,,Resource Graph,raw,list with caveat,
IDX01076,Regens Unite,Events Conferences Gathering,Events Conferences Gatherings,https://www.regensunite.earth/,resource_registry_v0_2,,,Resource Graph,raw,list with caveat,
IDX01077,Devconnect,Events Conferences Gathering,Events Conferences Gatherings,https://devconnect.org/,resource_registry_v0_2,,,Resource Graph,raw,list with caveat,
IDX01078,ETH CC,Events Conferences Gathering,Events Conferences Gatherings,https://ethcc.io/,resource_registry_v0_2,,,Resource Graph,raw,list with caveat,
IDX01079,ETH Denver,Events Conferences Gathering,Events Conferences Gatherings,https://www.ethdenver.com/,resource_registry_v0_2,,,Resource Graph,raw,list with caveat,
IDX01080,Schelling Point,Funding Mechanisms Capital Flow,Funding Mechanisms Capital Flows,https://schellingpoint.gitcoin.co/,resource_registry_v0_2,,,Resource Graph,raw,list with caveat,
IDX01081,ETH Boulder,Events Conferences Gathering,Events Conferences Gatherings,https://www.ethboulder.xyz/,resource_registry_v0_2,,,Resource Graph,raw,list with caveat,
IDX01082,Bread Coop,Events Conferences Gathering,Events Conferences Gatherings,Raw / no canonical link,resource_registry_v0_2,,,Resource Graph,raw,list with caveat,
IDX01083,ipe city,Events Conferences Gathering,Events Conferences Gatherings,Raw / no canonical link,resource_registry_v0_2,,,Resource Graph,raw,list with caveat,
IDX01084,Luma Event,Events Conferences Gathering,Events Conferences Gatherings,https://luma.com/35utsgw8?tk=xh7h7s,resource_registry_v0_2,,,Resource Graph,raw,list with caveat,
IDX01085,Open Civics Recordings,Podcasts Media Show,Podcasts Media Shows,Raw / no canonical link,resource_registry_v0_2,,,Resource Graph,raw,list with caveat,
IDX01086,Allo Capital,Tools Protocols Platform,Tools Protocols Platforms,https://www.allo.capital/,resource_registry_v0_2,,,Resource Graph,raw,list with caveat,"Added as a reviewable expansion lead; verify fit, URL, and priority before treating as curated."
IDX01087,Allo Protocol,Tools Protocols Platform,Tools Protocols Platforms,https://allo.gitcoin.co/,resource_registry_v0_2,,,Resource Graph,raw,list with caveat,"Added as a reviewable expansion lead; verify fit, URL, and priority before treating as curated."
IDX01088,Gitcoin,Tools Protocols Platform,Tools Protocols Platforms,https://www.gitcoin.co/,resource_registry_v0_2,,,Resource Graph,raw,list with caveat,"Added as a reviewable expansion lead; verify fit, URL, and priority before treating as curated."
IDX01089,Gitcoin Grants Stack,Tools Protocols Platform,Tools Protocols Platforms,https://www.gitcoin.co/grants-stack,resource_registry_v0_2,,,Resource Graph,raw,list with caveat,"Added as a reviewable expansion lead; verify fit, URL, and priority before treating as curated."
IDX01090,Giveth,Tools Protocols Platform,Tools Protocols Platforms,https://giveth.io/,resource_registry_v0_2,,,Resource Graph,raw,list with caveat,"Added as a reviewable expansion lead; verify fit, URL, and priority before treating as curated."
IDX01091,Karma GAP,Tools Protocols Platform,Tools Protocols Platforms,https://gap.karmahq.xyz/,resource_registry_v0_2,,,Resource Graph,raw,list with caveat,"Added as a reviewable expansion lead; verify fit, URL, and priority before treating as curated."
IDX01092,Octant,Tools Protocols Platform,Tools Protocols Platforms,https://octant.build/,resource_registry_v0_2,,,Resource Graph,raw,list with caveat,"Added as a reviewable expansion lead; verify fit, URL, and priority before treating as curated."
IDX01093,Open Source Observer,Tools Protocols Platform,Tools Protocols Platforms,https://www.opensource.observer/,resource_registry_v0_2,,,Resource Graph,raw,list with caveat,"Added as a reviewable expansion lead; verify fit, URL, and priority before treating as curated."
IDX01094,Bread Cooperative,Tools Protocols Platform,Tools Protocols Platforms,https://breadchain.xyz/,resource_registry_v0_2,,,Resource Graph,raw,list with caveat,"Added as a reviewable expansion lead; verify fit, URL, and priority before treating as curated."
IDX01095,0xj4an.celo.eth #Medellín 📍Medallo ⛰️,Tools Protocols Platform,Tools Protocols Platforms,https://x.com/0xj4an,resource_registry_v0_2,1,,Resource Graph,raw,list with caveat,"Auto-extracted account lead from Twitter archive. Counts are mention/retweet signals, not endorsement."
IDX01096,Allo.Capital ⛲️💦,Tools Protocols Platform,Tools Protocols Platforms,https://x.com/allo_capital,resource_registry_v0_2,3,,Resource Graph,raw,list with caveat,"Auto-extracted account lead from Twitter archive. Counts are mention/retweet signals, not endorsement."
IDX01097,ArtizenFund,Tools Protocols Platform,Tools Protocols Platforms,https://x.com/ArtizenFund,resource_registry_v0_2,4,,Resource Graph,raw,list with caveat,"Auto-extracted account lead from Twitter archive. Counts are mention/retweet signals, not endorsement."
IDX01098,Bread Cooperative,Tools Protocols Platform,Tools Protocols Platforms,https://x.com/breadcoop,resource_registry_v0_2,16,,Resource Graph,raw,list with caveat,"Auto-extracted account lead from Twitter archive. Counts are mention/retweet signals, not endorsement."
IDX01099,Celo Public Goods ♻️,Tools Protocols Platform,Tools Protocols Platforms,https://x.com/CeloPublicGoods,resource_registry_v0_2,3,,Resource Graph,raw,list with caveat,"Auto-extracted account lead from Twitter archive. Counts are mention/retweet signals, not endorsement."
IDX01100,DeSci Gitcoin Community,Tools Protocols Platform,Tools Protocols Platforms,https://x.com/DeSci_Round_Ops,resource_registry_v0_2,1,,Resource Graph,raw,list with caveat,"Auto-extracted account lead from Twitter archive. Counts are mention/retweet signals, not endorsement."
IDX01101,Funding the Commons,Tools Protocols Platform,Tools Protocols Platforms,https://x.com/FundingCommons,resource_registry_v0_2,10,,Resource Graph,raw,list with caveat,"Auto-extracted account lead from Twitter archive. Counts are mention/retweet signals, not endorsement."
IDX01102,GEN Ukraine Ecovillage #Octant #GG23,Tools Protocols Platform,Tools Protocols Platforms,https://x.com/gen_ukraine,resource_registry_v0_2,7,,Resource Graph,raw,list with caveat,"Auto-extracted account lead from Twitter archive. Counts are mention/retweet signals, not endorsement."
IDX01103,Gitcoin,Tools Protocols Platform,Tools Protocols Platforms,https://x.com/gitcoin,resource_registry_v0_2,25,,Resource Graph,raw,list with caveat,"Auto-extracted account lead from Twitter archive. Counts are mention/retweet signals, not endorsement."
IDX01104,Giveth,Tools Protocols Platform,Tools Protocols Platforms,https://x.com/Giveth,resource_registry_v0_2,19,,Resource Graph,raw,list with caveat,"Auto-extracted account lead from Twitter archive. Counts are mention/retweet signals, not endorsement."
IDX01105,Hypercerts Foundation,Tools Protocols Platform,Tools Protocols Platforms,https://x.com/hypercerts,resource_registry_v0_2,4,,Resource Graph,raw,list with caveat,"Auto-extracted account lead from Twitter archive. Counts are mention/retweet signals, not endorsement."
IDX01106,james_gaps,Tools Protocols Platform,Tools Protocols Platforms,https://x.com/james_gaps,resource_registry_v0_2,1,,Resource Graph,raw,list with caveat,"Auto-extracted account lead from Twitter archive. Counts are mention/retweet signals, not endorsement."
IDX01107,Karma,Tools Protocols Platform,Tools Protocols Platforms,https://x.com/karmahq_,resource_registry_v0_2,9,,Resource Graph,raw,list with caveat,"Auto-extracted account lead from Twitter archive. Counts are mention/retweet signals, not endorsement."
IDX01108,Lauren Luz,Tools Protocols Platform,Tools Protocols Platforms,https://x.com/karmaticacid,resource_registry_v0_2,1,,Resource Graph,raw,list with caveat,"Auto-extracted account lead from Twitter archive. Counts are mention/retweet signals, not endorsement."
IDX01109,Ma Earth,Tools Protocols Platform,Tools Protocols Platforms,https://x.com/maearthstudio,resource_registry_v0_2,1,,Resource Graph,raw,list with caveat,"Auto-extracted account lead from Twitter archive. Counts are mention/retweet signals, not endorsement."
IDX01110,Maksym Zalevskyi GEN Ukraine #Octant,Tools Protocols Platform,Tools Protocols Platforms,https://x.com/RodovidMe,resource_registry_v0_2,4,,Resource Graph,raw,list with caveat,"Auto-extracted account lead from Twitter archive. Counts are mention/retweet signals, not endorsement."
IDX01111,Octant,Tools Protocols Platform,Tools Protocols Platforms,https://x.com/OctantApp,resource_registry_v0_2,38,,Resource Graph,raw,list with caveat,"Auto-extracted account lead from Twitter archive. Counts are mention/retweet signals, not endorsement."
IDX01112,octant,Tools Protocols Platform,Tools Protocols Platforms,https://x.com/octant,resource_registry_v0_2,1,,Resource Graph,raw,list with caveat,"Auto-extracted account lead from Twitter archive. Counts are mention/retweet signals, not endorsement."
IDX01113,URL lead - allo.capital,Tools Protocols Platform,Tools Protocols Platforms,http://Allo.capital/resources,resource_registry_v0_2,1,,Resource Graph,raw,list with caveat,"Auto-extracted URL lead from Twitter archive. Context: RT @owocki: prints are here! 

you can get them @ https://t.co/UQyYZujK9h https://t.co/c4LFbhG1Yu"
IDX01114,URL lead - bloomnetwork.earth,Tools Protocols Platform,Tools Protocols Platforms,http://bloomnetwork.earth,resource_registry_v0_2,1,,Resource Graph,raw,list with caveat,"Auto-extracted URL lead from Twitter archive. Context: RT @mbauwens: Retroactive public funding rewards the people who have already done the work:

* Bloom Network,

https://t.co/OhgRtaxPYz

 is…"
IDX01115,URL lead - carboncopy.news,Tools Protocols Platform,Tools Protocols Platforms,https://carboncopy.news/content/web3-tooling-series/the-experience,resource_registry_v0_2,1,,Resource Graph,raw,list with caveat,"Auto-extracted URL lead from Twitter archive. Context: Getting locals to use web3 tools is hard because much can go wrong; funding loss, tooling abandonment, complexity fatigue - you name it.

This article, second in the series, shares how ReFi communities navigate these issues.  

Have a delightful read.

https://t.co/jA2yxnfQmx htt"
IDX01116,URL lead - explorer.gitcoin.co,Tools Protocols Platform,Tools Protocols Platforms,https://explorer.gitcoin.co/#/round/42161/867/128,resource_registry_v0_2,2,,Resource Graph,raw,list with caveat,"Auto-extracted URL lead from Twitter archive. Context: GG23 home stretch! 🏇

Excited about our partnership with @CC_ReFi_News to create a series of articles exploring how ReFi communities are using Web3 tooling 🛠️ Show support here https://t.co/DJglcqPRXR

✍️ We're also in the @RegenCoordinate Global round https://t.co/PGWBJmpcVD"
IDX01117,URL lead - explorer.gitcoin.co,Tools Protocols Platform,Tools Protocols Platforms,https://explorer.gitcoin.co/#/round/42220/31/54,resource_registry_v0_2,2,,Resource Graph,raw,list with caveat,"Auto-extracted URL lead from Twitter archive. Context: GG23 home stretch! 🏇

Excited about our partnership with @CC_ReFi_News to create a series of articles exploring how ReFi communities are using Web3 tooling 🛠️ Show support here https://t.co/DJglcqPRXR

✍️ We're also in the @RegenCoordinate Global round https://t.co/PGWBJmpcVD"
IDX01118,URL lead - forms.gle,Tools Protocols Platform,Tools Protocols Platforms,https://forms.gle/JR1eoqQa6pwp3H6YA,resource_registry_v0_2,1,,Resource Graph,raw,list with caveat,"Auto-extracted URL lead from Twitter archive. Context: Last call for all public goods focused communities 💚 We’d love your input in our tooling survey! 

🔗https://t.co/R6SrPdtGgM

So far we have 29 survey responses and conducted 9 interviews ⚡️

Will share when the first part of the series officially drops on @CC_ReFi_News 🗞️ https:/"
IDX01119,URL lead - fortheworld.eco,Tools Protocols Platform,Tools Protocols Platforms,http://www.fortheworld.eco/insights/grantee-announcement,resource_registry_v0_2,1,,Resource Graph,raw,list with caveat,"Auto-extracted URL lead from Twitter archive. Context: RT @ETHForTheWorld: Read more about the grantees and ETH For The World ⬇️

https://t.co/UlD88bLDW7"
IDX01120,URL lead - forum.giveth.io,Tools Protocols Platform,Tools Protocols Platforms,https://forum.giveth.io/t/causes-qf-round-results-wrap-up-september-10-october-2-2025/2117,resource_registry_v0_2,1,,Resource Graph,raw,list with caveat,"Auto-extracted URL lead from Twitter archive. Context: RT @Giveth: See the full breakdown + insights:
 👉https://t.co/9TPDucYg0z

The forum post is open for 3 business days for feedback, then we…"
IDX01121,URL lead - gainforest.gitbook.io,Tools Protocols Platform,Tools Protocols Platforms,https://gainforest.gitbook.io/docs/solutions/ecocerts,resource_registry_v0_2,1,,Resource Graph,raw,list with caveat,"Auto-extracted URL lead from Twitter archive. Context: RT @mbauwens: * What are Ecocerts?

https://t.co/y3PZ2NM8TC

""Ecocerts are environmental hypercerts that standardize the measurement and re…"
IDX01122,URL lead - gap.karmahq.xyz,Tools Protocols Platform,Tools Protocols Platforms,https://gap.karmahq.xyz/project/greenpill-writers-guild?tab=updates,resource_registry_v0_2,1,,Resource Graph,raw,list with caveat,Auto-extracted URL lead from Twitter archive. Context: @RegenCoordinate @gitcoin @karmahq_ @dwddao @sejal_rekhan @allo_capital @owocki @ReFiDAOist @greenpillnet @CeloPublicGoods @maearthmedia Whew these AI Agents really don't trust us but our work is documented and linked in our @karmahq_ profile with the @RegenCoordinate activity re
IDX01123,URL lead - gov.gitcoin.co,Tools Protocols Platform,Tools Protocols Platforms,https://gov.gitcoin.co/t/gg23-predictive-funding-challenge-retrospective/25163,resource_registry_v0_2,1,,Resource Graph,raw,list with caveat,"Auto-extracted URL lead from Twitter archive. Context: RT @VitalikButerin: Deep funding is continuing, and recently finished a major round!

https://t.co/Pp5lyW6EDE

I think my main advice to @d…"
IDX01124,URL lead - gov.gitcoin.co,Tools Protocols Platform,Tools Protocols Platforms,https://gov.gitcoin.co/t/proposal-gitcoin-x-octant-yield-powered-matching-pilot/25065,resource_registry_v0_2,1,,Resource Graph,raw,list with caveat,"Auto-extracted URL lead from Twitter archive. Context: RT @owocki: new @gitcoin x @OctantApp prooposal, now with details!

thx @mathildawrites for this

https://t.co/dVcGqNCAhO"
IDX01125,URL lead - gov.gitcoin.co,Tools Protocols Platform,Tools Protocols Platforms,https://gov.gitcoin.co/t/proposal-gitcoin-x-octant-yield-powered-matching-for-gg25/24977,resource_registry_v0_2,1,,Resource Graph,raw,list with caveat,"Auto-extracted URL lead from Twitter archive. Context: RT @gitcoin: PROPOSAL - Gitcoin x Octant Yield-Powered Matching for GG25 [by @owocki] 
https://t.co/SFWb18NVMO"
IDX01126,URL lead - gov.gitcoin.co,Tools Protocols Platform,Tools Protocols Platforms,https://gov.gitcoin.co/t/partnership-gitcoin-x-giveth-quadratic-funding-for-oss-domain-in-gg24/23013,resource_registry_v0_2,1,,Resource Graph,raw,list with caveat,Auto-extracted URL lead from Twitter archive. Context: RT @Giveth: Learn more about it! https://t.co/L2bcKEt7SF
IDX01127,URL lead - gov.gitcoin.co,Tools Protocols Platform,Tools Protocols Platforms,https://gov.gitcoin.co/t/ann-partnership-gitcoin-x-giveth-quadratic-funding-for-oss-domain-in-gg24/23013,resource_registry_v0_2,1,,Resource Graph,raw,list with caveat,"Auto-extracted URL lead from Twitter archive. Context: RT @gitcoin: Read more on the partnership here below. More partnerships for OSS GG24 coming soon!
https://t.co/9YGeO8ETPQ"
IDX01128,URL lead - greenpill.network,Books Papers Articles Report,Books Papers Articles Reports,https://greenpill.network/#book,resource_registry_v0_2,1,,Resource Graph,raw,list with caveat,"Auto-extracted URL lead from Twitter archive. Context: Bunch of excellent books available for free on https://t.co/v1qHejZQJ0

🟢 Greenpilled: How Crypto Can Regenerate the World
💡 On-Chain Impact Networks
📔 Onchain Capital Allocation Handbooks
🤗 Ethereum Localism
🌿 Grassroots Economics
🍄 Exploring MyCoFI

And more!"
IDX01129,URL lead - hackmd.io,Tools Protocols Platform,Tools Protocols Platforms,https://hackmd.io/@Carboclanc/SJFYXKt_ex,resource_registry_v0_2,1,,Resource Graph,raw,list with caveat,"Auto-extracted URL lead from Twitter archive. Context: RT @theobtl: Find all links and resources around the Ethereum Research Funding Forum New York 2025 here:
https://t.co/zIdnk6EX2p"
IDX01130,URL lead - mountainjournal.org,Tools Protocols Platform,Tools Protocols Platforms,https://mountainjournal.org/wildlife-crossings-could-see-permanent-federal-funding-through-bipartisan-bill-introduced-by-zinke-and-beyer/,resource_registry_v0_2,1,,Resource Graph,raw,list with caveat,Auto-extracted URL lead from Twitter archive. Context: RT @tmoindustries: Wildlife Crossings Could See Permanent Federal Funding Through Bipartisan Bill - Mountain Journal https://t.co/pF0PT4XzhS
IDX01131,URL lead - mozillafoundation.org,Tools Protocols Platform,Tools Protocols Platforms,https://www.mozillafoundation.org/en/what-we-do/grantmaking/incubator/democracy-ai-cohort/,resource_registry_v0_2,1,,Resource Graph,raw,list with caveat,"Auto-extracted URL lead from Twitter archive. Context: RT @PluralityInst: Democracy x AI Cohort: Call for Proposals by Mozilla Foundation
Deadline: March 16, 2026 https://t.co/NYAvtoL8y8"
IDX01132,URL lead - nathanschneider.info,Tools Protocols Platform,Tools Protocols Platforms,https://nathanschneider.info/2026/02/constitutional-agents-for-online-governance/,resource_registry_v0_2,1,,Resource Graph,raw,list with caveat,"Auto-extracted URL lead from Twitter archive. Context: RT @ntnsndr: New blog post: ""Constitutional Agents for Online Governance"" https://t.co/MJfccqFjcz"
IDX01133,URL lead - news.artizen.fund,Tools Protocols Platform,Tools Protocols Platforms,https://news.artizen.fund/p/vending-machine-for-creativity,resource_registry_v0_2,1,,Resource Graph,raw,list with caveat,"Auto-extracted URL lead from Twitter archive. Context: RT @ArtizenFund: @revnets @juiceboxETH @me_jango Read about our Revnet here: 
https://t.co/tNrER5DvV8"
IDX01134,URL lead - news.giveth.io,Tools Protocols Platform,Tools Protocols Platforms,https://news.giveth.io/givnews48,resource_registry_v0_2,1,,Resource Graph,raw,list with caveat,"Auto-extracted URL lead from Twitter archive. Context: RT @Giveth: Read the full edition 👇

https://t.co/Y9irA3pKag"
IDX01135,URL lead - paragraph.com,Tools Protocols Platform,Tools Protocols Platforms,https://paragraph.com/@greenpill/celebrating-evolution-and-alignment-bread-cooperative-regen-coordination,resource_registry_v0_2,1,,Resource Graph,raw,list with caveat,"Auto-extracted URL lead from Twitter archive. Context: RT @greenpillnet: @breadcoop 🍞💚 @RegenCoordinate 

https://t.co/1uKxciYnZ1"
IDX01136,URL lead - paragraph.com,Tools Protocols Platform,Tools Protocols Platforms,https://paragraph.com/@holonic-horizons/beyond-funding-web3s-real-coordination-crisis-and-the-paradoxes-were-ignoring,resource_registry_v0_2,1,,Resource Graph,raw,list with caveat,"Auto-extracted URL lead from Twitter archive. Context: RT @durgadasjii: https://t.co/eCDRx4jCtF My latest post on Web3, funding, and coordination."
IDX01137,URL lead - paragraph.com,Tools Protocols Platform,Tools Protocols Platforms,https://paragraph.com/@greenpilldevguild/the-allo-alliance-innovating-capital-allocation-on-chain,resource_registry_v0_2,1,,Resource Graph,raw,list with caveat,"Auto-extracted URL lead from Twitter archive. Context: RT @greenpilldevs: Part 3 🌳 The Allo Alliance - Innovating Capital Allocation On-Chain

🔗 https://t.co/tWSmerrGKr

As funds start to accrue…"
IDX01138,URL lead - paragraph.com,Tools Protocols Platform,Tools Protocols Platforms,https://paragraph.com/@paul2.eth/the-2-token-model-for-public-goods,resource_registry_v0_2,1,,Resource Graph,raw,list with caveat,"Auto-extracted URL lead from Twitter archive. Context: RT @Paul_Glavin: Moving beyond the inherent conflict between good governance and good business for public goods.

https://t.co/0gh9Xljwap"
IDX01139,URL lead - snapshot.box,Tools Protocols Platform,Tools Protocols Platforms,https://snapshot.box/#/s:gitcoindao.eth/proposal/0x13c3dced815dba9c84475d1f70e8edd36ff4554473020e57926d3984643dfd6b,resource_registry_v0_2,1,,Resource Graph,raw,list with caveat,"Auto-extracted URL lead from Twitter archive. Context: RT @gardens_fund: Last week the @gitcoin community voted to take our relationship to the next level 🚀

https://t.co/CP1ZUvFP8Z

Previously…"
IDX01140,URL lead - stage.gitcoin.co,Tools Protocols Platform,Tools Protocols Platforms,https://stage.gitcoin.co/research/post-capitalist-substrate-of-the-abundance-economy,resource_registry_v0_2,1,,Resource Graph,raw,list with caveat,"Auto-extracted URL lead from Twitter archive. Context: RT @owockibot: @omniharmonic @owocki 🫡

https://t.co/e10kmmofwQ"
IDX01141,URL lead - x.com,Tools Protocols Platform,Tools Protocols Platforms,https://x.com/GreenpillWrites/status/2015695327731302766,resource_registry_v0_2,1,,Resource Graph,raw,list with caveat,"Auto-extracted URL lead from Twitter archive. Context: Getting locals to use web3 tools is hard because much can go wrong; funding loss, tooling abandonment, complexity fatigue - you name it.

This article, second in the series, shares how ReFi communities navigate these issues.  

Have a delightful read.

https://t.co/jA2yxnfQmx htt"
IDX01142,URL lead - x.com,Tools Protocols Platform,Tools Protocols Platforms,https://x.com/GreenpillWrites/status/1935366487998447940,resource_registry_v0_2,1,,Resource Graph,raw,list with caveat,"Auto-extracted URL lead from Twitter archive. Context: Last call for all public goods focused communities 💚 We’d love your input in our tooling survey! 

🔗https://t.co/R6SrPdtGgM

So far we have 29 survey responses and conducted 9 interviews ⚡️

Will share when the first part of the series officially drops on @CC_ReFi_News 🗞️ https:/"
IDX01143,X Article lead - 1945509263171854336,Books Papers Articles Report,Books Papers Articles Reports,http://x.com/i/article/1945509263171854336,resource_registry_v0_2,1,,Resource Graph,raw,list with caveat,Auto-extracted URL lead from Twitter archive. Context: RT @OctantApp: https://t.co/eL9J6hzfeZ
IDX01144,X Article lead - 1945880460216905728,Books Papers Articles Report,Books Papers Articles Reports,http://x.com/i/article/1945880460216905728,resource_registry_v0_2,1,,Resource Graph,raw,list with caveat,Auto-extracted URL lead from Twitter archive. Context: RT @OctantApp: https://t.co/8CUlH9Yhoc
IDX01145,X Article lead - 1948017964315181056,Books Papers Articles Report,Books Papers Articles Reports,http://x.com/i/article/1948017964315181056,resource_registry_v0_2,1,,Resource Graph,raw,list with caveat,Auto-extracted URL lead from Twitter archive. Context: RT @gitcoin: https://t.co/VhaFFGUFdQ
IDX01146,X Article lead - 1948777901974843392,Books Papers Articles Report,Books Papers Articles Reports,http://x.com/i/article/1948777901974843392,resource_registry_v0_2,1,,Resource Graph,raw,list with caveat,Auto-extracted URL lead from Twitter archive. Context: RT @OctantApp: https://t.co/2TDwCZ5Q1Q
IDX01147,X Article lead - 1961059145945108480,Books Papers Articles Report,Books Papers Articles Reports,http://x.com/i/article/1961059145945108480,resource_registry_v0_2,1,,Resource Graph,raw,list with caveat,Auto-extracted URL lead from Twitter archive. Context: RT @OctantApp: https://t.co/4KkZV2VUI7
IDX01148,X Article lead - 1967635695100649472,Books Papers Articles Report,Books Papers Articles Reports,http://x.com/i/article/1967635695100649472,resource_registry_v0_2,1,,Resource Graph,raw,list with caveat,Auto-extracted URL lead from Twitter archive. Context: RT @Giveth: https://t.co/oF9AOWw8Tj
IDX01149,X Article lead - 2002037480317452288,Books Papers Articles Report,Books Papers Articles Reports,http://x.com/i/article/2002037480317452288,resource_registry_v0_2,1,,Resource Graph,raw,list with caveat,Auto-extracted URL lead from Twitter archive. Context: RT @renaissancing_: https://t.co/qFKt9RbW6w
IDX01150,X Article lead - 2010953482476666881,Books Papers Articles Report,Books Papers Articles Reports,http://x.com/i/article/2010953482476666881,resource_registry_v0_2,1,,Resource Graph,raw,list with caveat,Auto-extracted URL lead from Twitter archive. Context: RT @arkreen_network: https://t.co/f7TPpgapzn
IDX01151,X Article lead - 2018690954031460352,Books Papers Articles Report,Books Papers Articles Reports,http://x.com/i/article/2018690954031460352,resource_registry_v0_2,1,,Resource Graph,raw,list with caveat,Auto-extracted URL lead from Twitter archive. Context: RT @karmahq_: https://t.co/2bO4Y5hBPR
IDX01152,X Article lead - 2018729653586812929,Books Papers Articles Report,Books Papers Articles Reports,http://x.com/i/article/2018729653586812929,resource_registry_v0_2,1,,Resource Graph,raw,list with caveat,Auto-extracted URL lead from Twitter archive. Context: RT @Giveth: https://t.co/BUI0nLbybd
IDX01153,X Article lead - 2024192114951933954,Books Papers Articles Report,Books Papers Articles Reports,http://x.com/i/article/2024192114951933954,resource_registry_v0_2,1,,Resource Graph,raw,list with caveat,Auto-extracted URL lead from Twitter archive. Context: RT @OctantApp: https://t.co/w5r7n3smED
IDX01154,X Article lead - 2029598096880291840,Books Papers Articles Report,Books Papers Articles Reports,http://x.com/i/article/2029598096880291840,resource_registry_v0_2,1,,Resource Graph,raw,list with caveat,Auto-extracted URL lead from Twitter archive. Context: RT @karmahq_: https://t.co/o1eQRKJNk9
IDX01155,X Article lead - 2034664252145901568,Books Papers Articles Report,Books Papers Articles Reports,http://x.com/i/article/2034664252145901568,resource_registry_v0_2,1,,Resource Graph,raw,list with caveat,Auto-extracted URL lead from Twitter archive. Context: RT @OctantApp: https://t.co/R4ngvC4QD9
IDX01156,X Article lead - 2036726641381056512,Books Papers Articles Report,Books Papers Articles Reports,http://x.com/i/article/2036726641381056512,resource_registry_v0_2,1,,Resource Graph,raw,list with caveat,Auto-extracted URL lead from Twitter archive. Context: RT @Giveth: https://t.co/P8n7UQNYHC
IDX01157,X Article lead - 2047094092711006208,Books Papers Articles Report,Books Papers Articles Reports,http://x.com/i/article/2047094092711006208,resource_registry_v0_2,1,,Resource Graph,raw,list with caveat,Auto-extracted URL lead from Twitter archive. Context: RT @wmougayar: https://t.co/eIirQFDU0k
IDX01158,X Article lead - 2049245957695639552,Books Papers Articles Report,Books Papers Articles Reports,http://x.com/i/article/2049245957695639552,resource_registry_v0_2,1,,Resource Graph,raw,list with caveat,Auto-extracted URL lead from Twitter archive. Context: RT @karmaticacid: https://t.co/KYtSMJxIoY
IDX01159,X Article lead - 2049537214158405632,Books Papers Articles Report,Books Papers Articles Reports,http://x.com/i/article/2049537214158405632,resource_registry_v0_2,1,,Resource Graph,raw,list with caveat,Auto-extracted URL lead from Twitter archive. Context: RT @karmahq_: https://t.co/2qKE1XvmRb
IDX01160,X Article lead - 2059273350539857920,Books Papers Articles Report,Books Papers Articles Reports,http://x.com/i/article/2059273350539857920,resource_registry_v0_2,1,,Resource Graph,raw,list with caveat,Auto-extracted URL lead from Twitter archive. Context: RT @OctantApp: https://t.co/eLJ2ymUuU8
IDX01161,Raw URL lead - allo.capital,Tools Protocols Platform,Tools Protocols Platforms,https://www.allo.capital/,resource_registry_v0_2,2,,Resource Graph,raw,list with caveat,Preserved from uploaded documents/text. Context:
IDX01162,Raw URL lead - allo.capital,Tools Protocols Platform,Tools Protocols Platforms,https://www.allo.capital/resources,resource_registry_v0_2,2,,Resource Graph,raw,list with caveat,Preserved from uploaded documents/text. Context:
IDX01163,Raw URL lead - allo.capital,Tools Protocols Platform,Tools Protocols Platforms,https://www.allo.capital/resources/ocah1,resource_registry_v0_2,1,,Resource Graph,raw,list with caveat,Preserved from uploaded documents/text. Context:
IDX01164,Raw URL lead - allo.capital,Tools Protocols Platform,Tools Protocols Platforms,https://www.allo.capital/resources/Ocah2,resource_registry_v0_2,1,,Resource Graph,raw,list with caveat,Preserved from uploaded documents/text. Context:
IDX01165,Raw URL lead - allo.capital,Tools Protocols Platform,Tools Protocols Platforms,https://www.allo.capital/resources/thenetworkedfirm,resource_registry_v0_2,1,,Resource Graph,raw,list with caveat,Preserved from uploaded documents/text. Context:
IDX01166,Raw URL lead - allo.capital,Books Papers Articles Report,Books Papers Articles Reports,https://www.allo.capital/resources/grassroots-economics-book,resource_registry_v0_2,1,,Resource Graph,raw,list with caveat,Preserved from uploaded documents/text. Context:
IDX01167,Raw URL lead - allo.capital,Books Papers Articles Report,Books Papers Articles Reports,https://www.allo.capital/resources/ethereum-localism-book,resource_registry_v0_2,2,,Resource Graph,raw,list with caveat,Preserved from uploaded documents/text. Context:
IDX01168,Raw URL lead - bioregionalknowledgecommons.github.io,Repositories Codebase,Repositories Codebases,https://bioregionalknowledgecommons.github.io/roadmap/,resource_registry_v0_2,2,,Resource Graph,raw,list with caveat,Preserved from uploaded documents/text. Context: candidate - https://github.com/BioregionalKnowledgeCommons/Octo - BKC Roadmap - bioregional knowledge commons roadmap - https://bioregionalknowledgecommons.github.io/roadmap/ - SuperBenefit Knowledge Garden - adjacent knowledge garden and public goods/regenerative web3 source - https://knowled
IDX01169,Raw URL lead - breadchain.xyz,Tools Protocols Platform,Tools Protocols Platforms,https://breadchain.xyz/,resource_registry_v0_2,2,,Resource Graph,raw,list with caveat,"Preserved from uploaded documents/text. Context: ion / funding governance lead - https://gardens.fund/ - Bread Cooperative - solidarity crypto and distribution cycles - https://breadchain.xyz/ - Grassroots Economics / Sarafu - commitment pooling, community currencies, local finance - https://www.grassrootsecono"
IDX01170,Raw URL lead - celo.org,Tools Protocols Platform,Tools Protocols Platforms,https://celo.org/,resource_registry_v0_2,3,,Resource Graph,raw,list with caveat,Preserved from uploaded documents/text. Context: didate - https://www.regenatlas.xyz/ - Celo / Celo Public Goods - mobile-first and ReFi-adjacent blockchain ecosystem - https://celo.org/ - Climate Collective - climate web3 and ReFi ecosystem context - https://climatecollective.org/ - Ethereum Localism - l
IDX01171,Raw URL lead - cryptoaltruists.com,Tools Protocols Platform,Tools Protocols Platforms,https://www.cryptoaltruists.com/podcasts,resource_registry_v0_2,3,,Resource Graph,raw,list with caveat,"Preserved from uploaded documents/text. Context: /podcast/greenpill/id1609313639 - Crypto Altruists Podcast - web3 impact, ReFi, humanitarian aid, DeSci, public goods - https://www.cryptoaltruists.com/podcasts - The Blockchain Socialist - crypto-left, cooperative crypto, public AI, Fileverse, Bread Coop - https://theblockchains | eed; YouTube export; playlist export; copied episode list; high-signal episode list. 7.2 Crypto Altruists Podcast Lin"
IDX01172,Raw URL lead - daostar.org,Tools Protocols Platform,Tools Protocols Platforms,https://www.daostar.org/open-grants,resource_registry_v0_2,2,,Resource Graph,raw,list with caveat,Preserved from uploaded documents/text. Context:
IDX01173,Raw URL lead - docs.attest.org,Tools Protocols Platform,Tools Protocols Platforms,https://docs.attest.org/,resource_registry_v0_2,2,,Resource Graph,raw,list with caveat,"Preserved from uploaded documents/text. Context: Identity, attestations, access, reputation, and records - Ethereum Attestation Service - attestation infrastructure - https://docs.attest.org/ - EAS Explorer - schemas and attestations - https://easscan.org/ - Hypercerts - structured impact records - https://doc"
IDX01174,Raw URL lead - docs.gap.karmahq.xyz,Tools Protocols Platform,Tools Protocols Platforms,https://docs.gap.karmahq.xyz/,resource_registry_v0_2,4,,Resource Graph,raw,list with caveat,"Preserved from uploaded documents/text. Context: tive funding leads - https://docs.hypercerts.org/ - Karma GAP - grantee accountability and milestone/progress updates - https://docs.gap.karmahq.xyz/ ### Knowledge gardens, ontology, and source-system peers - Knowledge Commoning Swarm - broader knowledge commons coll | ts - structured impact records - https://docs.hypercerts.org/ - Karma GAP - grant accountability and progress records - https://do"
IDX01175,Raw URL lead - docs.hypercerts.org,Tools Protocols Platform,Tools Protocols Platforms,https://docs.hypercerts.org/,resource_registry_v0_2,4,,Resource Graph,raw,list with caveat,Preserved from uploaded documents/text. Context: exchange platform - https://sarafu.network/ - Hypercerts - structured impact records and retrospective funding leads - https://docs.hypercerts.org/ - Karma GAP - grantee accountability and milestone/progress updates - https://docs.gap.karmahq.xyz/ ### Knowledge gard | attest.org/ - EAS Explorer - schemas and attestations - https://easscan.org/ - Hypercerts - structured impact records - https://doc
IDX01176,Raw URL lead - docs.unlock-protocol.com,Tools Protocols Platform,Tools Protocols Platforms,https://docs.unlock-protocol.com/,resource_registry_v0_2,2,,Resource Graph,raw,list with caveat,Preserved from uploaded documents/text. Context: - POAP - participation and event memory - https://poap.xyz/ - Unlock Protocol - onchain memberships and subscriptions - https://docs.unlock-protocol.com/ - Hats Protocol - roles and accountability - https://www.hatsprotocol.xyz/ - Gitcoin Passport / Human Passport - Sybil
IDX01177,Raw URL lead - easscan.org,Tools Protocols Platform,Tools Protocols Platforms,https://easscan.org/,resource_registry_v0_2,2,,Resource Graph,raw,list with caveat,Preserved from uploaded documents/text. Context: Attestation Service - attestation infrastructure - https://docs.attest.org/ - EAS Explorer - schemas and attestations - https://easscan.org/ - Hypercerts - structured impact records - https://docs.hypercerts.org/ - Karma GAP - grant accountability and progress
IDX01178,Raw URL lead - ethereum.org,Tools Protocols Platform,Tools Protocols Platforms,https://ethereum.org/,resource_registry_v0_2,3,,Resource Graph,raw,list with caveat,"Preserved from uploaded documents/text. Context: sg.com/ ### Ethereum, protocol, and public goods infrastructure - Ethereum.org - canonical Ethereum ecosystem entry - https://ethereum.org/ - Ethereum Magicians - protocol governance forum - https://ethereum-magicians.org/ - ethresear.ch - Ethereum research f"
IDX01179,Raw URL lead - feeds.buzzsprout.com,Tools Protocols Platform,Tools Protocols Platforms,https://feeds.buzzsprout.com/903769.rss,resource_registry_v0_2,1,,Resource Graph,raw,list with caveat,Preserved from uploaded documents/text. Context: odcast Archive / Web3 Impact Case Library. 7.3 The Blockchain Socialist Links: https://theblockchainsocialist.com/ RSS: https://feeds.buzzsprout.com/903769.rss Current status: Extractable. Highly relevant. Themes: crypto-left; solidarity primitives; Bread Coop; cooperative crypt
IDX01180,Raw URL lead - forum.arbitrum.foundation,Tools Protocols Platform,Tools Protocols Platforms,https://forum.arbitrum.foundation/,resource_registry_v0_2,3,,Resource Graph,raw,list with caveat,Preserved from uploaded documents/text. Context: m - public goods and governance context - https://gov.optimism.io/ - Arbitrum Governance Forum - ecosystem governance - https://forum.arbitrum.foundation/ - ENS Governance Forum - identity/name governance - https://discuss.ens.domains/ - Token Engineering Commons Forum - me | n Forum — https://forum.regen.network/ Optimism Governance Forum — https://gov.optimism.io/ Arbitrum Governance Forum — htt
IDX01181,Raw URL lead - forum.celo.org,Tools Protocols Platform,Tools Protocols Platforms,https://forum.celo.org/,resource_registry_v0_2,3,,Resource Graph,raw,list with caveat,Preserved from uploaded documents/text. Context: - mechanism governance context - https://forum.tecommons.org/ - Celo Forum - ReFi / public goods ecosystem governance - https://forum.celo.org/ - Maker / Sky Governance Forum - governance / treasury source - https://forum.sky.money/ - Protocol Guild - Ethereum co | trum.foundation/ Ethereum Magicians — https://ethereum-magicians.org/ ethresear.ch — https://ethresear.ch/ Celo Forum — https://forum.
IDX01182,Raw URL lead - forum.giveth.io,Tools Protocols Platform,Tools Protocols Platforms,https://forum.giveth.io/,resource_registry_v0_2,3,,Resource Graph,raw,list with caveat,"Preserved from uploaded documents/text. Context: - Giveth - donations, QF, causes, project pages - https://giveth.io/ - Giveth Forum - project and governance archive - https://forum.giveth.io/ - Octant - public goods funding and yield-based allocation system - https://octant.build/ - Octant v2 docs - funding mo | Coordination Hub — https://hub.regencoordination.xyz/ Gitcoin Governance Forum — https://gov.gitcoin.co/ Giveth Forum — https://forum."
IDX01183,Raw URL lead - forum.regen.network,Tools Protocols Platform,Tools Protocols Platforms,https://forum.regen.network/,resource_registry_v0_2,1,,Resource Graph,raw,list with caveat,Preserved from uploaded documents/text. Context: rnance Forum — https://gov.gitcoin.co/ Giveth Forum — https://forum.giveth.io/ Regen Network / Regen Foundation Forum — https://forum.regen.network/ Optimism Governance Forum — https://gov.optimism.io/ Arbitrum Governance Forum — https://forum.arbitrum.foundation/ Eth
IDX01184,Raw URL lead - forum.sky.money,Tools Protocols Platform,Tools Protocols Platforms,https://forum.sky.money/,resource_registry_v0_2,3,,Resource Graph,raw,list with caveat,"Preserved from uploaded documents/text. Context: ic goods ecosystem governance - https://forum.celo.org/ - Maker / Sky Governance Forum - governance / treasury source - https://forum.sky.money/ - Protocol Guild - Ethereum commons funding context - https://protocol-guild.readthedocs.io/ ### Identity, attestation | magicians.org/ ethresear.ch — https://ethresear.ch/ Celo Forum — https://forum.celo.org/ Maker / Sky Governance Forum — https://forum."
IDX01185,Raw URL lead - forum.tecommons.org,Tools Protocols Platform,Tools Protocols Platforms,https://forum.tecommons.org/,resource_registry_v0_2,3,,Resource Graph,raw,list with caveat,Preserved from uploaded documents/text. Context: ntity/name governance - https://discuss.ens.domains/ - Token Engineering Commons Forum - mechanism governance context - https://forum.tecommons.org/ - Celo Forum - ReFi / public goods ecosystem governance - https://forum.celo.org/ - Maker / Sky Governance Forum - gove | rum — https://forum.celo.org/ Maker / Sky Governance Forum — https://forum.sky.money/ Token Engineering Commons Forum — https://f
IDX01186,Raw URL lead - gap.karmahq.xyz,Tools Protocols Platform,Tools Protocols Platforms,https://gap.karmahq.xyz/,resource_registry_v0_2,1,,Resource Graph,raw,list with caveat,Preserved from uploaded documents/text. Context:
IDX01187,Raw URL lead - gardens.fund,Tools Protocols Platform,Tools Protocols Platforms,https://gardens.fund/,resource_registry_v0_2,4,,Resource Graph,raw,list with caveat,Preserved from uploaded documents/text. Context: n collective finance - https://opencollective.com/ - Gardens - shared resource coordination / funding governance lead - https://gardens.fund/ - Bread Cooperative - solidarity crypto and distribution cycles - https://breadchain.xyz/ - Grassroots Economics / Sara
IDX01188,Raw URL lead - gitcoin.co,Tools Protocols Platform,Tools Protocols Platforms,https://www.gitcoin.co/mechanisms,resource_registry_v0_2,2,,Resource Graph,raw,list with caveat,Preserved from uploaded documents/text. Context:
IDX01189,Raw URL lead - gitcoin.co,Tools Protocols Platform,Tools Protocols Platforms,https://www.gitcoin.co/apps/gitcoin-grants-stack,resource_registry_v0_2,2,,Resource Graph,raw,list with caveat,Preserved from uploaded documents/text. Context:
IDX01190,Raw URL lead - gitcoin.co,Tools Protocols Platform,Tools Protocols Platforms,https://www.gitcoin.co/case-studies,resource_registry_v0_2,2,,Resource Graph,raw,list with caveat,Preserved from uploaded documents/text. Context:
IDX01191,Raw URL lead - github.com,Repositories Codebase,Repositories Codebases,https://github.com/allo-protocol,resource_registry_v0_2,2,,Resource Graph,raw,list with caveat,Preserved from uploaded documents/text. Context:
IDX01192,Raw URL lead - giveth.io,Tools Protocols Platform,Tools Protocols Platforms,https://giveth.io/,resource_registry_v0_2,3,,Resource Graph,raw,list with caveat,"Preserved from uploaded documents/text. Context: nce, grants, funding rounds, retrospectives - https://gov.gitcoin.co/ - Giveth - donations, QF, causes, project pages - https://giveth.io/ - Giveth Forum - project and governance archive - https://forum.giveth.io/ - Octant - public goods funding and yield-ba"
IDX01193,Raw URL lead - gov.gitcoin.co,Tools Protocols Platform,Tools Protocols Platforms,https://gov.gitcoin.co/,resource_registry_v0_2,4,,Resource Graph,raw,list with caveat,"Preserved from uploaded documents/text. Context: d source system - https://gitcoin.co/ - Gitcoin Governance Forum - governance, grants, funding rounds, retrospectives - https://gov.gitcoin.co/ - Giveth - donations, QF, causes, project pages - https://giveth.io/ - Giveth Forum - project and governance archive - | orum/governance archive surfaces Regen Coordination Hub — https://hub.regencoordination.xyz/ Gitcoin Governance Forum — https://gov.git"
IDX01194,Raw URL lead - gov.optimism.io,Tools Protocols Platform,Tools Protocols Platforms,https://gov.optimism.io/,resource_registry_v0_2,3,,Resource Graph,raw,list with caveat,Preserved from uploaded documents/text. Context: Everywhere / Use Case Lab - source-system cluster. - Optimism Governance Forum - public goods and governance context - https://gov.optimism.io/ - Arbitrum Governance Forum - ecosystem governance - https://forum.arbitrum.foundation/ - ENS Governance Forum - identi | ps://forum.giveth.io/ Regen Network / Regen Foundation Forum — https://forum.regen.network/ Optimism Governance Forum — https://gov.op
IDX01195,Raw URL lead - hub.regencoordination.xyz,Tools Protocols Platform,Tools Protocols Platforms,https://hub.regencoordination.xyz/,resource_registry_v0_2,1,,Resource Graph,raw,list with caveat,Preserved from uploaded documents/text. Context: l as lower-priority historical/mechanism reference Important forum/governance archive surfaces Regen Coordination Hub — https://hub.regencoordination.xyz/ Gitcoin Governance Forum — https://gov.gitcoin.co/ Giveth Forum — https://forum.giveth.io/ Regen Network / Regen Founda
IDX01196,Raw URL lead - knowledge.superbenefit.org,Tools Protocols Platform,Tools Protocols Platforms,https://knowledge.superbenefit.org/,resource_registry_v0_2,3,,Resource Graph,raw,list with caveat,Preserved from uploaded documents/text. Context: hub.io/roadmap/ - SuperBenefit Knowledge Garden - adjacent knowledge garden and public goods/regenerative web3 source - https://knowledge.superbenefit.org/ - LocalNodes - AI-powered community knowledge garden candidate - https://localnodes.xyz/ - Network Nations Garden - kno
IDX01197,Raw URL lead - octant.app,Tools Protocols Platform,Tools Protocols Platforms,https://octant.app/,resource_registry_v0_2,1,,Resource Graph,raw,list with caveat,Preserved from uploaded documents/text. Context:
IDX01198,Raw URL lead - octant.build,Tools Protocols Platform,Tools Protocols Platforms,https://octant.build/,resource_registry_v0_2,2,,Resource Graph,raw,list with caveat,Preserved from uploaded documents/text. Context: t and governance archive - https://forum.giveth.io/ - Octant - public goods funding and yield-based allocation system - https://octant.build/ - Octant v2 docs - funding model and developer documentation - https://docs.v2.octant.build/ - Funding the Commons - pu
IDX01199,Raw URL lead - openearth.org,Tools Protocols Platform,Tools Protocols Platforms,https://openearth.org/,resource_registry_v0_2,4,,Resource Graph,raw,list with caveat,"Preserved from uploaded documents/text. Context: vation tech, AI, ecological funding - https://gainforest.earth/ - Open Earth Foundation - climate data infrastructure - https://openearth.org/ - Restor - restoration project map - https://restor.eco/ - Global Forest Watch - forest monitoring - https://www.global"
IDX01200,Raw URL lead - passport.gitcoin.co,Tools Protocols Platform,Tools Protocols Platforms,https://passport.gitcoin.co/,resource_registry_v0_2,1,,Resource Graph,raw,list with caveat,Preserved from uploaded documents/text. Context:
IDX01201,Raw URL lead - poap.xyz,Tools Protocols Platform,Tools Protocols Platforms,https://poap.xyz/,resource_registry_v0_2,2,,Resource Graph,raw,list with caveat,Preserved from uploaded documents/text. Context: P - grant accountability and progress records - https://docs.gap.karmahq.xyz/ - POAP - participation and event memory - https://poap.xyz/ - Unlock Protocol - onchain memberships and subscriptions - https://docs.unlock-protocol.com/ - Hats Protocol - roles a
IDX01202,Raw URL lead - podcasts.apple.com,Podcasts Media Show,Podcasts Media Shows,https://podcasts.apple.com/us/podcast/greenpill/id1609313639,resource_registry_v0_2,3,,Resource Graph,raw,list with caveat,"Preserved from uploaded documents/text. Context: narrative archives - GreenPill Podcast - regenerative crypto, public goods, mechanism design, Ethereum coordination - https://podcasts.apple.com/us/podcast/greenpill/id1609313639 - Crypto Altruists Podcast - web3 impact, ReFi, humanitarian aid, DeSci, public goods - https://www.cryptoaltruists.com | ast and media source systems Three important podcast/media source systems were identified. 7.1 Gree"
IDX01203,Raw URL lead - regen.foundation,Tools Protocols Platform,Tools Protocols Platforms,https://regen.foundation/,resource_registry_v0_2,4,,Resource Graph,raw,list with caveat,"Preserved from uploaded documents/text. Context: ssets, Regen forum - https://www.regen.network/ - Regen Foundation - ecosystem steward / funding / governance context - https://regen.foundation/ - Regen Atlas - regenerative project atlas / mapping candidate - https://www.regenatlas.xyz/ - Celo / Celo Public Goods"
IDX01204,Raw URL lead - sarafu.network,Tools Protocols Platform,Tools Protocols Platforms,https://sarafu.network/,resource_registry_v0_2,3,,Resource Graph,raw,list with caveat,Preserved from uploaded documents/text. Context: ocal finance - https://www.grassrootseconomics.org/ - Sarafu Network - community currency and local exchange platform - https://sarafu.network/ - Hypercerts - structured impact records and retrospective funding leads - https://docs.hypercerts.org/ - Karma GAP - g
IDX01205,Raw URL lead - theblockchainsocialist.com,Tools Protocols Platform,Tools Protocols Platforms,https://theblockchainsocialist.com/,resource_registry_v0_2,3,,Resource Graph,raw,list with caveat,"Preserved from uploaded documents/text. Context: altruists.com/podcasts - The Blockchain Socialist - crypto-left, cooperative crypto, public AI, Fileverse, Bread Coop - https://theblockchainsocialist.com/ - Funding the Commons talks - public goods funding and mechanism design source. - The Daily Gwei - Ethereum education a | nge. Routing: Source System Candidate / Podcast Archive / Web3 Impact Case Library. 7.3 The Blockchain Socialist Links: ht"
IDX01206,Raw URL lead - x.com,Tools Protocols Platform,Tools Protocols Platforms,https://x.com/OctantApp/status/2031395776539062506,resource_registry_v0_2,3,,Resource Graph,raw,list with caveat,Preserved from uploaded documents/text. Context: 4922543690490000 https://x.com/reslashacc/status/2029650740424364261 https://x.com/zaldarren/status/2028973515463065883 https://x.com/OctantApp/status/2031395776539062506 https://x.com/web3privacy/status/2028822840313537000 https://x.com/gitcoin/status/2028638206988816668 https://x.com/Net
IDX01207,Raw URL lead - x.com,Tools Protocols Platform,Tools Protocols Platforms,https://x.com/gitcoin/status/2028638206988816668,resource_registry_v0_2,1,,Resource Graph,raw,list with caveat,Preserved from uploaded documents/text. Context: 973515463065883 https://x.com/OctantApp/status/2031395776539062506 https://x.com/web3privacy/status/2028822840313537000 https://x.com/gitcoin/status/2028638206988816668 https://x.com/NetxState/status/2033280826847424631 https://x.com/UNDP_AltFinLab/status/2014338844657611138 https://x.co
IDX01208,Artizen,Tools Protocols Platform,Tools Protocols Platforms,https://artizen.fund/,resource_registry_v0_2,,,Resource Graph,raw,list with caveat,"Added as a reviewable expansion lead; verify fit, URL, and priority before treating as curated."
IDX01209,Ma Earth,Tools Protocols Platform,Tools Protocols Platforms,https://maearth.com/,resource_registry_v0_2,,,Resource Graph,raw,list with caveat,"Added as a reviewable expansion lead; verify fit, URL, and priority before treating as curated."
IDX01210,1EdTech,Projects Initiative,Projects Initiatives,https://x.com/LearningImpact,resource_registry_v0_2,1,,Resource Graph,raw,list with caveat,"Auto-extracted account lead from Twitter archive. Counts are mention/retweet signals, not endorsement."
IDX01211,Crypto Solutions 🕊️,Projects Initiative,Projects Initiatives,https://x.com/creptosolutions,resource_registry_v0_2,1,,Resource Graph,raw,list with caveat,"Auto-extracted account lead from Twitter archive. Counts are mention/retweet signals, not endorsement."
IDX01212,oso.xyz,Projects Initiative,Projects Initiatives,https://x.com/OSObserver,resource_registry_v0_2,7,,Resource Graph,raw,list with caveat,"Auto-extracted account lead from Twitter archive. Counts are mention/retweet signals, not endorsement."
IDX01213,URL lead - dune.com,Projects Initiative,Projects Initiatives,https://dune.com/rwareport2025,resource_registry_v0_2,1,,Resource Graph,raw,list with caveat,"Auto-extracted URL lead from Twitter archive. Context: RT @Arnno39: in case you missed it 👇
https://t.co/qPtNtJGHtm"
IDX01214,URL lead - researchretreat.org,Organizations Network,Organizations Networks,https://www.researchretreat.org/papers/,resource_registry_v0_2,1,,Resource Graph,raw,list with caveat,Auto-extracted URL lead from Twitter archive. Context: RT @Kleros_io: Read the papers produced in the Impact Evaluation Research Retreat 2025 here: https://t.co/bHdy9SopEu https://t.co/09XJCf6x90
IDX01215,Raw URL lead - cryptoaltruism.org,Tools Protocols Platform,Tools Protocols Platforms,https://www.cryptoaltruism.org/web3-impact-toolkit,resource_registry_v0_2,1,,Resource Graph,raw,list with caveat,Preserved from uploaded documents/text. Context:
IDX01216,Raw URL lead - github.com,Repositories Codebase,Repositories Codebases,https://github.com/microsoft/graphrag,resource_registry_v0_2,1,,Resource Graph,raw,list with caveat,Preserved from uploaded documents/text. Context:
IDX01217,Raw URL lead - impactmarket.com,Projects Initiative,Projects Initiatives,https://www.impactmarket.com/,resource_registry_v0_2,2,,Resource Graph,raw,list with caveat,Preserved from uploaded documents/text. Context:
IDX01218,Raw URL lead - opensource.observer,Projects Initiative,Projects Initiatives,https://www.opensource.observer/,resource_registry_v0_2,1,,Resource Graph,raw,list with caveat,Preserved from uploaded documents/text. Context:
IDX01219,Building a Second Brain,Concepts Frameworks Methodologie,Concepts Frameworks Methodologies,https://fortelabs.com/blog/basboverview/,resource_registry_v0_2,,,Resource Graph,raw,list with caveat,
IDX01220,CARE Principles,Concepts Frameworks Methodologie,Concepts Frameworks Methodologies,https://www.gida-global.org/care,resource_registry_v0_2,,,Resource Graph,raw,list with caveat,
IDX01221,Data Feminism,Books Papers Articles Report,Books Papers Articles Reports,https://data-feminism.mitpress.mit.edu/,resource_registry_v0_2,,,Resource Graph,raw,list with caveat,
IDX01222,Decentralized Curation,Concepts Frameworks Methodologie,Concepts Frameworks Methodologies,https://manuscript-decentralized-curation.pages.dev/,resource_registry_v0_2,,,Resource Graph,raw,list with caveat,
IDX01223,FAIR Principles,Concepts Frameworks Methodologie,Concepts Frameworks Methodologies,https://www.go-fair.org/fair-principles/,resource_registry_v0_2,,,Resource Graph,raw,list with caveat,
IDX01224,How to Take Smart Notes,Books Papers Articles Report,Books Papers Articles Reports,https://takesmartnotes.com/,resource_registry_v0_2,,,Resource Graph,raw,list with caveat,
IDX01225,Open Data Institute,Concepts Frameworks Methodologie,Concepts Frameworks Methodologies,https://theodi.org/,resource_registry_v0_2,,,Resource Graph,raw,list with caveat,
IDX01226,RAG,Concepts Frameworks Methodologie,Concepts Frameworks Methodologies,Raw / no canonical link,resource_registry_v0_2,,,Resource Graph,raw,list with caveat,
IDX01227,Schema.org,Concepts Frameworks Methodologie,Concepts Frameworks Methodologies,https://schema.org/,resource_registry_v0_2,,,Resource Graph,raw,list with caveat,
IDX01228,Understanding Knowledge as a Commons,Books Papers Articles Report,Books Papers Articles Reports,https://mitpress.mit.edu/9780262083577/understanding-knowledge-as-a-commons/,resource_registry_v0_2,,,Resource Graph,raw,list with caveat,
IDX01229,Wikidata,Podcasts Media Show,Podcasts Media Shows,https://www.wikidata.org/,resource_registry_v0_2,,,Resource Graph,raw,list with caveat,
IDX01230,Bloom Community Posts / How-To’s,Concepts Frameworks Methodologie,Concepts Frameworks Methodologies,https://bloomnetwork.earth/communityposts,resource_registry_v0_2,,,Resource Graph,raw,list with caveat,
IDX01231,Bloom Network Wiki,Concepts Frameworks Methodologie,Concepts Frameworks Methodologies,https://bloomnetwork.earth/wiki,resource_registry_v0_2,,,Resource Graph,raw,list with caveat,
IDX01232,Data Commons,Concepts Frameworks Methodologie,Concepts Frameworks Methodologies,https://datacommons.org/,resource_registry_v0_2,,,Resource Graph,raw,list with caveat,
IDX01233,Data Ecofeminism,Books Papers Articles Report,Books Papers Articles Reports,https://arxiv.org/abs/2502.11086,resource_registry_v0_2,,,Resource Graph,raw,list with caveat,
IDX01234,Data Feminism for AI,Books Papers Articles Report,Books Papers Articles Reports,https://arxiv.org/abs/2405.01286,resource_registry_v0_2,,,Resource Graph,raw,list with caveat,
IDX01235,Open Civic Data Standards,Concepts Frameworks Methodologie,Concepts Frameworks Methodologies,https://opencivicdata.org/,resource_registry_v0_2,,,Resource Graph,raw,list with caveat,
IDX01236,Wikibase,Podcasts Media Show,Podcasts Media Shows,https://wikiba.se/,resource_registry_v0_2,,,Resource Graph,raw,list with caveat,
IDX01237,Capacities,Tools Protocols Platform,Tools Protocols Platforms,https://capacities.io/,resource_registry_v0_2,,,Resource Graph,raw,list with caveat,
IDX01238,Ceramic,Concepts Frameworks Methodologie,Concepts Frameworks Methodologies,https://ceramic.network/,resource_registry_v0_2,,,Resource Graph,raw,list with caveat,
IDX01239,Knowledge Graph Protocol / Geobrowser,Tools Protocols Platform,Tools Protocols Platforms,https://www.geobrowser.io/,resource_registry_v0_2,,,Resource Graph,raw,list with caveat,
IDX01240,Logseq,Tools Protocols Platform,Tools Protocols Platforms,https://logseq.com/,resource_registry_v0_2,,,Resource Graph,raw,list with caveat,
IDX01241,Obsidian,Tools Protocols Platform,Tools Protocols Platforms,https://obsidian.md/,resource_registry_v0_2,,,Resource Graph,raw,list with caveat,
IDX01242,Open Source Observer,Tools Protocols Platform,Tools Protocols Platforms,https://www.oso.xyz/,resource_registry_v0_2,,,Resource Graph,raw,list with caveat,
IDX01243,Quartz,Concepts Frameworks Methodologie,Concepts Frameworks Methodologies,https://quartz.jzhao.xyz/,resource_registry_v0_2,,,Resource Graph,raw,list with caveat,
IDX01244,Roam Research,Tools Protocols Platform,Tools Protocols Platforms,https://roamresearch.com/,resource_registry_v0_2,,,Resource Graph,raw,list with caveat,
IDX01245,Tableland,Concepts Frameworks Methodologie,Concepts Frameworks Methodologies,https://tableland.xyz/,resource_registry_v0_2,,,Resource Graph,raw,list with caveat,
IDX01246,Radicle,Concepts Frameworks Methodologie,Concepts Frameworks Methodologies,https://radicle.xyz/,resource_registry_v0_2,,,Resource Graph,raw,list with caveat,
IDX01247,Bringing the Network Onchain,Concepts Frameworks Methodologie,Concepts Frameworks Methodologies,https://app.charmverse.io/greenpill-network/bringing-the-network-onchain-5570822392643502,resource_registry_v0_2,,,Resource Graph,raw,list with caveat,
IDX01248,Gov Guild,Concepts Frameworks Methodologie,Concepts Frameworks Methodologies,https://app.charmverse.io/greenpill-network/gov-guild-9027690650435296,resource_registry_v0_2,,,Resource Graph,raw,list with caveat,
IDX01249,GreenPill Garden Season 1 / Theory of Change,Concepts Frameworks Methodologie,Concepts Frameworks Methodologies,https://docs.google.com/document/d/1vgLsJQrg5bCrCig5BHiF4mmX83nIN8Mizqi1LSgGm1I/edit?tab=t.50y045hh9o4l#heading=h.67okitz0z313,resource_registry_v0_2,,,Resource Graph,raw,list with caveat,
IDX01250,GreenPill Toolkit Prompts,Tools Protocols Platform,Tools Protocols Platforms,https://app.charmverse.io/greenpill-network/outline-the-greenpill-toolkit-prompts-3804070330081286,resource_registry_v0_2,,,Resource Graph,raw,list with caveat,
IDX01251,Internal GreenPill / Regen Doc,Tools Protocols Platform,Tools Protocols Platforms,https://docs.google.com/document/d/1p3QniseWVT0FSW7Wn-DVm5EGZfvLDblTrWOLl4pg0NA/edit?tab=t.0#heading=h.bbeg63wrcq01,resource_registry_v0_2,,,Resource Graph,raw,list with caveat,
IDX01252,Local ReFi Toolkit Figma,Tools Protocols Platform,Tools Protocols Platforms,https://www.figma.com/board/FaL4EbFWM6s3u3DeNklHMW/Local-ReFi-Toolkit?node-id=0-1&p=f,resource_registry_v0_2,,,Resource Graph,raw,list with caveat,
IDX01253,Network Nations Google Doc,Concepts Frameworks Methodologie,Concepts Frameworks Methodologies,https://docs.google.com/document/d/1GBuGlpDQShC70yvxqytN-S0QIgRf9dQ4MyiD8O3Zv-E/edit?tab=t.0,resource_registry_v0_2,,,Resource Graph,raw,list with caveat,
IDX01254,New Chapter Onboarding,Concepts Frameworks Methodologie,Concepts Frameworks Methodologies,https://hub.regencoordination.xyz/t/new-chapter-onboarding/129,resource_registry_v0_2,,,Resource Graph,raw,list with caveat,
IDX01255,Tools for Regeneration Project Plan,Tools Protocols Platform,Tools Protocols Platforms,https://app.charmverse.io/greenpill-writers-guild/tools-for-regeneration-project-plan-6070706289406744,resource_registry_v0_2,,,Resource Graph,raw,list with caveat,
IDX01256,CIBC Notion,Concepts Frameworks Methodologie,Concepts Frameworks Methodologies,https://cibc.notion.site/?v=46a06370514c4adb8c7743a29f16d78b,resource_registry_v0_2,,,Resource Graph,raw,list with caveat,
IDX01257,Conscious States Curation 2025,Concepts Frameworks Methodologie,Concepts Frameworks Methodologies,https://nataliyaai.notion.site/Conscious-States-Curation-2025-27b1e0664f6380eabf86e7ec62ccc0d9,resource_registry_v0_2,,,Resource Graph,raw,list with caveat,
IDX01258,Harmonica,Tools Protocols Platform,Tools Protocols Platforms,Raw / no canonical link,resource_registry_v0_2,,,Resource Graph,raw,list with caveat,
IDX01259,KOI,Tools Protocols Platform,Tools Protocols Platforms,Raw / no canonical link,resource_registry_v0_2,,,Resource Graph,raw,list with caveat,
IDX01260,Lateral,Tools Protocols Platform,Tools Protocols Platforms,https://www.lat.md/,resource_registry_v0_2,,,Resource Graph,raw,list with caveat,
IDX01261,Nerd DAO Forkable Mind Map,Repositories Codebase,Repositories Codebases,https://github.com/Ataxia123/Notes,resource_registry_v0_2,,,Resource Graph,raw,list with caveat,
IDX01262,OpenHaven,Tools Protocols Platform,Tools Protocols Platforms,http://openhaven.net,resource_registry_v0_2,,,Resource Graph,raw,list with caveat,
IDX01263,Telescope,Tools Protocols Platform,Tools Protocols Platforms,Raw / no canonical link,resource_registry_v0_2,,,Resource Graph,raw,list with caveat,
IDX01264,Knowledge Commoning Swarm,Concepts Frameworks Methodologie,Concepts Frameworks Methodologies,https://swarm01.opencivics.co/,resource_registry_v0_2,,,Resource Graph,raw,list with caveat,"Added as a reviewable expansion lead; verify fit, URL, and priority before treating as curated."
IDX01265,Octo / Bioregional Knowledge Commons,Repositories Codebase,Repositories Codebases,https://github.com/BioregionalKnowledgeCommons/Octo,resource_registry_v0_2,,,Resource Graph,raw,list with caveat,"Added as a reviewable expansion lead; verify fit, URL, and priority before treating as curated."
IDX01266,SuperBenefit Knowledge Server,Concepts Frameworks Methodologie,Concepts Frameworks Methodologies,https://knowledge-server.superbenefit.dev/,resource_registry_v0_2,,,Resource Graph,raw,list with caveat,"Added as a reviewable expansion lead; verify fit, URL, and priority before treating as curated."
IDX01267,Fileverse,Tools Protocols Platform,Tools Protocols Platforms,https://fileverse.io/,resource_registry_v0_2,,,Resource Graph,raw,list with caveat,"Added as a reviewable expansion lead; verify fit, URL, and priority before treating as curated."
IDX01268,GeoBrowser / Geo Protocol,Tools Protocols Platform,Tools Protocols Platforms,https://www.geobrowser.io/,resource_registry_v0_2,,,Resource Graph,raw,list with caveat,"Added as a reviewable expansion lead; verify fit, URL, and priority before treating as curated."
IDX01269,Internet Archive,Concepts Frameworks Methodologie,Concepts Frameworks Methodologies,https://archive.org/,resource_registry_v0_2,,,Resource Graph,raw,list with caveat,"Added as a reviewable expansion lead; verify fit, URL, and priority before treating as curated."
IDX01270,KOI Pond,Concepts Frameworks Methodologie,Concepts Frameworks Methodologies,https://metagov.org/projects/koi-pond,resource_registry_v0_2,,,Resource Graph,raw,list with caveat,"Added as a reviewable expansion lead; verify fit, URL, and priority before treating as curated."
IDX01271,LocalNodes,Concepts Frameworks Methodologie,Concepts Frameworks Methodologies,https://localnodes.xyz/,resource_registry_v0_2,,,Resource Graph,raw,list with caveat,"Added as a reviewable expansion lead; verify fit, URL, and priority before treating as curated."
IDX01272,OpenAlex,Concepts Frameworks Methodologie,Concepts Frameworks Methodologies,https://openalex.org/,resource_registry_v0_2,,,Resource Graph,raw,list with caveat,"Added as a reviewable expansion lead; verify fit, URL, and priority before treating as curated."
IDX01273,PageIndex,Concepts Frameworks Methodologie,Concepts Frameworks Methodologies,https://pageindex.ai/,resource_registry_v0_2,,,Resource Graph,raw,list with caveat,"Added as a reviewable expansion lead; verify fit, URL, and priority before treating as curated."
IDX01274,TrustGraph,Concepts Frameworks Methodologie,Concepts Frameworks Methodologies,https://trustgraph.network/,resource_registry_v0_2,,,Resource Graph,raw,list with caveat,"Added as a reviewable expansion lead; verify fit, URL, and priority before treating as curated."
IDX01275,Astro Starlight,Tools Protocols Platform,Tools Protocols Platforms,https://starlight.astro.build/,resource_registry_v0_2,,,Resource Graph,raw,list with caveat,"Added as a reviewable expansion lead; verify fit, URL, and priority before treating as curated."
IDX01276,Docusaurus,Tools Protocols Platform,Tools Protocols Platforms,https://docusaurus.io/,resource_registry_v0_2,,,Resource Graph,raw,list with caveat,"Added as a reviewable expansion lead; verify fit, URL, and priority before treating as curated."
IDX01277,Fileverse GitHub,Repositories Codebase,Repositories Codebases,https://github.com/fileverse,resource_registry_v0_2,,,Resource Graph,raw,list with caveat,"Added as a reviewable expansion lead; verify fit, URL, and priority before treating as curated."
IDX01278,OWL Web Ontology Language,Concepts Frameworks Methodologie,Concepts Frameworks Methodologies,https://www.w3.org/OWL/,resource_registry_v0_2,,,Resource Graph,raw,list with caveat,"Added as a reviewable expansion lead; verify fit, URL, and priority before treating as curated."
IDX01279,PubPub,Tools Protocols Platform,Tools Protocols Platforms,https://www.pubpub.org/,resource_registry_v0_2,,,Resource Graph,raw,list with caveat,"Added as a reviewable expansion lead; verify fit, URL, and priority before treating as curated."
IDX01280,RDF,Concepts Frameworks Methodologie,Concepts Frameworks Methodologies,https://www.w3.org/RDF/,resource_registry_v0_2,,,Resource Graph,raw,list with caveat,"Added as a reviewable expansion lead; verify fit, URL, and priority before treating as curated."
IDX01281,Zotero,Concepts Frameworks Methodologie,Concepts Frameworks Methodologies,https://www.zotero.org/,resource_registry_v0_2,,,Resource Graph,raw,list with caveat,"Added as a reviewable expansion lead; verify fit, URL, and priority before treating as curated."
IDX01282,Commons Hub,Concepts Frameworks Methodologie,Concepts Frameworks Methodologies,https://x.com/CommonsHubAT,resource_registry_v0_2,5,,Resource Graph,raw,list with caveat,"Auto-extracted account lead from Twitter archive. Counts are mention/retweet signals, not endorsement."
IDX01283,Crypto Commons Association,Concepts Frameworks Methodologie,Concepts Frameworks Methodologies,https://x.com/crypto4commons,resource_registry_v0_2,2,,Resource Graph,raw,list with caveat,"Auto-extracted account lead from Twitter archive. Counts are mention/retweet signals, not endorsement."
IDX01284,Fileverse,Tools Protocols Platform,Tools Protocols Platforms,https://x.com/fileverse,resource_registry_v0_2,1,,Resource Graph,raw,list with caveat,"Auto-extracted account lead from Twitter archive. Counts are mention/retweet signals, not endorsement."
IDX01285,gccofficial,Concepts Frameworks Methodologie,Concepts Frameworks Methodologies,https://x.com/GCCofCommons,resource_registry_v0_2,1,,Resource Graph,raw,list with caveat,"Auto-extracted account lead from Twitter archive. Counts are mention/retweet signals, not endorsement."
IDX01286,Token Engineering Commons,Concepts Frameworks Methodologie,Concepts Frameworks Methodologies,https://x.com/tecmns,resource_registry_v0_2,13,,Resource Graph,raw,list with caveat,"Auto-extracted account lead from Twitter archive. Counts are mention/retweet signals, not endorsement."
IDX01287,URL lead - 3ook.com,Books Papers Articles Report,Books Papers Articles Reports,https://3ook.com/store/0xbef7ec8649fb96c8d78ea63d8dfeb40bc2a6eec4?ll_source=bookstore,resource_registry_v0_2,1,,Resource Graph,raw,list with caveat,"Auto-extracted URL lead from Twitter archive. Context: RT @swiftevo1: @lurenbian @web3foxcn @mbauwens @P2P_Foundation @GCCofCommons 感謝 @lurenbian 老師的幫忙

簡中版
https://t.co/QQinB5ten2

繁中版
https://…"
IDX01288,URL lead - ash.harvard.edu,Concepts Frameworks Methodologie,Concepts Frameworks Methodologies,https://ash.harvard.edu/resources/the-ecosystem-of-deliberative-technologies-for-public-input/,resource_registry_v0_2,1,,Resource Graph,raw,list with caveat,Auto-extracted URL lead from Twitter archive. Context: RT @PluralityInst: The Ecosystem of Deliberative Technologies for Public Input https://t.co/W3ta7SbnF7
IDX01289,URL lead - blog.uncommons.cc,Concepts Frameworks Methodologie,Concepts Frameworks Methodologies,https://blog.uncommons.cc/p2p/,resource_registry_v0_2,1,,Resource Graph,raw,list with caveat,"Auto-extracted URL lead from Twitter archive. Context: RT @mbauwens: * About Michel Bauwens ＆ P2P the commons manifesto

https://t.co/zCV2IFD4DR

《P2P共有资源宣言》是 Michel Bauwens，Vasilis Kostakis 与 A…"
IDX01290,URL lead - centreforpublicimpact.org,Concepts Frameworks Methodologie,Concepts Frameworks Methodologies,https://centreforpublicimpact.org/resource-hub/collaborative-governance-for-a-stronger-democracy/,resource_registry_v0_2,1,,Resource Graph,raw,list with caveat,Auto-extracted URL lead from Twitter archive. Context: RT @PluralityInst: Collaborative Governance for a Stronger Democracy by Thamy Pogrebinschi https://t.co/t4kI6s4bzr
IDX01291,URL lead - commons-hub.at,Concepts Frameworks Methodologie,Concepts Frameworks Methodologies,https://www.commons-hub.at/post/thefirstcycle,resource_registry_v0_2,1,,Resource Graph,raw,list with caveat,"Auto-extracted URL lead from Twitter archive. Context: RT @CommonsHubAT: Commons Hub going Full Cycle: 

Reviewing 2025 from the perspective of the House

https://t.co/dmVGxSW0Qd"
IDX01292,URL lead - docs.google.com,Tools Protocols Platform,Tools Protocols Platforms,https://docs.google.com/document/d/1FgWmWA5JcjItQviCg4GBnFnKFjr7LNan/edit?usp=sharing&ouid=111714784962310766626&rtpof=true&sd=true,resource_registry_v0_2,1,,Resource Graph,raw,list with caveat,"Auto-extracted URL lead from Twitter archive. Context: RT @durgadasjii: The Structural Literacy Papers
https://t.co/gbxZ1rxkya a narrative explanation of why I made these coordination standards."
IDX01293,URL lead - docs.oso.xyz,Tools Protocols Platform,Tools Protocols Platforms,https://docs.oso.xyz/blog/prosperous-software,resource_registry_v0_2,1,,Resource Graph,raw,list with caveat,"Auto-extracted URL lead from Twitter archive. Context: RT @RaymondCheng00: @owocki You can also read more on the blog
https://t.co/Rr5KVJSI7D"
IDX01294,URL lead - donellameadows.org,Concepts Frameworks Methodologie,Concepts Frameworks Methodologies,https://donellameadows.org/archives/leverage-points-places-to-intervene-in-a-system/,resource_registry_v0_2,1,,Resource Graph,raw,list with caveat,"Auto-extracted URL lead from Twitter archive. Context: RT @trent_vanepps: read this a few years ago, still a good one

https://t.co/CBIezhG67f"
IDX01295,URL lead - ecoversities.org,Concepts Frameworks Methodologie,Concepts Frameworks Methodologies,https://ecoversities.org/,resource_registry_v0_2,1,,Resource Graph,raw,list with caveat,"Auto-extracted URL lead from Twitter archive. Context: RT @mbauwens: * ecoversities

https://t.co/GJR9inu15D

""learners and communities reclaiming diverse knowledges, relationships and imaginati…"
IDX01296,URL lead - ethereumlocalism.xyz,Concepts Frameworks Methodologie,Concepts Frameworks Methodologies,https://www.ethereumlocalism.xyz/knowledge-garden/resources/Ethereum-Localism-Registry,resource_registry_v0_2,1,,Resource Graph,raw,list with caveat,"Auto-extracted URL lead from Twitter archive. Context: RT @GreenSofa_TW: Explore the showcase of Ethereum Localism in Asia? 

Have a check of GreenSofa
https://t.co/n8Dxaqma5b

GreenSofa Taiwan:…"
IDX01297,URL lead - frontiersin.org,Concepts Frameworks Methodologie,Concepts Frameworks Methodologies,https://www.frontiersin.org/research-topics/47075/blockchain-for-the-global-commons/magazine?utm_source=twitter&utm_medium=social&utm_campaign=rt_magazine_share&utm_content=rt47075,resource_registry_v0_2,1,,Resource Graph,raw,list with caveat,Auto-extracted URL lead from Twitter archive. Context: RT @paths2regen: Blockchain for the Global Commons https://t.co/uDRgNVMeym
IDX01298,URL lead - github.com,Repositories Codebase,Repositories Codebases,https://github.com/robert-mcdermott/ai-knowledge-graph,resource_registry_v0_2,1,,Resource Graph,raw,list with caveat,"Auto-extracted URL lead from Twitter archive. Context: RT @tom_doerr: Extracts triplets from text into interactive graphs

https://t.co/NsP4tdC1P1 https://t.co/1CjFvmO8Eh"
IDX01299,URL lead - hub.regencoordination.xyz,Books Papers Articles Report,Books Papers Articles Reports,https://hub.regencoordination.xyz/t/decleanup-network-base-app-launched-celo-in-testing-playbook-published-docs-live-heres-everything/394,resource_registry_v0_2,1,,Resource Graph,raw,list with caveat,"Auto-extracted URL lead from Twitter archive. Context: RT @DeCleanupNet: hey gm everyone
posted some updates on @RegenCoordinate hub

https://t.co/swqOMZPgoX

dig in and leave some comments"
IDX01300,URL lead - incented.co,Concepts Frameworks Methodologie,Concepts Frameworks Methodologies,https://incented.co/docs/conviction-market,resource_registry_v0_2,1,,Resource Graph,raw,list with caveat,"Auto-extracted URL lead from Twitter archive. Context: RT @iamsvenh: Had a lot of fun talking about Conviction Markets at @ethereumboulder. Thanks to all that came out. 

https://t.co/dn9B4xqSsS…"
IDX01301,URL lead - wiki.p2pfoundation.net,Concepts Frameworks Methodologie,Concepts Frameworks Methodologies,https://wiki.p2pfoundation.net/Cosmo-Local_Intelligence,resource_registry_v0_2,1,,Resource Graph,raw,list with caveat,"Auto-extracted URL lead from Twitter archive. Context: RT @mbauwens: A concept you should know about:

* Cosmo-Local Intelligence , https://t.co/PFVLfaUraz

""not homogenization but confederation…"
IDX01302,URL lead - wiki.p2pfoundation.net,Concepts Frameworks Methodologie,Concepts Frameworks Methodologies,https://wiki.p2pfoundation.net/Special:RecentChanges,resource_registry_v0_2,1,,Resource Graph,raw,list with caveat,"Auto-extracted URL lead from Twitter archive. Context: RT @mbauwens: New items in the wiki this week:

https://t.co/vlNgmjbXVG

Contemporary Commons-Oriented Movements &gt;&lt; Historical Commons-Orie…"
IDX01303,URL lead - wiki.p2pfoundation.net,Tools Protocols Platform,Tools Protocols Platforms,https://wiki.p2pfoundation.net/Ecological_State,resource_registry_v0_2,1,,Resource Graph,raw,list with caveat,"Auto-extracted URL lead from Twitter archive. Context: RT @mbauwens: * Ecological State, https://t.co/YFOAo7grKX

* Ecological State Protocols, https://t.co/EhsCfthFlw

* Planetary Ledger, https…"
IDX01304,URL lead - wiki.p2pfoundation.net,Tools Protocols Platform,Tools Protocols Platforms,https://wiki.p2pfoundation.net/Ecological_State_Protocols,resource_registry_v0_2,1,,Resource Graph,raw,list with caveat,"Auto-extracted URL lead from Twitter archive. Context: RT @mbauwens: * Ecological State, https://t.co/YFOAo7grKX

* Ecological State Protocols, https://t.co/EhsCfthFlw

* Planetary Ledger, https…"
IDX01305,World Resources Institute,Concepts Frameworks Methodologie,Concepts Frameworks Methodologies,https://x.com/WorldResources,resource_registry_v0_2,1,,Resource Graph,raw,list with caveat,"Auto-extracted account lead from Twitter archive. Counts are mention/retweet signals, not endorsement."
IDX01306,Raw URL lead - archive.org,Concepts Frameworks Methodologie,Concepts Frameworks Methodologies,https://archive.org/,resource_registry_v0_2,2,,Resource Graph,raw,list with caveat,Preserved from uploaded documents/text. Context:
IDX01307,Raw URL lead - bloomnetwork.earth,Concepts Frameworks Methodologie,Concepts Frameworks Methodologies,https://bloomnetwork.earth/resources/finance-innovation-for-movements,resource_registry_v0_2,3,,Resource Graph,raw,list with caveat,Preserved from uploaded documents/text. Context:
IDX01308,Raw URL lead - commons.id,Concepts Frameworks Methodologie,Concepts Frameworks Methodologies,https://commons.id/,resource_registry_v0_2,1,,Resource Graph,raw,list with caveat,Preserved from uploaded documents/text. Context:
IDX01309,Raw URL lead - commonslibrary.org,Concepts Frameworks Methodologie,Concepts Frameworks Methodologies,https://commonslibrary.org/,resource_registry_v0_2,4,,Resource Graph,raw,list with caveat,Preserved from uploaded documents/text. Context: economic source system - https://wiki.p2pfoundation.net/ - Commons Library - commons resources and knowledge archive - https://commonslibrary.org/ - Open Knowledge Foundation - open knowledge / data commons source system - https://okfn.org/ - Creative Commons - lice
IDX01310,Raw URL lead - commonsstack.org,Concepts Frameworks Methodologie,Concepts Frameworks Methodologies,https://commonsstack.org/,resource_registry_v0_2,2,,Resource Graph,raw,list with caveat,Preserved from uploaded documents/text. Context:
IDX01311,Raw URL lead - commonstransition.org,Concepts Frameworks Methodologie,Concepts Frameworks Methodologies,https://commonstransition.org/,resource_registry_v0_2,2,,Resource Graph,raw,list with caveat,Preserved from uploaded documents/text. Context:
IDX01312,Raw URL lead - deepwiki.com,Concepts Frameworks Methodologie,Concepts Frameworks Methodologies,https://deepwiki.com/,resource_registry_v0_2,1,,Resource Graph,raw,list with caveat,Preserved from uploaded documents/text. Context:
IDX01313,Raw URL lead - discuss.ens.domains,Concepts Frameworks Methodologie,Concepts Frameworks Methodologies,https://discuss.ens.domains/,resource_registry_v0_2,3,,Resource Graph,raw,list with caveat,Preserved from uploaded documents/text. Context: e Forum - ecosystem governance - https://forum.arbitrum.foundation/ - ENS Governance Forum - identity/name governance - https://discuss.ens.domains/ - Token Engineering Commons Forum - mechanism governance context - https://forum.tecommons.org/ - Celo Forum - ReFi / p | Forum — https://forum.sky.money/ Token Engineering Commons Forum — https://forum.tecommons.org/ ENS Governance Forum — https://di
IDX01314,Raw URL lead - docs.desci.world,Tools Protocols Platform,Tools Protocols Platforms,https://docs.desci.world/ecosystem/ecosystem-map,resource_registry_v0_2,4,,Resource Graph,raw,list with caveat,Preserved from uploaded documents/text. Context: do/rifai-sicilia-regenerative-residency https://paragraph.com/@regen-avocado/sicily-bioregional-portfolio-business-plan https://docs.desci.world/ecosystem/ecosystem-map https://ecofrontiers.xyz/ https://www.regenatlas.xyz/ https://t.me/civilmonkey https://mijowa.github.io/CatB/ https://m
IDX01315,Raw URL lead - docs.ethers.org,Tools Protocols Platform,Tools Protocols Platforms,https://docs.ethers.org/,resource_registry_v0_2,1,,Resource Graph,raw,list with caveat,Preserved from uploaded documents/text. Context:
IDX01316,Raw URL lead - docs.google.com,Tools Protocols Platform,Tools Protocols Platforms,https://docs.google.com/spreadsheets/d/1yMVWQb3omCmd66BBRimaPk5uVH10EEoPDGGlBon1_3E/edit?gid=903711939#gid=903711939,resource_registry_v0_2,2,,Resource Graph,raw,list with caveat,Preserved from uploaded documents/text. Context:
IDX01317,Raw URL lead - docs.google.com,Tools Protocols Platform,Tools Protocols Platforms,https://docs.google.com/document/d/1GBuGlpDQShC70yvxqytN-S0QIgRf9dQ4MyiD8O3Zv-E/edit,resource_registry_v0_2,2,,Resource Graph,raw,list with caveat,Preserved from uploaded documents/text. Context:
IDX01318,Raw URL lead - docs.google.com,Tools Protocols Platform,Tools Protocols Platforms,https://docs.google.com/document/d/1p3QniseWVT0FSW7Wn-DVm5EGZfvLDblTrWOLl4pg0NA/edit,resource_registry_v0_2,2,,Resource Graph,raw,list with caveat,Preserved from uploaded documents/text. Context:
IDX01319,Raw URL lead - docs.shutter.network,Tools Protocols Platform,Tools Protocols Platforms,https://docs.shutter.network/,resource_registry_v0_2,2,,Resource Graph,raw,list with caveat,"Preserved from uploaded documents/text. Context: and security source systems - Shutter Network - threshold encryption, fairness, encrypted mempools, PEN-related lead - https://docs.shutter.network/ - Web3Privacy Now - privacy research and ecosystem mapping - https://web3privacy.info/ - Cypherpunk research archives -"
IDX01320,Raw URL lead - en.wikipedia.org,Concepts Frameworks Methodologie,Concepts Frameworks Methodologies,https://en.wikipedia.org/wiki/The_DAO,resource_registry_v0_2,1,,Resource Graph,raw,list with caveat,Preserved from uploaded documents/text. Context:
IDX01321,Raw URL lead - en.wikipedia.org,Concepts Frameworks Methodologie,Concepts Frameworks Methodologies,https://en.wikipedia.org/wiki/FTX,resource_registry_v0_2,1,,Resource Graph,raw,list with caveat,Preserved from uploaded documents/text. Context:
IDX01322,Raw URL lead - en.wikipedia.org,Concepts Frameworks Methodologie,Concepts Frameworks Methodologies,https://en.wikipedia.org/wiki/Terra_(blockchain,resource_registry_v0_2,1,,Resource Graph,raw,list with caveat,Preserved from uploaded documents/text. Context:
IDX01323,Raw URL lead - en.wikipedia.org,Concepts Frameworks Methodologie,Concepts Frameworks Methodologies,https://en.wikipedia.org/wiki/Quadriga_Fintech_Solutions,resource_registry_v0_2,1,,Resource Graph,raw,list with caveat,Preserved from uploaded documents/text. Context:
IDX01324,Raw URL lead - gaiaaiagent.github.io,Repositories Codebase,Repositories Codebases,https://gaiaaiagent.github.io/Docs/docs/intro/,resource_registry_v0_2,2,,Resource Graph,raw,list with caveat,Preserved from uploaded documents/text. Context:
IDX01325,Raw URL lead - gaiacommons.net,Concepts Frameworks Methodologie,Concepts Frameworks Methodologies,https://gaiacommons.net/,resource_registry_v0_2,2,,Resource Graph,raw,list with caveat,Preserved from uploaded documents/text. Context:
IDX01326,Raw URL lead - garden.networknations.network,Concepts Frameworks Methodologie,Concepts Frameworks Methodologies,https://garden.networknations.network/,resource_registry_v0_2,5,,Resource Graph,raw,list with caveat,"Preserved from uploaded documents/text. Context: arden candidate - https://localnodes.xyz/ - Network Nations Garden - knowledge garden / network state-adjacent source - https://garden.networknations.network/ - P2P Foundation Wiki - commons, peer production, civic and economic source system - https://wiki.p2pfoundation.net/ -"
IDX01327,Raw URL lead - geobrowser.io,Concepts Frameworks Methodologie,Concepts Frameworks Methodologies,https://geobrowser.io,resource_registry_v0_2,3,,Resource Graph,raw,list with caveat,Preserved from uploaded documents/text. Context:
IDX01328,Raw URL lead - github.com,Repositories Codebase,Repositories Codebases,https://github.com/BioregionalKnowledgeCommons/Octo,resource_registry_v0_2,2,,Resource Graph,raw,list with caveat,Preserved from uploaded documents/text. Context: ollaboration context. - Octo / Bioregional Knowledge Commons - ontology and bioregional knowledge commoning candidate - https://github.com/BioregionalKnowledgeCommons/Octo - BKC Roadmap - bioregional knowledge commons roadmap - https://bioregionalknowledgecommons.github.io/roadmap/ - SuperB
IDX01329,Raw URL lead - github.com,Repositories Codebase,Repositories Codebases,https://github.com/totogo/awesome-knowledge-graph,resource_registry_v0_2,1,,Resource Graph,raw,list with caveat,Preserved from uploaded documents/text. Context:
IDX01330,Raw URL lead - github.com,Repositories Codebase,Repositories Codebases,https://github.com/BlockScience/koi,resource_registry_v0_2,1,,Resource Graph,raw,list with caveat,Preserved from uploaded documents/text. Context:
IDX01331,Raw URL lead - github.com,Repositories Codebase,Repositories Codebases,https://github.com/regen-coordination/regen-toolkit/blob/main/docs/process/sprint-2026-03-25-26.md,resource_registry_v0_2,1,,Resource Graph,raw,list with caveat,Preserved from uploaded documents/text. Context:
IDX01332,Raw URL lead - github.com,Repositories Codebase,Repositories Codebases,https://github.com/regen-coordination/regen-toolkit/blob/main/docs/writing-system.md,resource_registry_v0_2,1,,Resource Graph,raw,list with caveat,Preserved from uploaded documents/text. Context:
IDX01333,Raw URL lead - graphcommons.com,Concepts Frameworks Methodologie,Concepts Frameworks Methodologies,https://graphcommons.com/,resource_registry_v0_2,1,,Resource Graph,raw,list with caveat,Preserved from uploaded documents/text. Context:
IDX01334,Raw URL lead - localnodes.xyz,Concepts Frameworks Methodologie,Concepts Frameworks Methodologies,https://localnodes.xyz/,resource_registry_v0_2,2,,Resource Graph,raw,list with caveat,Preserved from uploaded documents/text. Context: tive web3 source - https://knowledge.superbenefit.org/ - LocalNodes - AI-powered community knowledge garden candidate - https://localnodes.xyz/ - Network Nations Garden - knowledge garden / network state-adjacent source - https://garden.networknations.network/ -
IDX01335,Raw URL lead - mediawiki.org,Podcasts Media Show,Podcasts Media Shows,https://www.mediawiki.org/,resource_registry_v0_2,1,,Resource Graph,raw,list with caveat,Preserved from uploaded documents/text. Context:
IDX01336,Raw URL lead - okfn.org,Concepts Frameworks Methodologie,Concepts Frameworks Methodologies,https://okfn.org/,resource_registry_v0_2,4,,Resource Graph,raw,list with caveat,Preserved from uploaded documents/text. Context: ledge archive - https://commonslibrary.org/ - Open Knowledge Foundation - open knowledge / data commons source system - https://okfn.org/ - Creative Commons - licensing and knowledge commons legal infrastructure - https://creativecommons.org/ - Open Data Co
IDX01337,Raw URL lead - openalex.org,Concepts Frameworks Methodologie,Concepts Frameworks Methodologies,https://openalex.org/,resource_registry_v0_2,3,,Resource Graph,raw,list with caveat,Preserved from uploaded documents/text. Context:
IDX01338,Raw URL lead - portal.opencivics.co,Concepts Frameworks Methodologie,Concepts Frameworks Methodologies,https://portal.opencivics.co/regen-commons-cohort-1,resource_registry_v0_2,2,,Resource Graph,raw,list with caveat,Preserved from uploaded documents/text. Context:
IDX01339,Raw URL lead - regen-commons-site.vercel.app,Tools Protocols Platform,Tools Protocols Platforms,https://regen-commons-site.vercel.app/,resource_registry_v0_2,2,,Resource Graph,raw,list with caveat,Preserved from uploaded documents/text. Context:
IDX01340,Raw URL lead - regen-web3-toolkit.vercel.app,Tools Protocols Platform,Tools Protocols Platforms,https://regen-web3-toolkit.vercel.app/,resource_registry_v0_2,2,,Resource Graph,raw,list with caveat,Preserved from uploaded documents/text. Context: Project context The Regen Knowledge Commons Toolkit has three connected artifacts: 1. Public-facing v1 site Live site: https://regen-web3-toolkit.vercel.app/ This is a public-facing learning and navigation prototype. It is being developed by Heenal and should be treated as a u | t There are now two connected artifacts and one planned public invitation. 1. Heenal’s simplified v1 website Live site:
IDX01341,Raw URL lead - schemas.microsoft.com,Concepts Frameworks Methodologie,Concepts Frameworks Methodologies,http://schemas.microsoft.com/office/word/2010/wordprocessingCanvas,resource_registry_v0_2,5,,Resource Graph,raw,list with caveat,Preserved from uploaded documents/text. Context:
IDX01342,Raw URL lead - schemas.microsoft.com,Concepts Frameworks Methodologie,Concepts Frameworks Methodologies,http://schemas.microsoft.com/office/mac/office/2008/main,resource_registry_v0_2,5,,Resource Graph,raw,list with caveat,Preserved from uploaded documents/text. Context:
IDX01343,Raw URL lead - schemas.microsoft.com,Concepts Frameworks Methodologie,Concepts Frameworks Methodologies,http://schemas.microsoft.com/office/word/2010/wordprocessingDrawing,resource_registry_v0_2,5,,Resource Graph,raw,list with caveat,Preserved from uploaded documents/text. Context:
IDX01344,Raw URL lead - schemas.microsoft.com,Concepts Frameworks Methodologie,Concepts Frameworks Methodologies,http://schemas.microsoft.com/office/word/2010/wordml,resource_registry_v0_2,85,,Resource Graph,raw,list with caveat,Preserved from uploaded documents/text. Context:
IDX01345,Raw URL lead - schemas.microsoft.com,Concepts Frameworks Methodologie,Concepts Frameworks Methodologies,http://schemas.microsoft.com/office/word/2010/wordprocessingGroup,resource_registry_v0_2,81,,Resource Graph,raw,list with caveat,Preserved from uploaded documents/text. Context:
IDX01346,Raw URL lead - schemas.microsoft.com,Concepts Frameworks Methodologie,Concepts Frameworks Methodologies,http://schemas.microsoft.com/office/word/2010/wordprocessingInk,resource_registry_v0_2,5,,Resource Graph,raw,list with caveat,Preserved from uploaded documents/text. Context:
IDX01347,Raw URL lead - schemas.microsoft.com,Concepts Frameworks Methodologie,Concepts Frameworks Methodologies,http://schemas.microsoft.com/office/word/2006/wordml,resource_registry_v0_2,81,,Resource Graph,raw,list with caveat,Preserved from uploaded documents/text. Context:
IDX01348,Raw URL lead - schemas.microsoft.com,Concepts Frameworks Methodologie,Concepts Frameworks Methodologies,http://schemas.microsoft.com/office/word/2010/wordprocessingShape,resource_registry_v0_2,81,,Resource Graph,raw,list with caveat,Preserved from uploaded documents/text. Context:
IDX01349,Raw URL lead - schemas.microsoft.com,Concepts Frameworks Methodologie,Concepts Frameworks Methodologies,http://schemas.microsoft.com/office/word,resource_registry_v0_2,6,,Resource Graph,raw,list with caveat,Preserved from uploaded documents/text. Context:
IDX01350,Raw URL lead - schemas.microsoft.com,Concepts Frameworks Methodologie,Concepts Frameworks Methodologies,http://schemas.microsoft.com/office/word/2012/wordml,resource_registry_v0_2,76,,Resource Graph,raw,list with caveat,Preserved from uploaded documents/text. Context:
IDX01351,Raw URL lead - schemas.microsoft.com,Concepts Frameworks Methodologie,Concepts Frameworks Methodologies,http://schemas.microsoft.com/office/word/2018/wordml,resource_registry_v0_2,76,,Resource Graph,raw,list with caveat,Preserved from uploaded documents/text. Context:
IDX01352,Raw URL lead - schemas.microsoft.com,Concepts Frameworks Methodologie,Concepts Frameworks Methodologies,http://schemas.microsoft.com/office/word/2018/wordml/cex,resource_registry_v0_2,76,,Resource Graph,raw,list with caveat,Preserved from uploaded documents/text. Context:
IDX01353,Raw URL lead - schemas.microsoft.com,Concepts Frameworks Methodologie,Concepts Frameworks Methodologies,http://schemas.microsoft.com/office/word/2016/wordml/cid,resource_registry_v0_2,76,,Resource Graph,raw,list with caveat,Preserved from uploaded documents/text. Context:
IDX01354,Raw URL lead - schemas.microsoft.com,Concepts Frameworks Methodologie,Concepts Frameworks Methodologies,http://schemas.microsoft.com/office/tasks/2019/documenttasks,resource_registry_v0_2,76,,Resource Graph,raw,list with caveat,Preserved from uploaded documents/text. Context:
IDX01355,Raw URL lead - schemas.microsoft.com,Concepts Frameworks Methodologie,Concepts Frameworks Methodologies,http://schemas.microsoft.com/office/comments/2020/reactions,resource_registry_v0_2,76,,Resource Graph,raw,list with caveat,Preserved from uploaded documents/text. Context:
IDX01356,Raw URL lead - schemas.openxmlformats.org,Concepts Frameworks Methodologie,Concepts Frameworks Methodologies,http://schemas.openxmlformats.org/package/2006/content-types,resource_registry_v0_2,3,,Resource Graph,raw,list with caveat,Preserved from uploaded documents/text. Context:
IDX01357,Raw URL lead - schemas.openxmlformats.org,Concepts Frameworks Methodologie,Concepts Frameworks Methodologies,http://schemas.openxmlformats.org/package/2006/metadata/core-properties,resource_registry_v0_2,1,,Resource Graph,raw,list with caveat,Preserved from uploaded documents/text. Context:
IDX01358,Raw URL lead - schemas.openxmlformats.org,Concepts Frameworks Methodologie,Concepts Frameworks Methodologies,http://schemas.openxmlformats.org/officeDocument/2006/extended-properties,resource_registry_v0_2,1,,Resource Graph,raw,list with caveat,Preserved from uploaded documents/text. Context:
IDX01359,Raw URL lead - schemas.openxmlformats.org,Concepts Frameworks Methodologie,Concepts Frameworks Methodologies,http://schemas.openxmlformats.org/officeDocument/2006/docPropsVTypes,resource_registry_v0_2,1,,Resource Graph,raw,list with caveat,Preserved from uploaded documents/text. Context:
IDX01360,Raw URL lead - schemas.openxmlformats.org,Concepts Frameworks Methodologie,Concepts Frameworks Methodologies,http://schemas.openxmlformats.org/markup-compatibility/2006,resource_registry_v0_2,85,,Resource Graph,raw,list with caveat,Preserved from uploaded documents/text. Context:
IDX01361,Raw URL lead - schemas.openxmlformats.org,Concepts Frameworks Methodologie,Concepts Frameworks Methodologies,http://schemas.openxmlformats.org/officeDocument/2006/relationships,resource_registry_v0_2,85,,Resource Graph,raw,list with caveat,Preserved from uploaded documents/text. Context:
IDX01362,Raw URL lead - schemas.openxmlformats.org,Concepts Frameworks Methodologie,Concepts Frameworks Methodologies,http://schemas.openxmlformats.org/officeDocument/2006/math,resource_registry_v0_2,82,,Resource Graph,raw,list with caveat,Preserved from uploaded documents/text. Context:
IDX01363,Raw URL lead - schemas.openxmlformats.org,Concepts Frameworks Methodologie,Concepts Frameworks Methodologies,http://schemas.openxmlformats.org/drawingml/2006/wordprocessingDrawing,resource_registry_v0_2,81,,Resource Graph,raw,list with caveat,Preserved from uploaded documents/text. Context:
IDX01364,Raw URL lead - schemas.openxmlformats.org,Concepts Frameworks Methodologie,Concepts Frameworks Methodologies,http://schemas.openxmlformats.org/wordprocessingml/2006/main,resource_registry_v0_2,85,,Resource Graph,raw,list with caveat,Preserved from uploaded documents/text. Context:
IDX01365,Raw URL lead - schemas.openxmlformats.org,Concepts Frameworks Methodologie,Concepts Frameworks Methodologies,http://schemas.openxmlformats.org/schemaLibrary/2006/main,resource_registry_v0_2,77,,Resource Graph,raw,list with caveat,Preserved from uploaded documents/text. Context:
IDX01366,Raw URL lead - schemas.openxmlformats.org,Concepts Frameworks Methodologie,Concepts Frameworks Methodologies,http://schemas.openxmlformats.org/drawingml/2006/main,resource_registry_v0_2,79,,Resource Graph,raw,list with caveat,Preserved from uploaded documents/text. Context:
IDX01367,Raw URL lead - schemas.openxmlformats.org,Concepts Frameworks Methodologie,Concepts Frameworks Methodologies,http://schemas.openxmlformats.org/officeDocument/2006/bibliography,resource_registry_v0_2,3,,Resource Graph,raw,list with caveat,Preserved from uploaded documents/text. Context:
IDX01368,Raw URL lead - schemas.openxmlformats.org,Concepts Frameworks Methodologie,Concepts Frameworks Methodologies,http://schemas.openxmlformats.org/officeDocument/2006/customXml,resource_registry_v0_2,1,,Resource Graph,raw,list with caveat,Preserved from uploaded documents/text. Context:
IDX01369,Raw URL lead - schemas.openxmlformats.org,Concepts Frameworks Methodologie,Concepts Frameworks Methodologies,http://schemas.openxmlformats.org/drawingml/2006/picture,resource_registry_v0_2,76,,Resource Graph,raw,list with caveat,Preserved from uploaded documents/text. Context:
IDX01370,Raw URL lead - schemas.openxmlformats.org,Concepts Frameworks Methodologie,Concepts Frameworks Methodologies,http://schemas.openxmlformats.org/drawingml/2006/chart,resource_registry_v0_2,76,,Resource Graph,raw,list with caveat,Preserved from uploaded documents/text. Context:
IDX01371,Raw URL lead - schemas.openxmlformats.org,Concepts Frameworks Methodologie,Concepts Frameworks Methodologies,http://schemas.openxmlformats.org/drawingml/2006/lockedCanvas,resource_registry_v0_2,76,,Resource Graph,raw,list with caveat,Preserved from uploaded documents/text. Context:
IDX01372,Raw URL lead - schemas.openxmlformats.org,Concepts Frameworks Methodologie,Concepts Frameworks Methodologies,http://schemas.openxmlformats.org/drawingml/2006/diagram,resource_registry_v0_2,76,,Resource Graph,raw,list with caveat,Preserved from uploaded documents/text. Context:
IDX01373,Raw URL lead - squidfunk.github.io,Repositories Codebase,Repositories Codebases,https://squidfunk.github.io/mkdocs-material/,resource_registry_v0_2,1,,Resource Graph,raw,list with caveat,Preserved from uploaded documents/text. Context:
IDX01374,Raw URL lead - t.me,Concepts Frameworks Methodologie,Concepts Frameworks Methodologies,https://t.me/civilmonkey,resource_registry_v0_2,3,,Resource Graph,raw,list with caveat,Preserved from uploaded documents/text. Context: io-business-plan https://docs.desci.world/ecosystem/ecosystem-map https://ecofrontiers.xyz/ https://www.regenatlas.xyz/ https://t.me/civilmonkey https://mijowa.github.io/CatB/ https://monoskop.org/images/e/e0/Raymond_Eric_S_The_Cathedral_and_the_Bazaar_rev_ed.pdf
IDX01375,Raw URL lead - tecommons.org,Concepts Frameworks Methodologie,Concepts Frameworks Methodologies,https://tecommons.org/,resource_registry_v0_2,1,,Resource Graph,raw,list with caveat,Preserved from uploaded documents/text. Context:
IDX01376,Raw URL lead - tokenengineeringlabs.com,Tools Protocols Platform,Tools Protocols Platforms,https://www.tokenengineeringlabs.com/,resource_registry_v0_2,4,,Resource Graph,raw,list with caveat,Preserved from uploaded documents/text. Context: ng community - https://tokenengineeringcommons.org/ - Token Engineering Labs - token engineering research and tooling - https://www.tokenengineeringlabs.com/ - BlockScience - complex systems and token engineering - https://block.science/ - Mechanism Design for Social Good - me
IDX01377,Raw URL lead - w3.org,Concepts Frameworks Methodologie,Concepts Frameworks Methodologies,http://www.w3.org/2001/XMLSchema-instance,resource_registry_v0_2,1,,Resource Graph,raw,list with caveat,Preserved from uploaded documents/text. Context:
IDX01378,Raw URL lead - zotero.org,Concepts Frameworks Methodologie,Concepts Frameworks Methodologies,https://www.zotero.org/,resource_registry_v0_2,1,,Resource Graph,raw,list with caveat,Preserved from uploaded documents/text. Context:
IDX01379,Harmonica,Tools Protocols Platform,Tools Protocols Platforms,https://harmonica.chat/,resource_registry_v0_2,,,Resource Graph,raw,list with caveat,"Added as a reviewable expansion lead; verify fit, URL, and priority before treating as curated."
IDX01380,Digital Public Goods Alliance,Projects Initiative,Projects Initiatives,https://digitalpublicgoods.net/,resource_registry_v0_2,,,Resource Graph,raw,list with caveat,
IDX01381,Foundation for Public Code,Organizations Network,Organizations Networks,https://publiccode.net/,resource_registry_v0_2,,,Resource Graph,raw,list with caveat,
IDX01382,The Open Source Way,Projects Initiative,Projects Initiatives,https://www.theopensourceway.org/,resource_registry_v0_2,,,Resource Graph,raw,list with caveat,
IDX01383,Code for All,Organizations Network,Organizations Networks,https://codeforall.org/,resource_registry_v0_2,,,Resource Graph,raw,list with caveat,
IDX01384,Code for America,Organizations Network,Organizations Networks,https://codeforamerica.org/,resource_registry_v0_2,,,Resource Graph,raw,list with caveat,
IDX01385,GitHub,Repositories Codebase,Repositories Codebases,https://github.com/,resource_registry_v0_2,,,Resource Graph,raw,list with caveat,
IDX01386,IPFS,Tools Protocols Platform,Tools Protocols Platforms,https://ipfs.tech/,resource_registry_v0_2,,,Resource Graph,raw,list with caveat,
IDX01387,Open Source Guides,Repositories Codebase,Repositories Codebases,https://opensource.guide/,resource_registry_v0_2,,,Resource Graph,raw,list with caveat,
IDX01388,GitHub Web3 Glossary,Repositories Codebase,Repositories Codebases,https://github.com/mapachurro/web3-glossary-website,resource_registry_v0_2,,,Resource Graph,raw,list with caveat,
IDX01389,Asset-Based Community Development,Books Papers Articles Report,Books Papers Articles Reports,https://www.abcdinstitute.org/,resource_registry_v0_2,,,Resource Graph,raw,list with caveat,
IDX01390,Community Economies Institute,Books Papers Articles Report,Books Papers Articles Reports,https://www.communityeconomies.org/,resource_registry_v0_2,,,Resource Graph,raw,list with caveat,
IDX01391,Liberating Structures,Books Papers Articles Report,Books Papers Articles Reports,https://www.liberatingstructures.com/,resource_registry_v0_2,,,Resource Graph,raw,list with caveat,
IDX01392,P2P Foundation Wiki,Books Papers Articles Report,Books Papers Articles Reports,https://wiki.p2pfoundation.net/,resource_registry_v0_2,,,Resource Graph,raw,list with caveat,
IDX01393,Participatory Action Research,Books Papers Articles Report,Books Papers Articles Reports,https://participatoryactionresearch.sites.carleton.edu/,resource_registry_v0_2,,,Resource Graph,raw,list with caveat,
IDX01394,Art of Hosting,Books Papers Articles Report,Books Papers Articles Reports,https://artofhosting.org/,resource_registry_v0_2,,,Resource Graph,raw,list with caveat,
IDX01395,Cooperation Jackson,Books Papers Articles Report,Books Papers Articles Reports,https://cooperationjackson.org/,resource_registry_v0_2,,,Resource Graph,raw,list with caveat,
IDX01396,Presencing Institute,Books Papers Articles Report,Books Papers Articles Reports,https://www.presencing.org/,resource_registry_v0_2,,,Resource Graph,raw,list with caveat,
IDX01397,RIPESS,Books Papers Articles Report,Books Papers Articles Reports,https://ripess.org/,resource_registry_v0_2,,,Resource Graph,raw,list with caveat,
IDX01398,Shareable,Books Papers Articles Report,Books Papers Articles Reports,https://www.shareable.net/,resource_registry_v0_2,,,Resource Graph,raw,list with caveat,
IDX01399,Civil Monkey,Books Papers Articles Report,Books Papers Articles Reports,t.me/civilmonkey,resource_registry_v0_2,,,Resource Graph,raw,list with caveat,
IDX01400,Communet,Books Papers Articles Report,Books Papers Articles Reports,https://www.communet.xyz/,resource_registry_v0_2,,,Resource Graph,raw,list with caveat,
IDX01401,Decentral Park / GP NYC,Books Papers Articles Report,Books Papers Articles Reports,Raw / no canonical link,resource_registry_v0_2,,,Resource Graph,raw,list with caveat,
IDX01402,Cypherpunk Research,Projects Initiative,Projects Initiatives,https://cypherpunk-research.monkeyflower.ca/,resource_registry_v0_2,,,Resource Graph,raw,list with caveat,
IDX01403,Web3Privacy Now,Projects Initiative,Projects Initiatives,https://web3privacy.info/,resource_registry_v0_2,,,Resource Graph,raw,list with caveat,
IDX01404,Ethereum Privacy Ecosystem Mapping,Books Papers Articles Report,Books Papers Articles Reports,https://paragraph.com/@web3privacy/ethereum-privacy-ecosystem-mapping,resource_registry_v0_2,,,Resource Graph,raw,list with caveat,
IDX01405,Gitcoin Passport,Tools Protocols Platform,Tools Protocols Platforms,https://passport.xyz/,resource_registry_v0_2,,,Resource Graph,raw,list with caveat,
IDX01406,Web3Privacy X Thread,Projects Initiative,Projects Initiatives,https://x.com/web3privacy/status/2028822840313537000,resource_registry_v0_2,,,Resource Graph,raw,list with caveat,
IDX01407,(((E. Glen Weyl/衛谷倫))) ⿻ 🇺🇸/🇩🇪/🇹🇼,Projects Initiative,Projects Initiatives,https://x.com/glenweyl,resource_registry_v0_2,2,,Resource Graph,raw,list with caveat,"Auto-extracted account lead from Twitter archive. Counts are mention/retweet signals, not endorsement."
IDX01408,0xShikhar⚡️,Projects Initiative,Projects Initiatives,https://x.com/0xShikhar,resource_registry_v0_2,1,,Resource Graph,raw,list with caveat,"Auto-extracted account lead from Twitter archive. Counts are mention/retweet signals, not endorsement."
IDX01409,'@aaronjmars,Projects Initiative,Projects Initiatives,https://x.com/aaronjmars,resource_registry_v0_2,1,,Resource Graph,raw,list with caveat,"Auto-extracted account lead from Twitter archive. Counts are mention/retweet signals, not endorsement."
IDX01410,a16z crypto,Projects Initiative,Projects Initiatives,https://x.com/a16zcrypto,resource_registry_v0_2,1,,Resource Graph,raw,list with caveat,"Auto-extracted account lead from Twitter archive. Counts are mention/retweet signals, not endorsement."
IDX01411,Aave,Projects Initiative,Projects Initiatives,https://x.com/aave,resource_registry_v0_2,4,,Resource Graph,raw,list with caveat,"Auto-extracted account lead from Twitter archive. Counts are mention/retweet signals, not endorsement."
IDX01412,Abeera Akhtar,Projects Initiative,Projects Initiatives,https://x.com/Abeers123,resource_registry_v0_2,1,,Resource Graph,raw,list with caveat,"Auto-extracted account lead from Twitter archive. Counts are mention/retweet signals, not endorsement."
IDX01413,Abstract Horizon,Projects Initiative,Projects Initiatives,https://x.com/Abstract_Hzn,resource_registry_v0_2,1,,Resource Graph,raw,list with caveat,"Auto-extracted account lead from Twitter archive. Counts are mention/retweet signals, not endorsement."
IDX01414,Afo Wefa,Projects Initiative,Projects Initiatives,https://x.com/time_is_oba,resource_registry_v0_2,2,,Resource Graph,raw,list with caveat,"Auto-extracted account lead from Twitter archive. Counts are mention/retweet signals, not endorsement."
IDX01415,Agora Citizen Network,Projects Initiative,Projects Initiatives,https://x.com/join_agora,resource_registry_v0_2,1,,Resource Graph,raw,list with caveat,"Auto-extracted account lead from Twitter archive. Counts are mention/retweet signals, not endorsement."
IDX01416,AK,Projects Initiative,Projects Initiatives,https://x.com/akrtws,resource_registry_v0_2,3,,Resource Graph,raw,list with caveat,"Auto-extracted account lead from Twitter archive. Counts are mention/retweet signals, not endorsement."
IDX01417,AK69.fun,Projects Initiative,Projects Initiatives,https://x.com/AntiKrisis_xyz,resource_registry_v0_2,6,,Resource Graph,raw,list with caveat,"Auto-extracted account lead from Twitter archive. Counts are mention/retweet signals, not endorsement."
IDX01418,Alex Imas,Projects Initiative,Projects Initiatives,https://x.com/alexolegimas,resource_registry_v0_2,1,,Resource Graph,raw,list with caveat,"Auto-extracted account lead from Twitter archive. Counts are mention/retweet signals, not endorsement."
IDX01419,Alex Prompter,Projects Initiative,Projects Initiatives,https://x.com/alex_prompter,resource_registry_v0_2,1,,Resource Graph,raw,list with caveat,"Auto-extracted account lead from Twitter archive. Counts are mention/retweet signals, not endorsement."
IDX01420,Alex Soto,Projects Initiative,Projects Initiatives,https://x.com/alexsotodigital,resource_registry_v0_2,1,,Resource Graph,raw,list with caveat,"Auto-extracted account lead from Twitter archive. Counts are mention/retweet signals, not endorsement."
IDX01421,Alex 🌍,Projects Initiative,Projects Initiatives,https://x.com/0xy_moron,resource_registry_v0_2,1,,Resource Graph,raw,list with caveat,"Auto-extracted account lead from Twitter archive. Counts are mention/retweet signals, not endorsement."
IDX01422,Alexandria,Projects Initiative,Projects Initiatives,https://x.com/AlexandriaLabs,resource_registry_v0_2,1,,Resource Graph,raw,list with caveat,"Auto-extracted account lead from Twitter archive. Counts are mention/retweet signals, not endorsement."
IDX01423,Alice,Projects Initiative,Projects Initiatives,https://x.com/wAliceChen,resource_registry_v0_2,1,,Resource Graph,raw,list with caveat,"Auto-extracted account lead from Twitter archive. Counts are mention/retweet signals, not endorsement."
IDX01424,AlliancePublicHealth,Projects Initiative,Projects Initiatives,https://x.com/allianceforph,resource_registry_v0_2,1,,Resource Graph,raw,list with caveat,"Auto-extracted account lead from Twitter archive. Counts are mention/retweet signals, not endorsement."
IDX01425,Ameen Soleimani,Projects Initiative,Projects Initiatives,https://x.com/ameensol,resource_registry_v0_2,1,,Resource Graph,raw,list with caveat,"Auto-extracted account lead from Twitter archive. Counts are mention/retweet signals, not endorsement."
IDX01426,Amelie,Projects Initiative,Projects Initiatives,https://x.com/AmelieLasker,resource_registry_v0_2,1,,Resource Graph,raw,list with caveat,"Auto-extracted account lead from Twitter archive. Counts are mention/retweet signals, not endorsement."
IDX01427,America Magazine,Projects Initiative,Projects Initiatives,https://x.com/americamag,resource_registry_v0_2,2,,Resource Graph,raw,list with caveat,"Auto-extracted account lead from Twitter archive. Counts are mention/retweet signals, not endorsement."
IDX01428,Amio,Projects Initiative,Projects Initiatives,https://x.com/amioantho,resource_registry_v0_2,2,,Resource Graph,raw,list with caveat,"Auto-extracted account lead from Twitter archive. Counts are mention/retweet signals, not endorsement."
IDX01429,Andrew Kuznetsov,Projects Initiative,Projects Initiatives,https://x.com/andrewkuznet,resource_registry_v0_2,1,,Resource Graph,raw,list with caveat,"Auto-extracted account lead from Twitter archive. Counts are mention/retweet signals, not endorsement."
IDX01430,Andrey Sergeenkov,Projects Initiative,Projects Initiatives,https://x.com/Nikopolos,resource_registry_v0_2,1,,Resource Graph,raw,list with caveat,"Auto-extracted account lead from Twitter archive. Counts are mention/retweet signals, not endorsement."
IDX01431,Angela Steffens (she/her),Projects Initiative,Projects Initiatives,https://x.com/wonderwomancode,resource_registry_v0_2,1,,Resource Graph,raw,list with caveat,"Auto-extracted account lead from Twitter archive. Counts are mention/retweet signals, not endorsement."
IDX01432,Anoma,Projects Initiative,Projects Initiatives,https://x.com/anoma,resource_registry_v0_2,1,,Resource Graph,raw,list with caveat,"Auto-extracted account lead from Twitter archive. Counts are mention/retweet signals, not endorsement."
IDX01433,ansgar.eth,Projects Initiative,Projects Initiatives,https://x.com/adietrichs,resource_registry_v0_2,1,,Resource Graph,raw,list with caveat,"Auto-extracted account lead from Twitter archive. Counts are mention/retweet signals, not endorsement."
IDX01434,Anton Korinek,Projects Initiative,Projects Initiatives,https://x.com/akorinek,resource_registry_v0_2,1,,Resource Graph,raw,list with caveat,"Auto-extracted account lead from Twitter archive. Counts are mention/retweet signals, not endorsement."
IDX01435,Arbitrum,Projects Initiative,Projects Initiatives,https://x.com/arbitrum,resource_registry_v0_2,2,,Resource Graph,raw,list with caveat,"Auto-extracted account lead from Twitter archive. Counts are mention/retweet signals, not endorsement."
IDX01436,arkreen,Projects Initiative,Projects Initiatives,https://x.com/arkreen_network,resource_registry_v0_2,8,,Resource Graph,raw,list with caveat,"Auto-extracted account lead from Twitter archive. Counts are mention/retweet signals, not endorsement."
IDX01437,Arnno39,Projects Initiative,Projects Initiatives,https://x.com/Arnno39,resource_registry_v0_2,1,,Resource Graph,raw,list with caveat,"Auto-extracted account lead from Twitter archive. Counts are mention/retweet signals, not endorsement."
IDX01438,artem 🇺🇦,Projects Initiative,Projects Initiatives,https://x.com/art_tem_,resource_registry_v0_2,1,,Resource Graph,raw,list with caveat,"Auto-extracted account lead from Twitter archive. Counts are mention/retweet signals, not endorsement."
IDX01439,ashe,Projects Initiative,Projects Initiatives,https://x.com/ashebytes,resource_registry_v0_2,1,,Resource Graph,raw,list with caveat,"Auto-extracted account lead from Twitter archive. Counts are mention/retweet signals, not endorsement."
IDX01440,Atlantis 🔱,Projects Initiative,Projects Initiatives,https://x.com/Atlantis_p2p,resource_registry_v0_2,6,,Resource Graph,raw,list with caveat,"Auto-extracted account lead from Twitter archive. Counts are mention/retweet signals, not endorsement."
IDX01441,AuraSci,Projects Initiative,Projects Initiatives,https://x.com/Aura_Sci,resource_registry_v0_2,1,,Resource Graph,raw,list with caveat,"Auto-extracted account lead from Twitter archive. Counts are mention/retweet signals, not endorsement."
IDX01442,Austin Griffith,Projects Initiative,Projects Initiatives,https://x.com/austingriffith,resource_registry_v0_2,1,,Resource Graph,raw,list with caveat,"Auto-extracted account lead from Twitter archive. Counts are mention/retweet signals, not endorsement."
IDX01443,azeem,Projects Initiative,Projects Initiatives,https://x.com/azeemk,resource_registry_v0_2,1,,Resource Graph,raw,list with caveat,"Auto-extracted account lead from Twitter archive. Counts are mention/retweet signals, not endorsement."
IDX01444,azeemk_,Projects Initiative,Projects Initiatives,https://x.com/azeemk_,resource_registry_v0_2,1,,Resource Graph,raw,list with caveat,"Auto-extracted account lead from Twitter archive. Counts are mention/retweet signals, not endorsement."
IDX01445,Azos Finance,Projects Initiative,Projects Initiatives,https://x.com/AzosFinance,resource_registry_v0_2,7,,Resource Graph,raw,list with caveat,"Auto-extracted account lead from Twitter archive. Counts are mention/retweet signals, not endorsement."
IDX01446,Aztec,Projects Initiative,Projects Initiatives,https://x.com/aztecnetwork,resource_registry_v0_2,1,,Resource Graph,raw,list with caveat,"Auto-extracted account lead from Twitter archive. Counts are mention/retweet signals, not endorsement."
IDX01447,Bancor,Projects Initiative,Projects Initiatives,https://x.com/Bancor,resource_registry_v0_2,1,,Resource Graph,raw,list with caveat,"Auto-extracted account lead from Twitter archive. Counts are mention/retweet signals, not endorsement."
IDX01448,barnabe.eth,Projects Initiative,Projects Initiatives,https://x.com/barnabemonnot,resource_registry_v0_2,1,,Resource Graph,raw,list with caveat,"Auto-extracted account lead from Twitter archive. Counts are mention/retweet signals, not endorsement."
IDX01449,Base,Projects Initiative,Projects Initiatives,https://x.com/base,resource_registry_v0_2,4,,Resource Graph,raw,list with caveat,"Auto-extracted account lead from Twitter archive. Counts are mention/retweet signals, not endorsement."
IDX01450,Beacon Labs,Projects Initiative,Projects Initiatives,https://x.com/beaconlabs_io,resource_registry_v0_2,1,,Resource Graph,raw,list with caveat,"Auto-extracted account lead from Twitter archive. Counts are mention/retweet signals, not endorsement."
IDX01451,Ben Birkholm,Projects Initiative,Projects Initiatives,https://x.com/MilkMoney64209,resource_registry_v0_2,1,,Resource Graph,raw,list with caveat,"Auto-extracted account lead from Twitter archive. Counts are mention/retweet signals, not endorsement."
IDX01452,ben.peer,Tools Protocols Platform,Tools Protocols Platforms,https://x.com/unhappyben,resource_registry_v0_2,1,,Resource Graph,raw,list with caveat,"Auto-extracted account lead from Twitter archive. Counts are mention/retweet signals, not endorsement."
IDX01453,Benjamin Life (re/acc),Projects Initiative,Projects Initiatives,https://x.com/omniharmonic,resource_registry_v0_2,23,,Resource Graph,raw,list with caveat,"Auto-extracted account lead from Twitter archive. Counts are mention/retweet signals, not endorsement."
IDX01454,Bill Laboon | Web3 Foundation,Projects Initiative,Projects Initiatives,https://x.com/BillLaboon,resource_registry_v0_2,1,,Resource Graph,raw,list with caveat,"Auto-extracted account lead from Twitter archive. Counts are mention/retweet signals, not endorsement."
IDX01455,binji,Projects Initiative,Projects Initiatives,https://x.com/binji_x,resource_registry_v0_2,4,,Resource Graph,raw,list with caveat,"Auto-extracted account lead from Twitter archive. Counts are mention/retweet signals, not endorsement."
IDX01456,BitRobot Network,Projects Initiative,Projects Initiatives,https://x.com/BitRobotNetwork,resource_registry_v0_2,1,,Resource Graph,raw,list with caveat,"Auto-extracted account lead from Twitter archive. Counts are mention/retweet signals, not endorsement."
IDX01457,Blackie.hl,Projects Initiative,Projects Initiatives,https://x.com/ManInBlackie,resource_registry_v0_2,1,,Resource Graph,raw,list with caveat,"Auto-extracted account lead from Twitter archive. Counts are mention/retweet signals, not endorsement."
IDX01458,blockful.eth,Projects Initiative,Projects Initiatives,https://x.com/blockful_io,resource_registry_v0_2,2,,Resource Graph,raw,list with caveat,"Auto-extracted account lead from Twitter archive. Counts are mention/retweet signals, not endorsement."
IDX01459,BNP Paribas Group,Projects Initiative,Projects Initiatives,https://x.com/BNPParibas,resource_registry_v0_2,1,,Resource Graph,raw,list with caveat,"Auto-extracted account lead from Twitter archive. Counts are mention/retweet signals, not endorsement."
IDX01460,Boris Cherny,Projects Initiative,Projects Initiatives,https://x.com/bcherny,resource_registry_v0_2,1,,Resource Graph,raw,list with caveat,"Auto-extracted account lead from Twitter archive. Counts are mention/retweet signals, not endorsement."
IDX01461,bot.owocki.eth 🤖,Projects Initiative,Projects Initiatives,https://x.com/owockibot,resource_registry_v0_2,15,,Resource Graph,raw,list with caveat,"Auto-extracted account lead from Twitter archive. Counts are mention/retweet signals, not endorsement."
IDX01462,Brian Kelleher,Projects Initiative,Projects Initiatives,https://x.com/BKelleher123,resource_registry_v0_2,1,,Resource Graph,raw,list with caveat,"Auto-extracted account lead from Twitter archive. Counts are mention/retweet signals, not endorsement."
IDX01463,BuidlGuidl.eth,Projects Initiative,Projects Initiatives,https://x.com/buidlguidl,resource_registry_v0_2,1,,Resource Graph,raw,list with caveat,"Auto-extracted account lead from Twitter archive. Counts are mention/retweet signals, not endorsement."
IDX01464,bumblefudge dot com is OVER this shithole,Projects Initiative,Projects Initiatives,https://x.com/by_caballero,resource_registry_v0_2,1,,Resource Graph,raw,list with caveat,"Auto-extracted account lead from Twitter archive. Counts are mention/retweet signals, not endorsement."
IDX01465,C. Adam Stallard🪁🔆🆔⿻ gov/acc,Projects Initiative,Projects Initiatives,https://x.com/cadamstallard,resource_registry_v0_2,2,,Resource Graph,raw,list with caveat,"Auto-extracted account lead from Twitter archive. Counts are mention/retweet signals, not endorsement."
IDX01466,Candu,Projects Initiative,Projects Initiatives,https://x.com/candufaz,resource_registry_v0_2,1,,Resource Graph,raw,list with caveat,"Auto-extracted account lead from Twitter archive. Counts are mention/retweet signals, not endorsement."
IDX01467,Carlos E. Perez,Projects Initiative,Projects Initiatives,https://x.com/IntuitMachine,resource_registry_v0_2,2,,Resource Graph,raw,list with caveat,"Auto-extracted account lead from Twitter archive. Counts are mention/retweet signals, not endorsement."
IDX01468,CeLatam 🧩,Projects Initiative,Projects Initiatives,https://x.com/CeLatamOrg,resource_registry_v0_2,1,,Resource Graph,raw,list with caveat,"Auto-extracted account lead from Twitter archive. Counts are mention/retweet signals, not endorsement."
IDX01469,Celo,Projects Initiative,Projects Initiatives,https://x.com/Celo,resource_registry_v0_2,6,,Resource Graph,raw,list with caveat,"Auto-extracted account lead from Twitter archive. Counts are mention/retweet signals, not endorsement."
IDX01470,charles (csl) ᛋ,Projects Initiative,Projects Initiatives,https://x.com/CharlieStLouis,resource_registry_v0_2,2,,Resource Graph,raw,list with caveat,"Auto-extracted account lead from Twitter archive. Counts are mention/retweet signals, not endorsement."
IDX01471,Charles Guillemet,Projects Initiative,Projects Initiatives,https://x.com/P3b7_,resource_registry_v0_2,1,,Resource Graph,raw,list with caveat,"Auto-extracted account lead from Twitter archive. Counts are mention/retweet signals, not endorsement."
IDX01472,chaskin.eth,Projects Initiative,Projects Initiatives,https://x.com/jchaskin22,resource_registry_v0_2,1,,Resource Graph,raw,list with caveat,"Auto-extracted account lead from Twitter archive. Counts are mention/retweet signals, not endorsement."
IDX01473,Chones Ecosystem Weaving,Projects Initiative,Projects Initiatives,https://x.com/ChonesWeaving,resource_registry_v0_2,6,,Resource Graph,raw,list with caveat,"Auto-extracted account lead from Twitter archive. Counts are mention/retweet signals, not endorsement."
IDX01474,Christine D. Kim,Projects Initiative,Projects Initiatives,https://x.com/christine_dkim,resource_registry_v0_2,4,,Resource Graph,raw,list with caveat,"Auto-extracted account lead from Twitter archive. Counts are mention/retweet signals, not endorsement."
IDX01475,Ciarán Murray,Projects Initiative,Projects Initiatives,https://x.com/C1aranMurray,resource_registry_v0_2,2,,Resource Graph,raw,list with caveat,"Auto-extracted account lead from Twitter archive. Counts are mention/retweet signals, not endorsement."
IDX01476,City/Sync,Projects Initiative,Projects Initiatives,https://x.com/city_sync_,resource_registry_v0_2,2,,Resource Graph,raw,list with caveat,"Auto-extracted account lead from Twitter archive. Counts are mention/retweet signals, not endorsement."
IDX01477,clinamenic,Projects Initiative,Projects Initiatives,https://x.com/clinamenic,resource_registry_v0_2,1,,Resource Graph,raw,list with caveat,"Auto-extracted account lead from Twitter archive. Counts are mention/retweet signals, not endorsement."
IDX01478,Clément Lesaege,Projects Initiative,Projects Initiatives,https://x.com/clesaege,resource_registry_v0_2,1,,Resource Graph,raw,list with caveat,"Auto-extracted account lead from Twitter archive. Counts are mention/retweet signals, not endorsement."
IDX01479,cobuild,Projects Initiative,Projects Initiatives,https://x.com/justcobuild,resource_registry_v0_2,1,,Resource Graph,raw,list with caveat,"Auto-extracted account lead from Twitter archive. Counts are mention/retweet signals, not endorsement."
IDX01480,Cognitive Liberty,Projects Initiative,Projects Initiatives,https://x.com/CognitiveLbty,resource_registry_v0_2,1,,Resource Graph,raw,list with caveat,"Auto-extracted account lead from Twitter archive. Counts are mention/retweet signals, not endorsement."
IDX01481,Cole B.,Projects Initiative,Projects Initiatives,https://x.com/revnet,resource_registry_v0_2,1,,Resource Graph,raw,list with caveat,"Auto-extracted account lead from Twitter archive. Counts are mention/retweet signals, not endorsement."
IDX01482,Coleen Chase:@coleenc.bsky.social,Projects Initiative,Projects Initiatives,https://x.com/ColeenChase,resource_registry_v0_2,4,,Resource Graph,raw,list with caveat,"Auto-extracted account lead from Twitter archive. Counts are mention/retweet signals, not endorsement."
IDX01483,Collabberry,Projects Initiative,Projects Initiatives,https://x.com/collabberry,resource_registry_v0_2,1,,Resource Graph,raw,list with caveat,"Auto-extracted account lead from Twitter archive. Counts are mention/retweet signals, not endorsement."
IDX01484,Common Planet Foundation,Projects Initiative,Projects Initiatives,https://x.com/Common_Planet,resource_registry_v0_2,1,,Resource Graph,raw,list with caveat,"Auto-extracted account lead from Twitter archive. Counts are mention/retweet signals, not endorsement."
IDX01485,Corey Petty,Projects Initiative,Projects Initiatives,https://x.com/Corpetty,resource_registry_v0_2,1,,Resource Graph,raw,list with caveat,"Auto-extracted account lead from Twitter archive. Counts are mention/retweet signals, not endorsement."
IDX01486,Cory Doctorow NO LONGER ON TWIT TER,Projects Initiative,Projects Initiatives,https://x.com/doctorow,resource_registry_v0_2,1,,Resource Graph,raw,list with caveat,"Auto-extracted account lead from Twitter archive. Counts are mention/retweet signals, not endorsement."
IDX01487,Crypto Altruists,Projects Initiative,Projects Initiatives,https://x.com/Crypto_Altruism,resource_registry_v0_2,53,,Resource Graph,raw,list with caveat,"Auto-extracted account lead from Twitter archive. Counts are mention/retweet signals, not endorsement."
IDX01488,CryptoEconLab,Projects Initiative,Projects Initiatives,https://x.com/cryptoeconlab,resource_registry_v0_2,7,,Resource Graph,raw,list with caveat,"Auto-extracted account lead from Twitter archive. Counts are mention/retweet signals, not endorsement."
IDX01489,CryptoPunks,Projects Initiative,Projects Initiatives,https://x.com/cryptopunks,resource_registry_v0_2,1,,Resource Graph,raw,list with caveat,"Auto-extracted account lead from Twitter archive. Counts are mention/retweet signals, not endorsement."
IDX01490,Curtis Yarvin,Projects Initiative,Projects Initiatives,https://x.com/curtis_yarvin,resource_registry_v0_2,2,,Resource Graph,raw,list with caveat,"Auto-extracted account lead from Twitter archive. Counts are mention/retweet signals, not endorsement."
IDX01491,Daniel,Projects Initiative,Projects Initiatives,https://x.com/danielschmach,resource_registry_v0_2,1,,Resource Graph,raw,list with caveat,"Auto-extracted account lead from Twitter archive. Counts are mention/retweet signals, not endorsement."
IDX01492,Daniel Ospina,Projects Initiative,Projects Initiatives,https://x.com/_Daniel_Ospina,resource_registry_v0_2,2,,Resource Graph,raw,list with caveat,"Auto-extracted account lead from Twitter archive. Counts are mention/retweet signals, not endorsement."
IDX01493,Dankrad Feist,Projects Initiative,Projects Initiatives,https://x.com/dankrad,resource_registry_v0_2,2,,Resource Graph,raw,list with caveat,"Auto-extracted account lead from Twitter archive. Counts are mention/retweet signals, not endorsement."
IDX01494,dannyryan,Projects Initiative,Projects Initiatives,https://x.com/dannyryan,resource_registry_v0_2,1,,Resource Graph,raw,list with caveat,"Auto-extracted account lead from Twitter archive. Counts are mention/retweet signals, not endorsement."
IDX01495,Darren,Projects Initiative,Projects Initiatives,https://x.com/zaldarren,resource_registry_v0_2,4,,Resource Graph,raw,list with caveat,"Auto-extracted account lead from Twitter archive. Counts are mention/retweet signals, not endorsement."
IDX01496,Data & Society,Projects Initiative,Projects Initiatives,https://x.com/datasociety,resource_registry_v0_2,1,,Resource Graph,raw,list with caveat,"Auto-extracted account lead from Twitter archive. Counts are mention/retweet signals, not endorsement."
IDX01497,david phelps,Projects Initiative,Projects Initiatives,https://x.com/divine_economy,resource_registry_v0_2,1,,Resource Graph,raw,list with caveat,"Auto-extracted account lead from Twitter archive. Counts are mention/retweet signals, not endorsement."
IDX01498,David Rozas,Projects Initiative,Projects Initiatives,https://x.com/drozas,resource_registry_v0_2,1,,Resource Graph,raw,list with caveat,"Auto-extracted account lead from Twitter archive. Counts are mention/retweet signals, not endorsement."
IDX01499,DCF,Projects Initiative,Projects Initiatives,https://x.com/DCF_io,resource_registry_v0_2,4,,Resource Graph,raw,list with caveat,"Auto-extracted account lead from Twitter archive. Counts are mention/retweet signals, not endorsement."
IDX01500,DCinvestor,Projects Initiative,Projects Initiatives,https://x.com/DCinvestor,resource_registry_v0_2,1,,Resource Graph,raw,list with caveat,"Auto-extracted account lead from Twitter archive. Counts are mention/retweet signals, not endorsement."
IDX01501,deana,Projects Initiative,Projects Initiatives,https://x.com/medeana,resource_registry_v0_2,1,,Resource Graph,raw,list with caveat,"Auto-extracted account lead from Twitter archive. Counts are mention/retweet signals, not endorsement."
IDX01502,Decentralization Research Center,Projects Initiative,Projects Initiatives,https://x.com/TheDRC_,resource_registry_v0_2,7,,Resource Graph,raw,list with caveat,"Auto-extracted account lead from Twitter archive. Counts are mention/retweet signals, not endorsement."
IDX01503,DecentralizedCEO⎮🟢🍄,Projects Initiative,Projects Initiatives,https://x.com/izzylawrence11,resource_registry_v0_2,1,,Resource Graph,raw,list with caveat,"Auto-extracted account lead from Twitter archive. Counts are mention/retweet signals, not endorsement."
IDX01504,DeCleanup Network,Projects Initiative,Projects Initiatives,https://x.com/DeCleanupNet,resource_registry_v0_2,3,,Resource Graph,raw,list with caveat,"Auto-extracted account lead from Twitter archive. Counts are mention/retweet signals, not endorsement."
IDX01505,deepa 🏴‍☠️,Projects Initiative,Projects Initiatives,https://x.com/deeparocks,resource_registry_v0_2,3,,Resource Graph,raw,list with caveat,"Auto-extracted account lead from Twitter archive. Counts are mention/retweet signals, not endorsement."
IDX01506,DeFiDave22,Projects Initiative,Projects Initiatives,https://x.com/DeFiDave22,resource_registry_v0_2,1,,Resource Graph,raw,list with caveat,"Auto-extracted account lead from Twitter archive. Counts are mention/retweet signals, not endorsement."
IDX01507,Department of Further and Higher Education,Projects Initiative,Projects Initiatives,https://x.com/DeptofFHed,resource_registry_v0_2,1,,Resource Graph,raw,list with caveat,"Auto-extracted account lead from Twitter archive. Counts are mention/retweet signals, not endorsement."
IDX01508,DeSci Labs,Projects Initiative,Projects Initiatives,https://x.com/DeSciLabs,resource_registry_v0_2,1,,Resource Graph,raw,list with caveat,"Auto-extracted account lead from Twitter archive. Counts are mention/retweet signals, not endorsement."
IDX01509,DeSciAsia,Projects Initiative,Projects Initiatives,https://x.com/DeSciAsia,resource_registry_v0_2,2,,Resource Graph,raw,list with caveat,"Auto-extracted account lead from Twitter archive. Counts are mention/retweet signals, not endorsement."
IDX01510,DeSciWorld,Projects Initiative,Projects Initiatives,https://x.com/DeSciWorld,resource_registry_v0_2,2,,Resource Graph,raw,list with caveat,"Auto-extracted account lead from Twitter archive. Counts are mention/retweet signals, not endorsement."
IDX01511,Dev Lewis,Projects Initiative,Projects Initiatives,https://x.com/devlewis18,resource_registry_v0_2,1,,Resource Graph,raw,list with caveat,"Auto-extracted account lead from Twitter archive. Counts are mention/retweet signals, not endorsement."
IDX01512,Dev Tools Guild,Tools Protocols Platform,Tools Protocols Platforms,https://x.com/devtoolsguild,resource_registry_v0_2,1,,Resource Graph,raw,list with caveat,"Auto-extracted account lead from Twitter archive. Counts are mention/retweet signals, not endorsement."
IDX01513,Devansh Mehta,Projects Initiative,Projects Initiatives,https://x.com/devanshmehta,resource_registry_v0_2,12,,Resource Graph,raw,list with caveat,"Auto-extracted account lead from Twitter archive. Counts are mention/retweet signals, not endorsement."
IDX01514,Dionysus,Projects Initiative,Projects Initiatives,https://x.com/Dionysus_Klima,resource_registry_v0_2,5,,Resource Graph,raw,list with caveat,"Auto-extracted account lead from Twitter archive. Counts are mention/retweet signals, not endorsement."
IDX01515,Disruption Joe,Projects Initiative,Projects Initiatives,https://x.com/DisruptionJoe,resource_registry_v0_2,11,,Resource Graph,raw,list with caveat,"Auto-extracted account lead from Twitter archive. Counts are mention/retweet signals, not endorsement."
IDX01516,Djimo Serodio 🌳,Projects Initiative,Projects Initiatives,https://x.com/DjimoSerodio,resource_registry_v0_2,1,,Resource Graph,raw,list with caveat,"Auto-extracted account lead from Twitter archive. Counts are mention/retweet signals, not endorsement."
IDX01517,Dmitry Khovratovich,Projects Initiative,Projects Initiatives,https://x.com/Khovr,resource_registry_v0_2,1,,Resource Graph,raw,list with caveat,"Auto-extracted account lead from Twitter archive. Counts are mention/retweet signals, not endorsement."
IDX01518,domingob.⌐◨-◨,Projects Initiative,Projects Initiatives,https://x.com/glycemag,resource_registry_v0_2,1,,Resource Graph,raw,list with caveat,"Auto-extracted account lead from Twitter archive. Counts are mention/retweet signals, not endorsement."
IDX01519,donnoh.eth 💗,Projects Initiative,Projects Initiatives,https://x.com/donnoh_eth,resource_registry_v0_2,1,,Resource Graph,raw,list with caveat,"Auto-extracted account lead from Twitter archive. Counts are mention/retweet signals, not endorsement."
IDX01520,dOrg,Projects Initiative,Projects Initiatives,https://x.com/dOrg_tech,resource_registry_v0_2,3,,Resource Graph,raw,list with caveat,"Auto-extracted account lead from Twitter archive. Counts are mention/retweet signals, not endorsement."
IDX01521,DTCC,Projects Initiative,Projects Initiatives,https://x.com/The_DTCC,resource_registry_v0_2,1,,Resource Graph,raw,list with caveat,"Auto-extracted account lead from Twitter archive. Counts are mention/retweet signals, not endorsement."
IDX01522,Dune,Projects Initiative,Projects Initiatives,https://x.com/Dune,resource_registry_v0_2,1,,Resource Graph,raw,list with caveat,"Auto-extracted account lead from Twitter archive. Counts are mention/retweet signals, not endorsement."
IDX01523,dylan,Projects Initiative,Projects Initiatives,https://x.com/Dylan_Steck,resource_registry_v0_2,1,,Resource Graph,raw,list with caveat,"Auto-extracted account lead from Twitter archive. Counts are mention/retweet signals, not endorsement."
IDX01524,DylanΞGra₿owski,Projects Initiative,Projects Initiatives,https://x.com/GrabowskiDylan,resource_registry_v0_2,1,,Resource Graph,raw,list with caveat,"Auto-extracted account lead from Twitter archive. Counts are mention/retweet signals, not endorsement."
IDX01525,ECH Institute Inc.,Projects Initiative,Projects Initiatives,https://x.com/ECHInstitute,resource_registry_v0_2,6,,Resource Graph,raw,list with caveat,"Auto-extracted account lead from Twitter archive. Counts are mention/retweet signals, not endorsement."
IDX01526,Ecofrontiers,Projects Initiative,Projects Initiatives,https://x.com/ecofrontiers,resource_registry_v0_2,4,,Resource Graph,raw,list with caveat,"Auto-extracted account lead from Twitter archive. Counts are mention/retweet signals, not endorsement."
IDX01527,Edge Esmeralda,Projects Initiative,Projects Initiatives,https://x.com/EdgeEsmeralda,resource_registry_v0_2,1,,Resource Graph,raw,list with caveat,"Auto-extracted account lead from Twitter archive. Counts are mention/retweet signals, not endorsement."
IDX01528,EF Ecosystem Support Program,Projects Initiative,Projects Initiatives,https://x.com/EF_ESP,resource_registry_v0_2,1,,Resource Graph,raw,list with caveat,"Auto-extracted account lead from Twitter archive. Counts are mention/retweet signals, not endorsement."
IDX01529,EFF,Projects Initiative,Projects Initiatives,https://x.com/EFF,resource_registry_v0_2,1,,Resource Graph,raw,list with caveat,"Auto-extracted account lead from Twitter archive. Counts are mention/retweet signals, not endorsement."
IDX01530,Ellie Rennie,Projects Initiative,Projects Initiatives,https://x.com/ElinorRennie,resource_registry_v0_2,1,,Resource Graph,raw,list with caveat,"Auto-extracted account lead from Twitter archive. Counts are mention/retweet signals, not endorsement."
IDX01531,elvis,Projects Initiative,Projects Initiatives,https://x.com/omarsar0,resource_registry_v0_2,1,,Resource Graph,raw,list with caveat,"Auto-extracted account lead from Twitter archive. Counts are mention/retweet signals, not endorsement."
IDX01532,EN0VA,Projects Initiative,Projects Initiatives,https://x.com/0xEN0VA,resource_registry_v0_2,2,,Resource Graph,raw,list with caveat,"Auto-extracted account lead from Twitter archive. Counts are mention/retweet signals, not endorsement."
IDX01533,EricMack.eth,Projects Initiative,Projects Initiatives,https://x.com/EricCMack,resource_registry_v0_2,1,,Resource Graph,raw,list with caveat,"Auto-extracted account lead from Twitter archive. Counts are mention/retweet signals, not endorsement."
IDX01534,Erik Voorhees,Projects Initiative,Projects Initiatives,https://x.com/ErikVoorhees,resource_registry_v0_2,1,,Resource Graph,raw,list with caveat,"Auto-extracted account lead from Twitter archive. Counts are mention/retweet signals, not endorsement."
IDX01535,ETH Strategy,Projects Initiative,Projects Initiatives,https://x.com/eth_strategy,resource_registry_v0_2,1,,Resource Graph,raw,list with caveat,"Auto-extracted account lead from Twitter archive. Counts are mention/retweet signals, not endorsement."
IDX01536,ethdevnews,Projects Initiative,Projects Initiatives,https://x.com/ethdevnews,resource_registry_v0_2,2,,Resource Graph,raw,list with caveat,"Auto-extracted account lead from Twitter archive. Counts are mention/retweet signals, not endorsement."
IDX01537,Ethereal news,Projects Initiative,Projects Initiatives,https://x.com/EtherealnewsHQ,resource_registry_v0_2,17,,Resource Graph,raw,list with caveat,"Auto-extracted account lead from Twitter archive. Counts are mention/retweet signals, not endorsement."
IDX01538,Etherealize,Projects Initiative,Projects Initiatives,https://x.com/Etherealize_io,resource_registry_v0_2,3,,Resource Graph,raw,list with caveat,"Auto-extracted account lead from Twitter archive. Counts are mention/retweet signals, not endorsement."
IDX01539,ETHGlobal,Projects Initiative,Projects Initiatives,https://x.com/ETHGlobal,resource_registry_v0_2,1,,Resource Graph,raw,list with caveat,"Auto-extracted account lead from Twitter archive. Counts are mention/retweet signals, not endorsement."
IDX01540,ETHPanda,Projects Initiative,Projects Initiatives,https://x.com/ETHPanda_Org,resource_registry_v0_2,1,,Resource Graph,raw,list with caveat,"Auto-extracted account lead from Twitter archive. Counts are mention/retweet signals, not endorsement."
IDX01541,ETHPrague,Projects Initiative,Projects Initiatives,https://x.com/EthPrague,resource_registry_v0_2,3,,Resource Graph,raw,list with caveat,"Auto-extracted account lead from Twitter archive. Counts are mention/retweet signals, not endorsement."
IDX01542,ethresearchbot,Projects Initiative,Projects Initiatives,https://x.com/ethresearchbot,resource_registry_v0_2,2,,Resource Graph,raw,list with caveat,"Auto-extracted account lead from Twitter archive. Counts are mention/retweet signals, not endorsement."
IDX01543,EthStaker 🦇🔊,Projects Initiative,Projects Initiatives,https://x.com/ethStaker,resource_registry_v0_2,1,,Resource Graph,raw,list with caveat,"Auto-extracted account lead from Twitter archive. Counts are mention/retweet signals, not endorsement."
IDX01544,Evan Van Ness,Projects Initiative,Projects Initiatives,https://x.com/evan_van_ness,resource_registry_v0_2,1,,Resource Graph,raw,list with caveat,"Auto-extracted account lead from Twitter archive. Counts are mention/retweet signals, not endorsement."
IDX01545,Evan 🦇🔊,Projects Initiative,Projects Initiatives,https://x.com/ib1gymnast,resource_registry_v0_2,1,,Resource Graph,raw,list with caveat,"Auto-extracted account lead from Twitter archive. Counts are mention/retweet signals, not endorsement."
IDX01546,evm.now,Projects Initiative,Projects Initiatives,https://x.com/evmnow,resource_registry_v0_2,1,,Resource Graph,raw,list with caveat,"Auto-extracted account lead from Twitter archive. Counts are mention/retweet signals, not endorsement."
IDX01547,Evrim Tan,Projects Initiative,Projects Initiatives,https://x.com/evrimtan,resource_registry_v0_2,1,,Resource Graph,raw,list with caveat,"Auto-extracted account lead from Twitter archive. Counts are mention/retweet signals, not endorsement."
IDX01548,exeunt,Projects Initiative,Projects Initiatives,https://x.com/exeuntdoteth,resource_registry_v0_2,12,,Resource Graph,raw,list with caveat,"Auto-extracted account lead from Twitter archive. Counts are mention/retweet signals, not endorsement."
IDX01549,Farcaster,Projects Initiative,Projects Initiatives,https://x.com/farcaster_xyz,resource_registry_v0_2,1,,Resource Graph,raw,list with caveat,"Auto-extracted account lead from Twitter archive. Counts are mention/retweet signals, not endorsement."
IDX01550,Federico Ast,Projects Initiative,Projects Initiatives,https://x.com/federicoast,resource_registry_v0_2,1,,Resource Graph,raw,list with caveat,"Auto-extracted account lead from Twitter archive. Counts are mention/retweet signals, not endorsement."
IDX01551,Fede’s intern 🥊,Projects Initiative,Projects Initiatives,https://x.com/fede_intern,resource_registry_v0_2,1,,Resource Graph,raw,list with caveat,"Auto-extracted account lead from Twitter archive. Counts are mention/retweet signals, not endorsement."
IDX01552,Feems,Tools Protocols Platform,Tools Protocols Platforms,https://x.com/feemschats,resource_registry_v0_2,2,,Resource Graph,raw,list with caveat,"Auto-extracted account lead from Twitter archive. Counts are mention/retweet signals, not endorsement."
IDX01553,FHE.org,Projects Initiative,Projects Initiatives,https://x.com/fhe_org,resource_registry_v0_2,2,,Resource Graph,raw,list with caveat,"Auto-extracted account lead from Twitter archive. Counts are mention/retweet signals, not endorsement."
IDX01554,Fidelity Digital Assets,Projects Initiative,Projects Initiatives,https://x.com/DigitalAssets,resource_registry_v0_2,1,,Resource Graph,raw,list with caveat,"Auto-extracted account lead from Twitter archive. Counts are mention/retweet signals, not endorsement."
IDX01555,Flow State 🦫,Projects Initiative,Projects Initiatives,https://x.com/flowstatecoop,resource_registry_v0_2,5,,Resource Graph,raw,list with caveat,"Auto-extracted account lead from Twitter archive. Counts are mention/retweet signals, not endorsement."
IDX01556,Fly you Fools,Projects Initiative,Projects Initiatives,https://x.com/Fly_you_fools,resource_registry_v0_2,1,,Resource Graph,raw,list with caveat,"Auto-extracted account lead from Twitter archive. Counts are mention/retweet signals, not endorsement."
IDX01557,For The World,Projects Initiative,Projects Initiatives,https://x.com/ETHForTheWorld,resource_registry_v0_2,2,,Resource Graph,raw,list with caveat,"Auto-extracted account lead from Twitter archive. Counts are mention/retweet signals, not endorsement."
IDX01558,Francesco Andreoli ᵍᵐ,Projects Initiative,Projects Initiatives,https://x.com/francescoswiss,resource_registry_v0_2,1,,Resource Graph,raw,list with caveat,"Auto-extracted account lead from Twitter archive. Counts are mention/retweet signals, not endorsement."
IDX01559,Frax,Projects Initiative,Projects Initiatives,https://x.com/Frax,resource_registry_v0_2,1,,Resource Graph,raw,list with caveat,"Auto-extracted account lead from Twitter archive. Counts are mention/retweet signals, not endorsement."
IDX01560,Freedom of the Press Foundation,Projects Initiative,Projects Initiatives,https://x.com/FreedomofPress,resource_registry_v0_2,1,,Resource Graph,raw,list with caveat,"Auto-extracted account lead from Twitter archive. Counts are mention/retweet signals, not endorsement."
IDX01561,Frontier Tower,Projects Initiative,Projects Initiatives,https://x.com/frontiertower,resource_registry_v0_2,1,,Resource Graph,raw,list with caveat,"Auto-extracted account lead from Twitter archive. Counts are mention/retweet signals, not endorsement."
IDX01562,Future of Life Institute,Projects Initiative,Projects Initiatives,https://x.com/FLI_org,resource_registry_v0_2,1,,Resource Graph,raw,list with caveat,"Auto-extracted account lead from Twitter archive. Counts are mention/retweet signals, not endorsement."
IDX01563,"F太郎 / F-TARO (🌳,🌳)",Projects Initiative,Projects Initiatives,https://x.com/N_FT2021,resource_registry_v0_2,1,,Resource Graph,raw,list with caveat,"Auto-extracted account lead from Twitter archive. Counts are mention/retweet signals, not endorsement."
IDX01564,g0v.tw | 台灣零時政府,Projects Initiative,Projects Initiatives,https://x.com/g0vtw,resource_registry_v0_2,1,,Resource Graph,raw,list with caveat,"Auto-extracted account lead from Twitter archive. Counts are mention/retweet signals, not endorsement."
IDX01565,Gajesh,Projects Initiative,Projects Initiatives,https://x.com/gajesh,resource_registry_v0_2,1,,Resource Graph,raw,list with caveat,"Auto-extracted account lead from Twitter archive. Counts are mention/retweet signals, not endorsement."
IDX01566,gardens 🌱,Projects Initiative,Projects Initiatives,https://x.com/gardens_fund,resource_registry_v0_2,5,,Resource Graph,raw,list with caveat,"Auto-extracted account lead from Twitter archive. Counts are mention/retweet signals, not endorsement."
IDX01567,Gary Hamel,Projects Initiative,Projects Initiatives,https://x.com/profhamel,resource_registry_v0_2,1,,Resource Graph,raw,list with caveat,"Auto-extracted account lead from Twitter archive. Counts are mention/retweet signals, not endorsement."
IDX01568,Gary Weinstein 🛡,Projects Initiative,Projects Initiatives,https://x.com/Gary_Weinstein_,resource_registry_v0_2,1,,Resource Graph,raw,list with caveat,"Auto-extracted account lead from Twitter archive. Counts are mention/retweet signals, not endorsement."
IDX01569,Gas Killer | Secure contracts shouldn't cost more,Repositories Codebase,Repositories Codebases,https://x.com/gaskiller_,resource_registry_v0_2,1,,Resource Graph,raw,list with caveat,"Auto-extracted account lead from Twitter archive. Counts are mention/retweet signals, not endorsement."
IDX01570,Geode Labs,Projects Initiative,Projects Initiatives,https://x.com/geodelabs,resource_registry_v0_2,1,,Resource Graph,raw,list with caveat,"Auto-extracted account lead from Twitter archive. Counts are mention/retweet signals, not endorsement."
IDX01571,George Kadianakis,Projects Initiative,Projects Initiatives,https://x.com/asn_d6,resource_registry_v0_2,1,,Resource Graph,raw,list with caveat,"Auto-extracted account lead from Twitter archive. Counts are mention/retweet signals, not endorsement."
IDX01572,Glow Tracker 🤖,Projects Initiative,Projects Initiatives,https://x.com/GlowTracker,resource_registry_v0_2,2,,Resource Graph,raw,list with caveat,"Auto-extracted account lead from Twitter archive. Counts are mention/retweet signals, not endorsement."
IDX01573,GoodDollar 💙🌏,Funding Mechanisms Capital Flow,Funding Mechanisms Capital Flows,https://x.com/gooddollarorg,resource_registry_v0_2,1,,Resource Graph,raw,list with caveat,"Auto-extracted account lead from Twitter archive. Counts are mention/retweet signals, not endorsement."
IDX01574,graven,Projects Initiative,Projects Initiatives,https://x.com/GravenPrest,resource_registry_v0_2,1,,Resource Graph,raw,list with caveat,"Auto-extracted account lead from Twitter archive. Counts are mention/retweet signals, not endorsement."
IDX01575,Green Goods,Tools Protocols Platform,Tools Protocols Platforms,https://x.com/greengoodsapp,resource_registry_v0_2,1,,Resource Graph,raw,list with caveat,"Auto-extracted account lead from Twitter archive. Counts are mention/retweet signals, not endorsement."
IDX01576,GreenSofa_TW,Projects Initiative,Projects Initiatives,https://x.com/GreenSofa_TW,resource_registry_v0_2,3,,Resource Graph,raw,list with caveat,"Auto-extracted account lead from Twitter archive. Counts are mention/retweet signals, not endorsement."
IDX01577,"Gregory Landua (🌳,🌳,🌳)",Projects Initiative,Projects Initiatives,https://x.com/gregory_landua,resource_registry_v0_2,6,,Resource Graph,raw,list with caveat,"Auto-extracted account lead from Twitter archive. Counts are mention/retweet signals, not endorsement."
IDX01578,Griff Green - griff.eth,Projects Initiative,Projects Initiatives,https://x.com/griffgreen,resource_registry_v0_2,2,,Resource Graph,raw,list with caveat,"Auto-extracted account lead from Twitter archive. Counts are mention/retweet signals, not endorsement."
IDX01579,Grok,Projects Initiative,Projects Initiatives,https://x.com/grok,resource_registry_v0_2,1,,Resource Graph,raw,list with caveat,"Auto-extracted account lead from Twitter archive. Counts are mention/retweet signals, not endorsement."
IDX01580,GrowFi,Projects Initiative,Projects Initiatives,https://x.com/higrowfi,resource_registry_v0_2,2,,Resource Graph,raw,list with caveat,"Auto-extracted account lead from Twitter archive. Counts are mention/retweet signals, not endorsement."
IDX01581,growthepie 🥧📏,Projects Initiative,Projects Initiatives,https://x.com/growthepie_eth,resource_registry_v0_2,3,,Resource Graph,raw,list with caveat,"Auto-extracted account lead from Twitter archive. Counts are mention/retweet signals, not endorsement."
IDX01582,GSR Foundation,Projects Initiative,Projects Initiatives,https://x.com/foundation_gsr,resource_registry_v0_2,2,,Resource Graph,raw,list with caveat,"Auto-extracted account lead from Twitter archive. Counts are mention/retweet signals, not endorsement."
IDX01583,Guil is 🌱 🌈,Projects Initiative,Projects Initiatives,https://x.com/guil_is,resource_registry_v0_2,1,,Resource Graph,raw,list with caveat,"Auto-extracted account lead from Twitter archive. Counts are mention/retweet signals, not endorsement."
IDX01584,Guild Guild,Projects Initiative,Projects Initiatives,https://x.com/guildguild_eth,resource_registry_v0_2,2,,Resource Graph,raw,list with caveat,"Auto-extracted account lead from Twitter archive. Counts are mention/retweet signals, not endorsement."
IDX01585,guiribabrb,Projects Initiative,Projects Initiatives,https://x.com/guiribabrb,resource_registry_v0_2,1,,Resource Graph,raw,list with caveat,"Auto-extracted account lead from Twitter archive. Counts are mention/retweet signals, not endorsement."
IDX01586,Hannah Rose Kirk,Projects Initiative,Projects Initiatives,https://x.com/hannahrosekirk,resource_registry_v0_2,1,,Resource Graph,raw,list with caveat,"Auto-extracted account lead from Twitter archive. Counts are mention/retweet signals, not endorsement."
IDX01587,haonan,Projects Initiative,Projects Initiatives,https://x.com/haonan,resource_registry_v0_2,1,,Resource Graph,raw,list with caveat,"Auto-extracted account lead from Twitter archive. Counts are mention/retweet signals, not endorsement."
IDX01588,HashCloak,Projects Initiative,Projects Initiatives,https://x.com/hashcloak,resource_registry_v0_2,1,,Resource Graph,raw,list with caveat,"Auto-extracted account lead from Twitter archive. Counts are mention/retweet signals, not endorsement."
IDX01589,HBesso31.eth 🇲🇽,Projects Initiative,Projects Initiatives,https://x.com/HumbertoBesso,resource_registry_v0_2,1,,Resource Graph,raw,list with caveat,"Auto-extracted account lead from Twitter archive. Counts are mention/retweet signals, not endorsement."
IDX01590,Heatmap News,Datasets Maps Directorie,Datasets Maps Directories,https://x.com/heatmap_news,resource_registry_v0_2,1,,Resource Graph,raw,list with caveat,"Auto-extracted account lead from Twitter archive. Counts are mention/retweet signals, not endorsement."
IDX01591,Heenal Patel,Projects Initiative,Projects Initiatives,https://x.com/heenal,resource_registry_v0_2,2,,Resource Graph,raw,list with caveat,"Auto-extracted account lead from Twitter archive. Counts are mention/retweet signals, not endorsement."
IDX01592,Heenal Rajani (he/him) 🍉✊ heenal.eth,Projects Initiative,Projects Initiatives,https://x.com/HeenalR,resource_registry_v0_2,3,,Resource Graph,raw,list with caveat,"Auto-extracted account lead from Twitter archive. Counts are mention/retweet signals, not endorsement."
IDX01593,Holonym (old account),Projects Initiative,Projects Initiatives,https://x.com/0xHolonym,resource_registry_v0_2,2,,Resource Graph,raw,list with caveat,"Auto-extracted account lead from Twitter archive. Counts are mention/retweet signals, not endorsement."
IDX01594,howdymary,Projects Initiative,Projects Initiatives,https://x.com/howdymerry,resource_registry_v0_2,1,,Resource Graph,raw,list with caveat,"Auto-extracted account lead from Twitter archive. Counts are mention/retweet signals, not endorsement."
IDX01595,Human Passport,Tools Protocols Platform,Tools Protocols Platforms,https://x.com/HumnPassport,resource_registry_v0_2,7,,Resource Graph,raw,list with caveat,"Auto-extracted account lead from Twitter archive. Counts are mention/retweet signals, not endorsement."
IDX01596,human.tech,Projects Initiative,Projects Initiatives,https://x.com/humntech,resource_registry_v0_2,4,,Resource Graph,raw,list with caveat,"Auto-extracted account lead from Twitter archive. Counts are mention/retweet signals, not endorsement."
IDX01597,humpty,Projects Initiative,Projects Initiatives,https://x.com/humpty0x,resource_registry_v0_2,1,,Resource Graph,raw,list with caveat,"Auto-extracted account lead from Twitter archive. Counts are mention/retweet signals, not endorsement."
IDX01598,Ignacio Hagopian,Projects Initiative,Projects Initiatives,https://x.com/ignaciohagopian,resource_registry_v0_2,1,,Resource Graph,raw,list with caveat,"Auto-extracted account lead from Twitter archive. Counts are mention/retweet signals, not endorsement."
IDX01599,Igor Igamberdiev,Projects Initiative,Projects Initiatives,https://x.com/FrankResearcher,resource_registry_v0_2,1,,Resource Graph,raw,list with caveat,"Auto-extracted account lead from Twitter archive. Counts are mention/retweet signals, not endorsement."
IDX01600,Intelligent Internet,Projects Initiative,Projects Initiatives,https://x.com/ii_posts,resource_registry_v0_2,1,,Resource Graph,raw,list with caveat,"Auto-extracted account lead from Twitter archive. Counts are mention/retweet signals, not endorsement."
IDX01601,ioachim viju,Projects Initiative,Projects Initiatives,https://x.com/IoachimViju,resource_registry_v0_2,1,,Resource Graph,raw,list with caveat,"Auto-extracted account lead from Twitter archive. Counts are mention/retweet signals, not endorsement."
IDX01602,Ipê City,Projects Initiative,Projects Initiatives,https://x.com/ipecity,resource_registry_v0_2,8,,Resource Graph,raw,list with caveat,"Auto-extracted account lead from Twitter archive. Counts are mention/retweet signals, not endorsement."
IDX01603,Irthu,Projects Initiative,Projects Initiatives,https://x.com/IrthuSuresh,resource_registry_v0_2,1,,Resource Graph,raw,list with caveat,"Auto-extracted account lead from Twitter archive. Counts are mention/retweet signals, not endorsement."
IDX01604,isabel,Projects Initiative,Projects Initiatives,https://x.com/izgnzlz,resource_registry_v0_2,1,,Resource Graph,raw,list with caveat,"Auto-extracted account lead from Twitter archive. Counts are mention/retweet signals, not endorsement."
IDX01605,Ivie,Projects Initiative,Projects Initiatives,https://x.com/IvieSatijn,resource_registry_v0_2,1,,Resource Graph,raw,list with caveat,"Auto-extracted account lead from Twitter archive. Counts are mention/retweet signals, not endorsement."
IDX01606,J.P. Morgan Asset Management,Projects Initiative,Projects Initiatives,https://x.com/JPMorganAM,resource_registry_v0_2,1,,Resource Graph,raw,list with caveat,"Auto-extracted account lead from Twitter archive. Counts are mention/retweet signals, not endorsement."
IDX01607,Jake,Projects Initiative,Projects Initiatives,https://x.com/JustJake,resource_registry_v0_2,1,,Resource Graph,raw,list with caveat,"Auto-extracted account lead from Twitter archive. Counts are mention/retweet signals, not endorsement."
IDX01608,James | Snapcrackle,Projects Initiative,Projects Initiatives,https://x.com/Snapcrackle,resource_registry_v0_2,4,,Resource Graph,raw,list with caveat,"Auto-extracted account lead from Twitter archive. Counts are mention/retweet signals, not endorsement."
IDX01609,jango.eth,Projects Initiative,Projects Initiatives,https://x.com/me_jango,resource_registry_v0_2,2,,Resource Graph,raw,list with caveat,"Auto-extracted account lead from Twitter archive. Counts are mention/retweet signals, not endorsement."
IDX01610,Jarrad Hope λ,Projects Initiative,Projects Initiatives,https://x.com/jarradhope_,resource_registry_v0_2,1,,Resource Graph,raw,list with caveat,"Auto-extracted account lead from Twitter archive. Counts are mention/retweet signals, not endorsement."
IDX01611,jesse.base.eth,Projects Initiative,Projects Initiatives,https://x.com/jessepollak,resource_registry_v0_2,1,,Resource Graph,raw,list with caveat,"Auto-extracted account lead from Twitter archive. Counts are mention/retweet signals, not endorsement."
IDX01612,Jillian Goodman,Projects Initiative,Projects Initiatives,https://x.com/goodjillian,resource_registry_v0_2,1,,Resource Graph,raw,list with caveat,"Auto-extracted account lead from Twitter archive. Counts are mention/retweet signals, not endorsement."
IDX01613,Joan Cabezas,Projects Initiative,Projects Initiatives,https://x.com/josancamon19,resource_registry_v0_2,1,,Resource Graph,raw,list with caveat,"Auto-extracted account lead from Twitter archive. Counts are mention/retweet signals, not endorsement."
IDX01614,Joe Brewer,Projects Initiative,Projects Initiatives,https://x.com/cognitivepolicy,resource_registry_v0_2,19,,Resource Graph,raw,list with caveat,"Auto-extracted account lead from Twitter archive. Counts are mention/retweet signals, not endorsement."
IDX01615,Joel Monegro,Projects Initiative,Projects Initiatives,https://x.com/jmonegro,resource_registry_v0_2,1,,Resource Graph,raw,list with caveat,"Auto-extracted account lead from Twitter archive. Counts are mention/retweet signals, not endorsement."
IDX01616,johnx,Projects Initiative,Projects Initiatives,https://x.com/johnx25bd,resource_registry_v0_2,2,,Resource Graph,raw,list with caveat,"Auto-extracted account lead from Twitter archive. Counts are mention/retweet signals, not endorsement."
IDX01617,Josh | ⬛🟥⬛,Projects Initiative,Projects Initiatives,https://x.com/TBSocialist,resource_registry_v0_2,4,,Resource Graph,raw,list with caveat,"Auto-extracted account lead from Twitter archive. Counts are mention/retweet signals, not endorsement."
IDX01618,joshdavis.eth 🐙,Projects Initiative,Projects Initiatives,https://x.com/joshdavislight,resource_registry_v0_2,1,,Resource Graph,raw,list with caveat,"Auto-extracted account lead from Twitter archive. Counts are mention/retweet signals, not endorsement."
IDX01619,jsuarez5341,Projects Initiative,Projects Initiatives,https://x.com/jsuarez5341,resource_registry_v0_2,1,,Resource Graph,raw,list with caveat,"Auto-extracted account lead from Twitter archive. Counts are mention/retweet signals, not endorsement."
IDX01620,Juan Blanco ☀️☀️🍞🍞🦇🔊,Projects Initiative,Projects Initiatives,https://x.com/juanfranblanco,resource_registry_v0_2,1,,Resource Graph,raw,list with caveat,"Auto-extracted account lead from Twitter archive. Counts are mention/retweet signals, not endorsement."
IDX01621,Julian,Projects Initiative,Projects Initiatives,https://x.com/_julianma,resource_registry_v0_2,1,,Resource Graph,raw,list with caveat,"Auto-extracted account lead from Twitter archive. Counts are mention/retweet signals, not endorsement."
IDX01622,Justin Drake,Projects Initiative,Projects Initiatives,https://x.com/drakefjustin,resource_registry_v0_2,6,,Resource Graph,raw,list with caveat,"Auto-extracted account lead from Twitter archive. Counts are mention/retweet signals, not endorsement."
IDX01623,Justin Slaughter,Projects Initiative,Projects Initiatives,https://x.com/JBSDC,resource_registry_v0_2,1,,Resource Graph,raw,list with caveat,"Auto-extracted account lead from Twitter archive. Counts are mention/retweet signals, not endorsement."
IDX01624,Kartik Nayak,Projects Initiative,Projects Initiatives,https://x.com/kartik1507,resource_registry_v0_2,1,,Resource Graph,raw,list with caveat,"Auto-extracted account lead from Twitter archive. Counts are mention/retweet signals, not endorsement."
IDX01625,katie brigham,Projects Initiative,Projects Initiatives,https://x.com/katie_brigham,resource_registry_v0_2,1,,Resource Graph,raw,list with caveat,"Auto-extracted account lead from Twitter archive. Counts are mention/retweet signals, not endorsement."
IDX01626,Kei,Projects Initiative,Projects Initiatives,https://x.com/keikreutler,resource_registry_v0_2,1,,Resource Graph,raw,list with caveat,"Auto-extracted account lead from Twitter archive. Counts are mention/retweet signals, not endorsement."
IDX01627,"Keith Axline | Re-Public (🌳,🌳) (🧬,🧬)",Projects Initiative,Projects Initiatives,https://x.com/kaxline,resource_registry_v0_2,1,,Resource Graph,raw,list with caveat,"Auto-extracted account lead from Twitter archive. Counts are mention/retweet signals, not endorsement."
IDX01628,Kelsie Nabben,Projects Initiative,Projects Initiatives,https://x.com/kelsiemvn,resource_registry_v0_2,7,,Resource Graph,raw,list with caveat,"Auto-extracted account lead from Twitter archive. Counts are mention/retweet signals, not endorsement."
IDX01629,kenny,Projects Initiative,Projects Initiatives,https://x.com/kennyistyping,resource_registry_v0_2,3,,Resource Graph,raw,list with caveat,"Auto-extracted account lead from Twitter archive. Counts are mention/retweet signals, not endorsement."
IDX01630,Kent Babin,Projects Initiative,Projects Initiatives,https://x.com/kentbabin,resource_registry_v0_2,3,,Resource Graph,raw,list with caveat,"Auto-extracted account lead from Twitter archive. Counts are mention/retweet signals, not endorsement."
IDX01631,Kernel,Projects Initiative,Projects Initiatives,https://x.com/Kernel0x,resource_registry_v0_2,3,,Resource Graph,raw,list with caveat,"Auto-extracted account lead from Twitter archive. Counts are mention/retweet signals, not endorsement."
IDX01632,Kevin A. Bryan,Projects Initiative,Projects Initiatives,https://x.com/Afinetheorem,resource_registry_v0_2,1,,Resource Graph,raw,list with caveat,"Auto-extracted account lead from Twitter archive. Counts are mention/retweet signals, not endorsement."
IDX01633,KFMEDIA℠.tgn edu/acc | SPO | ✨Minting Now ✨,Podcasts Media Show,Podcasts Media Shows,https://x.com/KMLLCW3,resource_registry_v0_2,4,,Resource Graph,raw,list with caveat,"Auto-extracted account lead from Twitter archive. Counts are mention/retweet signals, not endorsement."
IDX01634,Kleros,Projects Initiative,Projects Initiatives,https://x.com/Kleros_io,resource_registry_v0_2,1,,Resource Graph,raw,list with caveat,"Auto-extracted account lead from Twitter archive. Counts are mention/retweet signals, not endorsement."
IDX01635,Kokonut Network 💚🥥🌴,Projects Initiative,Projects Initiatives,https://x.com/KokonutNetwork,resource_registry_v0_2,2,,Resource Graph,raw,list with caveat,"Auto-extracted account lead from Twitter archive. Counts are mention/retweet signals, not endorsement."
IDX01636,"Koss (🌱,🌌) 🐝",Projects Initiative,Projects Initiatives,https://x.com/kosmostasis,resource_registry_v0_2,1,,Resource Graph,raw,list with caveat,"Auto-extracted account lead from Twitter archive. Counts are mention/retweet signals, not endorsement."
IDX01637,Kotani Pay,Projects Initiative,Projects Initiatives,https://x.com/kotanipay,resource_registry_v0_2,1,,Resource Graph,raw,list with caveat,"Auto-extracted account lead from Twitter archive. Counts are mention/retweet signals, not endorsement."
IDX01638,ladislaus.eth,Projects Initiative,Projects Initiatives,https://x.com/ladislaus0x,resource_registry_v0_2,4,,Resource Graph,raw,list with caveat,"Auto-extracted account lead from Twitter archive. Counts are mention/retweet signals, not endorsement."
IDX01639,LambdaClass,Projects Initiative,Projects Initiatives,https://x.com/class_lambda,resource_registry_v0_2,1,,Resource Graph,raw,list with caveat,"Auto-extracted account lead from Twitter archive. Counts are mention/retweet signals, not endorsement."
IDX01640,Larry Cermak,Projects Initiative,Projects Initiatives,https://x.com/lawmaster,resource_registry_v0_2,1,,Resource Graph,raw,list with caveat,"Auto-extracted account lead from Twitter archive. Counts are mention/retweet signals, not endorsement."
IDX01641,Lefteris Karapetsas,Projects Initiative,Projects Initiatives,https://x.com/LefterisJP,resource_registry_v0_2,1,,Resource Graph,raw,list with caveat,"Auto-extracted account lead from Twitter archive. Counts are mention/retweet signals, not endorsement."
IDX01642,Leo Lin,Projects Initiative,Projects Initiatives,https://x.com/linyao01,resource_registry_v0_2,1,,Resource Graph,raw,list with caveat,"Auto-extracted account lead from Twitter archive. Counts are mention/retweet signals, not endorsement."
IDX01643,Let the people map 📲 🗺️ 🌍🫡,Datasets Maps Directorie,Datasets Maps Directories,https://x.com/OpenLitterMap,resource_registry_v0_2,3,,Resource Graph,raw,list with caveat,"Auto-extracted account lead from Twitter archive. Counts are mention/retweet signals, not endorsement."
IDX01644,Leuts.eth,Projects Initiative,Projects Initiatives,https://x.com/A_Leutenegger,resource_registry_v0_2,2,,Resource Graph,raw,list with caveat,"Auto-extracted account lead from Twitter archive. Counts are mention/retweet signals, not endorsement."
IDX01645,Lido,Projects Initiative,Projects Initiatives,https://x.com/LidoFinance,resource_registry_v0_2,2,,Resource Graph,raw,list with caveat,"Auto-extracted account lead from Twitter archive. Counts are mention/retweet signals, not endorsement."
IDX01646,linaventures1,Projects Initiative,Projects Initiatives,https://x.com/linaventures1,resource_registry_v0_2,1,,Resource Graph,raw,list with caveat,"Auto-extracted account lead from Twitter archive. Counts are mention/retweet signals, not endorsement."
IDX01647,literally the actual Errorgardener,Projects Initiative,Projects Initiatives,https://x.com/404GRDN,resource_registry_v0_2,1,,Resource Graph,raw,list with caveat,"Auto-extracted account lead from Twitter archive. Counts are mention/retweet signals, not endorsement."
IDX01648,Logris Bard,Projects Initiative,Projects Initiatives,https://x.com/LogrisTheBard,resource_registry_v0_2,1,,Resource Graph,raw,list with caveat,"Auto-extracted account lead from Twitter archive. Counts are mention/retweet signals, not endorsement."
IDX01649,Lonis,Projects Initiative,Projects Initiatives,https://x.com/_Lonis_,resource_registry_v0_2,1,,Resource Graph,raw,list with caveat,"Auto-extracted account lead from Twitter archive. Counts are mention/retweet signals, not endorsement."
IDX01650,Loom Finance,Projects Initiative,Projects Initiatives,https://x.com/loom_finance,resource_registry_v0_2,1,,Resource Graph,raw,list with caveat,"Auto-extracted account lead from Twitter archive. Counts are mention/retweet signals, not endorsement."
IDX01651,lorepunkdoteth,Projects Initiative,Projects Initiatives,https://x.com/lorepunkdoteth,resource_registry_v0_2,1,,Resource Graph,raw,list with caveat,"Auto-extracted account lead from Twitter archive. Counts are mention/retweet signals, not endorsement."
IDX01652,Louise Borreani,Projects Initiative,Projects Initiatives,https://x.com/LBorreani,resource_registry_v0_2,16,,Resource Graph,raw,list with caveat,"Auto-extracted account lead from Twitter archive. Counts are mention/retweet signals, not endorsement."
IDX01653,LukeYoungblood.eth 🛡️,Projects Initiative,Projects Initiatives,https://x.com/LukeYoungblood,resource_registry_v0_2,1,,Resource Graph,raw,list with caveat,"Auto-extracted account lead from Twitter archive. Counts are mention/retweet signals, not endorsement."
IDX01654,Mac Budkowski,Projects Initiative,Projects Initiatives,https://x.com/MacBudkowski,resource_registry_v0_2,1,,Resource Graph,raw,list with caveat,"Auto-extracted account lead from Twitter archive. Counts are mention/retweet signals, not endorsement."
IDX01655,Marcin Bugaj,Projects Initiative,Projects Initiatives,https://x.com/MBugajEth,resource_registry_v0_2,1,,Resource Graph,raw,list with caveat,"Auto-extracted account lead from Twitter archive. Counts are mention/retweet signals, not endorsement."
IDX01656,marek.celo.eth 🦇🌳,Projects Initiative,Projects Initiatives,https://x.com/marek_,resource_registry_v0_2,1,,Resource Graph,raw,list with caveat,"Auto-extracted account lead from Twitter archive. Counts are mention/retweet signals, not endorsement."
IDX01657,Maria 🐸,Projects Initiative,Projects Initiatives,https://x.com/MariaShen,resource_registry_v0_2,1,,Resource Graph,raw,list with caveat,"Auto-extracted account lead from Twitter archive. Counts are mention/retweet signals, not endorsement."
IDX01658,Marissa Posner,Projects Initiative,Projects Initiatives,https://x.com/ThewizardofPOS,resource_registry_v0_2,1,,Resource Graph,raw,list with caveat,"Auto-extracted account lead from Twitter archive. Counts are mention/retweet signals, not endorsement."
IDX01659,Mark Richardson,Projects Initiative,Projects Initiatives,https://x.com/MBRichardson87,resource_registry_v0_2,1,,Resource Graph,raw,list with caveat,"Auto-extracted account lead from Twitter archive. Counts are mention/retweet signals, not endorsement."
IDX01660,marv,Projects Initiative,Projects Initiatives,https://x.com/hellofrommarv,resource_registry_v0_2,2,,Resource Graph,raw,list with caveat,"Auto-extracted account lead from Twitter archive. Counts are mention/retweet signals, not endorsement."
IDX01661,Maryam Bahrani,Projects Initiative,Projects Initiatives,https://x.com/bahrani_maryam,resource_registry_v0_2,1,,Resource Graph,raw,list with caveat,"Auto-extracted account lead from Twitter archive. Counts are mention/retweet signals, not endorsement."
IDX01662,mashal (@ ETHconf 🗽),Projects Initiative,Projects Initiatives,https://x.com/arlery,resource_registry_v0_2,1,,Resource Graph,raw,list with caveat,"Auto-extracted account lead from Twitter archive. Counts are mention/retweet signals, not endorsement."
IDX01663,MathildaDV.Ξth (🍄;🌙),Projects Initiative,Projects Initiatives,https://x.com/mathildawrites,resource_registry_v0_2,1,,Resource Graph,raw,list with caveat,"Auto-extracted account lead from Twitter archive. Counts are mention/retweet signals, not endorsement."
IDX01664,Matteoikari.eth,Projects Initiative,Projects Initiatives,https://x.com/matteoikari,resource_registry_v0_2,1,,Resource Graph,raw,list with caveat,"Auto-extracted account lead from Twitter archive. Counts are mention/retweet signals, not endorsement."
IDX01665,Matthew Green,Projects Initiative,Projects Initiatives,https://x.com/matthew_d_green,resource_registry_v0_2,1,,Resource Graph,raw,list with caveat,"Auto-extracted account lead from Twitter archive. Counts are mention/retweet signals, not endorsement."
IDX01666,Matthew Zeitlin,Projects Initiative,Projects Initiatives,https://x.com/MattZeitlin,resource_registry_v0_2,1,,Resource Graph,raw,list with caveat,"Auto-extracted account lead from Twitter archive. Counts are mention/retweet signals, not endorsement."
IDX01667,Matty Compost,Projects Initiative,Projects Initiatives,https://x.com/MattyCompost,resource_registry_v0_2,3,,Resource Graph,raw,list with caveat,"Auto-extracted account lead from Twitter archive. Counts are mention/retweet signals, not endorsement."
IDX01668,matze | growthepie 🥧,Projects Initiative,Projects Initiatives,https://x.com/web3_data,resource_registry_v0_2,2,,Resource Graph,raw,list with caveat,"Auto-extracted account lead from Twitter archive. Counts are mention/retweet signals, not endorsement."
IDX01669,maxlomu 🤌,Projects Initiative,Projects Initiatives,https://x.com/maxlomu,resource_registry_v0_2,1,,Resource Graph,raw,list with caveat,"Auto-extracted account lead from Twitter archive. Counts are mention/retweet signals, not endorsement."
IDX01670,Melvin Vivas,Projects Initiative,Projects Initiatives,https://x.com/donvito,resource_registry_v0_2,1,,Resource Graph,raw,list with caveat,"Auto-extracted account lead from Twitter archive. Counts are mention/retweet signals, not endorsement."
IDX01671,Michael Cooper,Projects Initiative,Projects Initiatives,https://x.com/MCooperResearch,resource_registry_v0_2,1,,Resource Graph,raw,list with caveat,"Auto-extracted account lead from Twitter archive. Counts are mention/retweet signals, not endorsement."
IDX01672,Michael Pollan,Projects Initiative,Projects Initiatives,https://x.com/michaelpollan,resource_registry_v0_2,1,,Resource Graph,raw,list with caveat,"Auto-extracted account lead from Twitter archive. Counts are mention/retweet signals, not endorsement."
IDX01673,Michel Bauwens,Projects Initiative,Projects Initiatives,https://x.com/mbauwens,resource_registry_v0_2,34,,Resource Graph,raw,list with caveat,"Auto-extracted account lead from Twitter archive. Counts are mention/retweet signals, not endorsement."
IDX01674,Michele Zanini,Projects Initiative,Projects Initiatives,https://x.com/MicheleZanini,resource_registry_v0_2,1,,Resource Graph,raw,list with caveat,"Auto-extracted account lead from Twitter archive. Counts are mention/retweet signals, not endorsement."
IDX01675,mikeneuder.eth ⟠,Projects Initiative,Projects Initiatives,https://x.com/mikeneuder,resource_registry_v0_2,1,,Resource Graph,raw,list with caveat,"Auto-extracted account lead from Twitter archive. Counts are mention/retweet signals, not endorsement."
IDX01676,MiniPay,Projects Initiative,Projects Initiatives,https://x.com/minipay,resource_registry_v0_2,1,,Resource Graph,raw,list with caveat,"Auto-extracted account lead from Twitter archive. Counts are mention/retweet signals, not endorsement."
IDX01677,Mitch - divinecomedian.eth,Podcasts Media Show,Podcasts Media Shows,https://x.com/divine_comedian,resource_registry_v0_2,1,,Resource Graph,raw,list with caveat,"Auto-extracted account lead from Twitter archive. Counts are mention/retweet signals, not endorsement."
IDX01678,Modestas Stragys,Projects Initiative,Projects Initiatives,https://x.com/mode_nearchos,resource_registry_v0_2,1,,Resource Graph,raw,list with caveat,"Auto-extracted account lead from Twitter archive. Counts are mention/retweet signals, not endorsement."
IDX01679,Molecule,Projects Initiative,Projects Initiatives,https://x.com/Molecule_sci,resource_registry_v0_2,3,,Resource Graph,raw,list with caveat,"Auto-extracted account lead from Twitter archive. Counts are mention/retweet signals, not endorsement."
IDX01680,Molly Mackinlay | momack,Projects Initiative,Projects Initiatives,https://x.com/momack28,resource_registry_v0_2,1,,Resource Graph,raw,list with caveat,"Auto-extracted account lead from Twitter archive. Counts are mention/retweet signals, not endorsement."
IDX01681,moltbook,Projects Initiative,Projects Initiatives,https://x.com/moltbook,resource_registry_v0_2,1,,Resource Graph,raw,list with caveat,"Auto-extracted account lead from Twitter archive. Counts are mention/retweet signals, not endorsement."
IDX01682,Monty Merlin Bryant 🧙✨,Projects Initiative,Projects Initiatives,https://x.com/MontyMerlin,resource_registry_v0_2,6,,Resource Graph,raw,list with caveat,"Auto-extracted account lead from Twitter archive. Counts are mention/retweet signals, not endorsement."
IDX01683,Moonwell,Projects Initiative,Projects Initiatives,https://x.com/MoonwellDeFi,resource_registry_v0_2,1,,Resource Graph,raw,list with caveat,"Auto-extracted account lead from Twitter archive. Counts are mention/retweet signals, not endorsement."
IDX01684,mortechub,Projects Initiative,Projects Initiatives,https://x.com/morte_chs,resource_registry_v0_2,1,,Resource Graph,raw,list with caveat,"Auto-extracted account lead from Twitter archive. Counts are mention/retweet signals, not endorsement."
IDX01685,"Myosin.xyz (〽️, 🌎)",Projects Initiative,Projects Initiatives,https://x.com/myosin_xyz,resource_registry_v0_2,2,,Resource Graph,raw,list with caveat,"Auto-extracted account lead from Twitter archive. Counts are mention/retweet signals, not endorsement."
IDX01686,Nataliecrue.eth,Projects Initiative,Projects Initiatives,https://x.com/NatalieCrue,resource_registry_v0_2,2,,Resource Graph,raw,list with caveat,"Auto-extracted account lead from Twitter archive. Counts are mention/retweet signals, not endorsement."
IDX01687,natesuits,Projects Initiative,Projects Initiatives,https://x.com/natesuits,resource_registry_v0_2,3,,Resource Graph,raw,list with caveat,"Auto-extracted account lead from Twitter archive. Counts are mention/retweet signals, not endorsement."
IDX01688,Nathan Schneider,Projects Initiative,Projects Initiatives,https://x.com/ntnsndr,resource_registry_v0_2,8,,Resource Graph,raw,list with caveat,"Auto-extracted account lead from Twitter archive. Counts are mention/retweet signals, not endorsement."
IDX01689,nethan.eth 🧉,Projects Initiative,Projects Initiatives,https://x.com/nethan_eth,resource_registry_v0_2,1,,Resource Graph,raw,list with caveat,"Auto-extracted account lead from Twitter archive. Counts are mention/retweet signals, not endorsement."
IDX01690,Network Law Review,Projects Initiative,Projects Initiatives,https://x.com/NetworkLawRev,resource_registry_v0_2,1,,Resource Graph,raw,list with caveat,"Auto-extracted account lead from Twitter archive. Counts are mention/retweet signals, not endorsement."
IDX01691,Network Nations Alliance,Projects Initiative,Projects Initiatives,https://x.com/networknations_,resource_registry_v0_2,9,,Resource Graph,raw,list with caveat,"Auto-extracted account lead from Twitter archive. Counts are mention/retweet signals, not endorsement."
IDX01692,NetxState,Projects Initiative,Projects Initiatives,https://x.com/NetxState,resource_registry_v0_2,4,,Resource Graph,raw,list with caveat,"Auto-extracted account lead from Twitter archive. Counts are mention/retweet signals, not endorsement."
IDX01693,New America,Projects Initiative,Projects Initiatives,https://x.com/NewAmerica,resource_registry_v0_2,1,,Resource Graph,raw,list with caveat,"Auto-extracted account lead from Twitter archive. Counts are mention/retweet signals, not endorsement."
IDX01694,Next State Official,Projects Initiative,Projects Initiatives,https://x.com/NextState_,resource_registry_v0_2,1,,Resource Graph,raw,list with caveat,"Auto-extracted account lead from Twitter archive. Counts are mention/retweet signals, not endorsement."
IDX01695,Neynar,Projects Initiative,Projects Initiatives,https://x.com/neynarxyz,resource_registry_v0_2,1,,Resource Graph,raw,list with caveat,"Auto-extracted account lead from Twitter archive. Counts are mention/retweet signals, not endorsement."
IDX01696,Nick,Projects Initiative,Projects Initiatives,https://x.com/0xNN2,resource_registry_v0_2,2,,Resource Graph,raw,list with caveat,"Auto-extracted account lead from Twitter archive. Counts are mention/retweet signals, not endorsement."
IDX01697,Nicolas Cerny,Projects Initiative,Projects Initiatives,https://x.com/NicolasC3rny,resource_registry_v0_2,1,,Resource Graph,raw,list with caveat,"Auto-extracted account lead from Twitter archive. Counts are mention/retweet signals, not endorsement."
IDX01698,nixo.eth 🦇🔊🥐,Projects Initiative,Projects Initiatives,https://x.com/nixorokish,resource_registry_v0_2,5,,Resource Graph,raw,list with caveat,"Auto-extracted account lead from Twitter archive. Counts are mention/retweet signals, not endorsement."
IDX01699,Nomadz,Projects Initiative,Projects Initiatives,https://x.com/nomadz_co,resource_registry_v0_2,1,,Resource Graph,raw,list with caveat,"Auto-extracted account lead from Twitter archive. Counts are mention/retweet signals, not endorsement."
IDX01700,NuNet 🌐,Projects Initiative,Projects Initiatives,https://x.com/nunet_global,resource_registry_v0_2,2,,Resource Graph,raw,list with caveat,"Auto-extracted account lead from Twitter archive. Counts are mention/retweet signals, not endorsement."
IDX01701,NYSE 🏛,Projects Initiative,Projects Initiatives,https://x.com/NYSE,resource_registry_v0_2,1,,Resource Graph,raw,list with caveat,"Auto-extracted account lead from Twitter archive. Counts are mention/retweet signals, not endorsement."
IDX01702,Nyx Foundation,Projects Initiative,Projects Initiatives,https://x.com/NyxFoundation,resource_registry_v0_2,1,,Resource Graph,raw,list with caveat,"Auto-extracted account lead from Twitter archive. Counts are mention/retweet signals, not endorsement."
IDX01703,OASA 🌱🌍,Projects Initiative,Projects Initiatives,https://x.com/oasaliving,resource_registry_v0_2,2,,Resource Graph,raw,list with caveat,"Auto-extracted account lead from Twitter archive. Counts are mention/retweet signals, not endorsement."
IDX01704,Observe,Projects Initiative,Projects Initiatives,https://x.com/obsrvgmi,resource_registry_v0_2,1,,Resource Graph,raw,list with caveat,"Auto-extracted account lead from Twitter archive. Counts are mention/retweet signals, not endorsement."
IDX01705,Ogallala Life💧🌱🦫🦬,Projects Initiative,Projects Initiatives,https://x.com/OgallalaLife,resource_registry_v0_2,1,,Resource Graph,raw,list with caveat,"Auto-extracted account lead from Twitter archive. Counts are mention/retweet signals, not endorsement."
IDX01706,Open Machine,Projects Initiative,Projects Initiatives,https://x.com/theopenmachine,resource_registry_v0_2,4,,Resource Graph,raw,list with caveat,"Auto-extracted account lead from Twitter archive. Counts are mention/retweet signals, not endorsement."
IDX01707,Optimism,Projects Initiative,Projects Initiatives,https://x.com/Optimism,resource_registry_v0_2,4,,Resource Graph,raw,list with caveat,"Auto-extracted account lead from Twitter archive. Counts are mention/retweet signals, not endorsement."
IDX01708,Optimism Fractal,Projects Initiative,Projects Initiatives,https://x.com/OptimismFractal,resource_registry_v0_2,1,,Resource Graph,raw,list with caveat,"Auto-extracted account lead from Twitter archive. Counts are mention/retweet signals, not endorsement."
IDX01709,Optimist Prime,Projects Initiative,Projects Initiatives,https://x.com/jinglejamOP,resource_registry_v0_2,1,,Resource Graph,raw,list with caveat,"Auto-extracted account lead from Twitter archive. Counts are mention/retweet signals, not endorsement."
IDX01710,Optimystics,Projects Initiative,Projects Initiatives,https://x.com/optimystics_,resource_registry_v0_2,2,,Resource Graph,raw,list with caveat,"Auto-extracted account lead from Twitter archive. Counts are mention/retweet signals, not endorsement."
IDX01711,ori shimony,Projects Initiative,Projects Initiatives,https://x.com/orishim,resource_registry_v0_2,2,,Resource Graph,raw,list with caveat,"Auto-extracted account lead from Twitter archive. Counts are mention/retweet signals, not endorsement."
IDX01712,OrnΞllaWeb3,Projects Initiative,Projects Initiatives,https://x.com/OrnellaWeb3,resource_registry_v0_2,1,,Resource Graph,raw,list with caveat,"Auto-extracted account lead from Twitter archive. Counts are mention/retweet signals, not endorsement."
IDX01713,oskarth,Projects Initiative,Projects Initiatives,https://x.com/oskarth,resource_registry_v0_2,1,,Resource Graph,raw,list with caveat,"Auto-extracted account lead from Twitter archive. Counts are mention/retweet signals, not endorsement."
IDX01714,Othman,Projects Initiative,Projects Initiatives,https://x.com/OthmanGbad,resource_registry_v0_2,1,,Resource Graph,raw,list with caveat,"Auto-extracted account lead from Twitter archive. Counts are mention/retweet signals, not endorsement."
IDX01715,P2P Foundation,Projects Initiative,Projects Initiatives,https://x.com/P2P_Foundation,resource_registry_v0_2,1,,Resource Graph,raw,list with caveat,"Auto-extracted account lead from Twitter archive. Counts are mention/retweet signals, not endorsement."
IDX01716,P2P.me,Projects Initiative,Projects Initiatives,https://x.com/P2Pdotme,resource_registry_v0_2,1,,Resource Graph,raw,list with caveat,"Auto-extracted account lead from Twitter archive. Counts are mention/retweet signals, not endorsement."
IDX01717,Pandit | Ξ🦇🔊,Projects Initiative,Projects Initiatives,https://x.com/panditdhamdhere,resource_registry_v0_2,1,,Resource Graph,raw,list with caveat,"Auto-extracted account lead from Twitter archive. Counts are mention/retweet signals, not endorsement."
IDX01718,"Papa Pita wasJeremy (🍄,🃏)",Projects Initiative,Projects Initiatives,https://x.com/gospelofchange,resource_registry_v0_2,1,,Resource Graph,raw,list with caveat,"Auto-extracted account lead from Twitter archive. Counts are mention/retweet signals, not endorsement."
IDX01719,Paragraph,Projects Initiative,Projects Initiatives,https://x.com/paragraph_xyz,resource_registry_v0_2,1,,Resource Graph,raw,list with caveat,"Auto-extracted account lead from Twitter archive. Counts are mention/retweet signals, not endorsement."
IDX01720,pat ✨,Projects Initiative,Projects Initiatives,https://x.com/papa_raw,resource_registry_v0_2,10,,Resource Graph,raw,list with caveat,"Auto-extracted account lead from Twitter archive. Counts are mention/retweet signals, not endorsement."
IDX01721,Patryk,Projects Initiative,Projects Initiatives,https://x.com/Solofunk,resource_registry_v0_2,1,,Resource Graph,raw,list with caveat,"Auto-extracted account lead from Twitter archive. Counts are mention/retweet signals, not endorsement."
IDX01722,Pau 🏴‍☠️,Projects Initiative,Projects Initiatives,https://x.com/wildp4u,resource_registry_v0_2,1,,Resource Graph,raw,list with caveat,"Auto-extracted account lead from Twitter archive. Counts are mention/retweet signals, not endorsement."
IDX01723,paul 🪧,Projects Initiative,Projects Initiatives,https://x.com/Paul_Glavin,resource_registry_v0_2,6,,Resource Graph,raw,list with caveat,"Auto-extracted account lead from Twitter archive. Counts are mention/retweet signals, not endorsement."
IDX01724,Paulo Fonseca,Projects Initiative,Projects Initiatives,https://x.com/paulofonseca,resource_registry_v0_2,1,,Resource Graph,raw,list with caveat,"Auto-extracted account lead from Twitter archive. Counts are mention/retweet signals, not endorsement."
IDX01725,peth.eth,Projects Initiative,Projects Initiatives,https://x.com/petheth,resource_registry_v0_2,1,,Resource Graph,raw,list with caveat,"Auto-extracted account lead from Twitter archive. Counts are mention/retweet signals, not endorsement."
IDX01726,pics or it didn't happen,Tools Protocols Platform,Tools Protocols Platforms,https://x.com/poidhxyz,resource_registry_v0_2,1,,Resource Graph,raw,list with caveat,"Auto-extracted account lead from Twitter archive. Counts are mention/retweet signals, not endorsement."
IDX01727,Plastic,Projects Initiative,Projects Initiatives,https://x.com/PlasticCTO,resource_registry_v0_2,1,,Resource Graph,raw,list with caveat,"Auto-extracted account lead from Twitter archive. Counts are mention/retweet signals, not endorsement."
IDX01728,Platform Cooperativism Consortium - Global,Tools Protocols Platform,Tools Protocols Platforms,https://x.com/PCC_Global,resource_registry_v0_2,1,,Resource Graph,raw,list with caveat,"Auto-extracted account lead from Twitter archive. Counts are mention/retweet signals, not endorsement."
IDX01729,POL Finance 🐇,Projects Initiative,Projects Initiatives,https://x.com/polfinance_,resource_registry_v0_2,1,,Resource Graph,raw,list with caveat,"Auto-extracted account lead from Twitter archive. Counts are mention/retweet signals, not endorsement."
IDX01730,Polkadot,Projects Initiative,Projects Initiatives,https://x.com/Polkadot,resource_registry_v0_2,1,,Resource Graph,raw,list with caveat,"Auto-extracted account lead from Twitter archive. Counts are mention/retweet signals, not endorsement."
IDX01731,Primavera De Filippi,Projects Initiative,Projects Initiatives,https://x.com/yaoeo,resource_registry_v0_2,1,,Resource Graph,raw,list with caveat,"Auto-extracted account lead from Twitter archive. Counts are mention/retweet signals, not endorsement."
IDX01732,Prof Jem Bendell 🌍☸️,Projects Initiative,Projects Initiatives,https://x.com/jembendell,resource_registry_v0_2,1,,Resource Graph,raw,list with caveat,"Auto-extracted account lead from Twitter archive. Counts are mention/retweet signals, not endorsement."
IDX01733,Próspera,Projects Initiative,Projects Initiatives,https://x.com/ProsperaGlobal,resource_registry_v0_2,1,,Resource Graph,raw,list with caveat,"Auto-extracted account lead from Twitter archive. Counts are mention/retweet signals, not endorsement."
IDX01734,Public Nouns,Projects Initiative,Projects Initiatives,https://x.com/PublicNouns,resource_registry_v0_2,2,,Resource Graph,raw,list with caveat,"Auto-extracted account lead from Twitter archive. Counts are mention/retweet signals, not endorsement."
IDX01735,Rashmi Abbigeri,Projects Initiative,Projects Initiatives,https://x.com/rashmivabbigeri,resource_registry_v0_2,1,,Resource Graph,raw,list with caveat,"Auto-extracted account lead from Twitter archive. Counts are mention/retweet signals, not endorsement."
IDX01736,RaymondCheng00,Projects Initiative,Projects Initiatives,https://x.com/RaymondCheng00,resource_registry_v0_2,4,,Resource Graph,raw,list with caveat,"Auto-extracted account lead from Twitter archive. Counts are mention/retweet signals, not endorsement."
IDX01737,Relay Funder,Projects Initiative,Projects Initiatives,https://x.com/RelayFunder,resource_registry_v0_2,3,,Resource Graph,raw,list with caveat,"Auto-extracted account lead from Twitter archive. Counts are mention/retweet signals, not endorsement."
IDX01738,René 🌱 Invest in Creativity,Projects Initiative,Projects Initiatives,https://x.com/RJPinnell,resource_registry_v0_2,4,,Resource Graph,raw,list with caveat,"Auto-extracted account lead from Twitter archive. Counts are mention/retweet signals, not endorsement."
IDX01739,researcher: octopus,Projects Initiative,Projects Initiatives,https://x.com/8ctopuso,resource_registry_v0_2,2,,Resource Graph,raw,list with caveat,"Auto-extracted account lead from Twitter archive. Counts are mention/retweet signals, not endorsement."
IDX01740,ResearchHub,Projects Initiative,Projects Initiatives,https://x.com/ResearchHub,resource_registry_v0_2,1,,Resource Graph,raw,list with caveat,"Auto-extracted account lead from Twitter archive. Counts are mention/retweet signals, not endorsement."
IDX01741,ResearchHub Foundation,Projects Initiative,Projects Initiatives,https://x.com/ResearchHubF,resource_registry_v0_2,1,,Resource Graph,raw,list with caveat,"Auto-extracted account lead from Twitter archive. Counts are mention/retweet signals, not endorsement."
IDX01742,Richard Gaskin,Projects Initiative,Projects Initiatives,https://x.com/FourthWorldSys,resource_registry_v0_2,1,,Resource Graph,raw,list with caveat,"Auto-extracted account lead from Twitter archive. Counts are mention/retweet signals, not endorsement."
IDX01743,rileybeans 💖,Projects Initiative,Projects Initiatives,https://x.com/rileybeans_,resource_registry_v0_2,6,,Resource Graph,raw,list with caveat,"Auto-extracted account lead from Twitter archive. Counts are mention/retweet signals, not endorsement."
IDX01744,Ripple,Projects Initiative,Projects Initiatives,https://x.com/Ripple,resource_registry_v0_2,1,,Resource Graph,raw,list with caveat,"Auto-extracted account lead from Twitter archive. Counts are mention/retweet signals, not endorsement."
IDX01745,rish,Projects Initiative,Projects Initiatives,https://x.com/rish_neynar,resource_registry_v0_2,1,,Resource Graph,raw,list with caveat,"Auto-extracted account lead from Twitter archive. Counts are mention/retweet signals, not endorsement."
IDX01746,rithikha,Projects Initiative,Projects Initiatives,https://x.com/rithikxa_,resource_registry_v0_2,1,,Resource Graph,raw,list with caveat,"Auto-extracted account lead from Twitter archive. Counts are mention/retweet signals, not endorsement."
IDX01747,Rob,Projects Initiative,Projects Initiatives,https://x.com/HolmesrjRob,resource_registry_v0_2,1,,Resource Graph,raw,list with caveat,"Auto-extracted account lead from Twitter archive. Counts are mention/retweet signals, not endorsement."
IDX01748,Robinson Meyer,Projects Initiative,Projects Initiatives,https://x.com/robinsonmeyer,resource_registry_v0_2,1,,Resource Graph,raw,list with caveat,"Auto-extracted account lead from Twitter archive. Counts are mention/retweet signals, not endorsement."
IDX01749,Rocket Pool,Projects Initiative,Projects Initiatives,https://x.com/Rocket_Pool,resource_registry_v0_2,1,,Resource Graph,raw,list with caveat,"Auto-extracted account lead from Twitter archive. Counts are mention/retweet signals, not endorsement."
IDX01750,rocketman,Projects Initiative,Projects Initiatives,https://x.com/rocketman_w,resource_registry_v0_2,2,,Resource Graph,raw,list with caveat,"Auto-extracted account lead from Twitter archive. Counts are mention/retweet signals, not endorsement."
IDX01751,rohitmalekar.eth,Projects Initiative,Projects Initiatives,https://x.com/RohitMalekar,resource_registry_v0_2,10,,Resource Graph,raw,list with caveat,"Auto-extracted account lead from Twitter archive. Counts are mention/retweet signals, not endorsement."
IDX01752,Roman Storm 🇺🇸 🌪️,Projects Initiative,Projects Initiatives,https://x.com/rstormsf,resource_registry_v0_2,2,,Resource Graph,raw,list with caveat,"Auto-extracted account lead from Twitter archive. Counts are mention/retweet signals, not endorsement."
IDX01753,Sam Flanagan,Projects Initiative,Projects Initiatives,https://x.com/samflan,resource_registry_v0_2,12,,Resource Graph,raw,list with caveat,"Auto-extracted account lead from Twitter archive. Counts are mention/retweet signals, not endorsement."
IDX01754,Sam McCarthy,Projects Initiative,Projects Initiatives,https://x.com/samccarthy27,resource_registry_v0_2,2,,Resource Graph,raw,list with caveat,"Auto-extracted account lead from Twitter archive. Counts are mention/retweet signals, not endorsement."
IDX01755,Sam Vuong,Projects Initiative,Projects Initiatives,https://x.com/samjvuong,resource_registry_v0_2,1,,Resource Graph,raw,list with caveat,"Auto-extracted account lead from Twitter archive. Counts are mention/retweet signals, not endorsement."
IDX01756,Sam | 🐑 $TDF 🚀 | 📍 Portugal,Projects Initiative,Projects Initiatives,https://x.com/samueldelesque,resource_registry_v0_2,1,,Resource Graph,raw,list with caveat,"Auto-extracted account lead from Twitter archive. Counts are mention/retweet signals, not endorsement."
IDX01757,Samer Hassan @samerp2p.bsky.social 🇵🇸,Projects Initiative,Projects Initiatives,https://x.com/samerP2P,resource_registry_v0_2,1,,Resource Graph,raw,list with caveat,"Auto-extracted account lead from Twitter archive. Counts are mention/retweet signals, not endorsement."
IDX01758,samu (re/acc),Projects Initiative,Projects Initiatives,https://x.com/reslashacc,resource_registry_v0_2,3,,Resource Graph,raw,list with caveat,"Auto-extracted account lead from Twitter archive. Counts are mention/retweet signals, not endorsement."
IDX01759,Sarah Smith,Projects Initiative,Projects Initiatives,https://x.com/kineticsarah,resource_registry_v0_2,2,,Resource Graph,raw,list with caveat,"Auto-extracted account lead from Twitter archive. Counts are mention/retweet signals, not endorsement."
IDX01760,Sayan,Projects Initiative,Projects Initiatives,https://x.com/sayan6250,resource_registry_v0_2,1,,Resource Graph,raw,list with caveat,"Auto-extracted account lead from Twitter archive. Counts are mention/retweet signals, not endorsement."
IDX01761,Scott Alexander,Projects Initiative,Projects Initiatives,https://x.com/slatestarcodex,resource_registry_v0_2,1,,Resource Graph,raw,list with caveat,"Auto-extracted account lead from Twitter archive. Counts are mention/retweet signals, not endorsement."
IDX01762,Scott Morris,Projects Initiative,Projects Initiatives,https://x.com/thetokenjedi,resource_registry_v0_2,1,,Resource Graph,raw,list with caveat,"Auto-extracted account lead from Twitter archive. Counts are mention/retweet signals, not endorsement."
IDX01763,scottexplores.base.eth,Projects Initiative,Projects Initiatives,https://x.com/ScottExplores29,resource_registry_v0_2,1,,Resource Graph,raw,list with caveat,"Auto-extracted account lead from Twitter archive. Counts are mention/retweet signals, not endorsement."
IDX01764,SEAL 911,Projects Initiative,Projects Initiatives,https://x.com/SEAL_911,resource_registry_v0_2,2,,Resource Graph,raw,list with caveat,"Auto-extracted account lead from Twitter archive. Counts are mention/retweet signals, not endorsement."
IDX01765,Security Alliance,Projects Initiative,Projects Initiatives,https://x.com/_SEAL_Org,resource_registry_v0_2,1,,Resource Graph,raw,list with caveat,"Auto-extracted account lead from Twitter archive. Counts are mention/retweet signals, not endorsement."
IDX01766,SEED Gov,Projects Initiative,Projects Initiatives,https://x.com/SEEDGov,resource_registry_v0_2,1,,Resource Graph,raw,list with caveat,"Auto-extracted account lead from Twitter archive. Counts are mention/retweet signals, not endorsement."
IDX01767,Seer,Projects Initiative,Projects Initiatives,https://x.com/seer_pm,resource_registry_v0_2,3,,Resource Graph,raw,list with caveat,"Auto-extracted account lead from Twitter archive. Counts are mention/retweet signals, not endorsement."
IDX01768,sejalrekhan.eth,Projects Initiative,Projects Initiatives,https://x.com/sejal_rekhan,resource_registry_v0_2,1,,Resource Graph,raw,list with caveat,"Auto-extracted account lead from Twitter archive. Counts are mention/retweet signals, not endorsement."
IDX01769,Shape,Projects Initiative,Projects Initiatives,https://x.com/shape,resource_registry_v0_2,1,,Resource Graph,raw,list with caveat,"Auto-extracted account lead from Twitter archive. Counts are mention/retweet signals, not endorsement."
IDX01770,Shaw (spirit/acc),Projects Initiative,Projects Initiatives,https://x.com/shawmakesmagic,resource_registry_v0_2,1,,Resource Graph,raw,list with caveat,"Auto-extracted account lead from Twitter archive. Counts are mention/retweet signals, not endorsement."
IDX01771,shelby,Projects Initiative,Projects Initiatives,https://x.com/theshelb_,resource_registry_v0_2,1,,Resource Graph,raw,list with caveat,"Auto-extracted account lead from Twitter archive. Counts are mention/retweet signals, not endorsement."
IDX01772,Shibuya,Projects Initiative,Projects Initiatives,https://x.com/shibuyafilm,resource_registry_v0_2,1,,Resource Graph,raw,list with caveat,"Auto-extracted account lead from Twitter archive. Counts are mention/retweet signals, not endorsement."
IDX01773,Sky 🦇🔊 | 🌶 | ℗⌐◨-◨ | 🌚 | .⌐◨-◨,Projects Initiative,Projects Initiatives,https://x.com/0xSkyMine,resource_registry_v0_2,1,,Resource Graph,raw,list with caveat,"Auto-extracted account lead from Twitter archive. Counts are mention/retweet signals, not endorsement."
IDX01774,sofia cossar,Projects Initiative,Projects Initiatives,https://x.com/CossarSofia,resource_registry_v0_2,1,,Resource Graph,raw,list with caveat,"Auto-extracted account lead from Twitter archive. Counts are mention/retweet signals, not endorsement."
IDX01775,Sofia | sonki.eth | 🇪🇺 eu/acc,Projects Initiative,Projects Initiatives,https://x.com/sonkiski,resource_registry_v0_2,1,,Resource Graph,raw,list with caveat,"Auto-extracted account lead from Twitter archive. Counts are mention/retweet signals, not endorsement."
IDX01776,sofiverse,Projects Initiative,Projects Initiatives,https://x.com/0xSofiverse,resource_registry_v0_2,1,,Resource Graph,raw,list with caveat,"Auto-extracted account lead from Twitter archive. Counts are mention/retweet signals, not endorsement."
IDX01777,sohtorik berk,Projects Initiative,Projects Initiatives,https://x.com/soht0,resource_registry_v0_2,1,,Resource Graph,raw,list with caveat,"Auto-extracted account lead from Twitter archive. Counts are mention/retweet signals, not endorsement."
IDX01778,soispoke.eth,Projects Initiative,Projects Initiatives,https://x.com/soispoke,resource_registry_v0_2,1,,Resource Graph,raw,list with caveat,"Auto-extracted account lead from Twitter archive. Counts are mention/retweet signals, not endorsement."
IDX01779,Solidity,Projects Initiative,Projects Initiatives,https://x.com/solidity_lang,resource_registry_v0_2,3,,Resource Graph,raw,list with caveat,"Auto-extracted account lead from Twitter archive. Counts are mention/retweet signals, not endorsement."
IDX01780,sophia,Projects Initiative,Projects Initiatives,https://x.com/sodofi_,resource_registry_v0_2,1,,Resource Graph,raw,list with caveat,"Auto-extracted account lead from Twitter archive. Counts are mention/retweet signals, not endorsement."
IDX01781,Sostento,Projects Initiative,Projects Initiatives,https://x.com/Sostento,resource_registry_v0_2,1,,Resource Graph,raw,list with caveat,"Auto-extracted account lead from Twitter archive. Counts are mention/retweet signals, not endorsement."
IDX01782,Soubhik Deb,Projects Initiative,Projects Initiatives,https://x.com/soubhik_deb,resource_registry_v0_2,1,,Resource Graph,raw,list with caveat,"Auto-extracted account lead from Twitter archive. Counts are mention/retweet signals, not endorsement."
IDX01783,Sov,Projects Initiative,Projects Initiatives,https://x.com/sovereignsignal,resource_registry_v0_2,3,,Resource Graph,raw,list with caveat,"Auto-extracted account lead from Twitter archive. Counts are mention/retweet signals, not endorsement."
IDX01784,Spa Monkey,Projects Initiative,Projects Initiatives,https://x.com/george,resource_registry_v0_2,1,,Resource Graph,raw,list with caveat,"Auto-extracted account lead from Twitter archive. Counts are mention/retweet signals, not endorsement."
IDX01785,spengrah.eth,Projects Initiative,Projects Initiatives,https://x.com/spengrah,resource_registry_v0_2,3,,Resource Graph,raw,list with caveat,"Auto-extracted account lead from Twitter archive. Counts are mention/retweet signals, not endorsement."
IDX01786,squid,Projects Initiative,Projects Initiatives,https://x.com/squidrouter,resource_registry_v0_2,1,,Resource Graph,raw,list with caveat,"Auto-extracted account lead from Twitter archive. Counts are mention/retweet signals, not endorsement."
IDX01787,Sreeram Kannan,Projects Initiative,Projects Initiatives,https://x.com/sreeramkannan,resource_registry_v0_2,1,,Resource Graph,raw,list with caveat,"Auto-extracted account lead from Twitter archive. Counts are mention/retweet signals, not endorsement."
IDX01788,stablewatch,Projects Initiative,Projects Initiatives,https://x.com/stablewatchHQ,resource_registry_v0_2,1,,Resource Graph,raw,list with caveat,"Auto-extracted account lead from Twitter archive. Counts are mention/retweet signals, not endorsement."
IDX01789,Stand Together,Projects Initiative,Projects Initiatives,https://x.com/StandTogether,resource_registry_v0_2,1,,Resource Graph,raw,list with caveat,"Auto-extracted account lead from Twitter archive. Counts are mention/retweet signals, not endorsement."
IDX01790,statuette.eth,Projects Initiative,Projects Initiatives,https://x.com/CryptoStatuette,resource_registry_v0_2,1,,Resource Graph,raw,list with caveat,"Auto-extracted account lead from Twitter archive. Counts are mention/retweet signals, not endorsement."
IDX01791,stellaachenbach,Projects Initiative,Projects Initiatives,https://x.com/stellaachenbach,resource_registry_v0_2,1,,Resource Graph,raw,list with caveat,"Auto-extracted account lead from Twitter archive. Counts are mention/retweet signals, not endorsement."
IDX01792,Steph Curdy,Projects Initiative,Projects Initiatives,https://x.com/Steph_Curdy,resource_registry_v0_2,1,,Resource Graph,raw,list with caveat,"Auto-extracted account lead from Twitter archive. Counts are mention/retweet signals, not endorsement."
IDX01793,Stephen DeMeulenaere,Projects Initiative,Projects Initiatives,https://x.com/networkcoin,resource_registry_v0_2,2,,Resource Graph,raw,list with caveat,"Auto-extracted account lead from Twitter archive. Counts are mention/retweet signals, not endorsement."
IDX01794,Sterlin Lujan,Projects Initiative,Projects Initiatives,https://x.com/SterlinLujan,resource_registry_v0_2,2,,Resource Graph,raw,list with caveat,"Auto-extracted account lead from Twitter archive. Counts are mention/retweet signals, not endorsement."
IDX01795,sudo rm -rf --no-preserve-root /,Projects Initiative,Projects Initiatives,https://x.com/pcaversaccio,resource_registry_v0_2,1,,Resource Graph,raw,list with caveat,"Auto-extracted account lead from Twitter archive. Counts are mention/retweet signals, not endorsement."
IDX01796,Suno,Projects Initiative,Projects Initiatives,https://x.com/suno_finance,resource_registry_v0_2,4,,Resource Graph,raw,list with caveat,"Auto-extracted account lead from Twitter archive. Counts are mention/retweet signals, not endorsement."
IDX01797,superfluid.eth,Projects Initiative,Projects Initiatives,https://x.com/Superfluid_HQ,resource_registry_v0_2,3,,Resource Graph,raw,list with caveat,"Auto-extracted account lead from Twitter archive. Counts are mention/retweet signals, not endorsement."
IDX01798,Sven Hermann,Projects Initiative,Projects Initiatives,https://x.com/iamsvenh,resource_registry_v0_2,1,,Resource Graph,raw,list with caveat,"Auto-extracted account lead from Twitter archive. Counts are mention/retweet signals, not endorsement."
IDX01799,Swarthy ( Timo ) Hatter,Projects Initiative,Projects Initiatives,https://x.com/SwarthyHatter,resource_registry_v0_2,1,,Resource Graph,raw,list with caveat,"Auto-extracted account lead from Twitter archive. Counts are mention/retweet signals, not endorsement."
IDX01800,SwiftEvo.tgn,Projects Initiative,Projects Initiatives,https://x.com/swiftevo1,resource_registry_v0_2,3,,Resource Graph,raw,list with caveat,"Auto-extracted account lead from Twitter archive. Counts are mention/retweet signals, not endorsement."
IDX01801,Symbiocene Labs,Projects Initiative,Projects Initiatives,https://x.com/symbiocenelabs,resource_registry_v0_2,1,,Resource Graph,raw,list with caveat,"Auto-extracted account lead from Twitter archive. Counts are mention/retweet signals, not endorsement."
IDX01802,Syndicate,Projects Initiative,Projects Initiatives,https://x.com/syndicateio,resource_registry_v0_2,1,,Resource Graph,raw,list with caveat,"Auto-extracted account lead from Twitter archive. Counts are mention/retweet signals, not endorsement."
IDX01803,synthesis,Projects Initiative,Projects Initiatives,https://x.com/synthesis_md,resource_registry_v0_2,5,,Resource Graph,raw,list with caveat,"Auto-extracted account lead from Twitter archive. Counts are mention/retweet signals, not endorsement."
IDX01804,t2.world,Projects Initiative,Projects Initiatives,https://x.com/t2wrld,resource_registry_v0_2,1,,Resource Graph,raw,list with caveat,"Auto-extracted account lead from Twitter archive. Counts are mention/retweet signals, not endorsement."
IDX01805,Tara Merk,Projects Initiative,Projects Initiatives,https://x.com/mpg_dd,resource_registry_v0_2,1,,Resource Graph,raw,list with caveat,"Auto-extracted account lead from Twitter archive. Counts are mention/retweet signals, not endorsement."
IDX01806,Tay 💖,Projects Initiative,Projects Initiatives,https://x.com/tayvano_,resource_registry_v0_2,1,,Resource Graph,raw,list with caveat,"Auto-extracted account lead from Twitter archive. Counts are mention/retweet signals, not endorsement."
IDX01807,TAYKΞN,Projects Initiative,Projects Initiatives,https://x.com/taykendesign,resource_registry_v0_2,1,,Resource Graph,raw,list with caveat,"Auto-extracted account lead from Twitter archive. Counts are mention/retweet signals, not endorsement."
IDX01808,Teije Hidde Donker,Projects Initiative,Projects Initiatives,https://x.com/teijehdonker,resource_registry_v0_2,1,,Resource Graph,raw,list with caveat,"Auto-extracted account lead from Twitter archive. Counts are mention/retweet signals, not endorsement."
IDX01809,"Terexitarius.tgn Δ (:D,:D) 🗑️",Projects Initiative,Projects Initiatives,https://x.com/Terexitarius,resource_registry_v0_2,1,,Resource Graph,raw,list with caveat,"Auto-extracted account lead from Twitter archive. Counts are mention/retweet signals, not endorsement."
IDX01810,The Solar Foundation,Projects Initiative,Projects Initiatives,https://x.com/Solar_FND,resource_registry_v0_2,4,,Resource Graph,raw,list with caveat,"Auto-extracted account lead from Twitter archive. Counts are mention/retweet signals, not endorsement."
IDX01811,The Wall Street Journal,Projects Initiative,Projects Initiatives,https://x.com/WSJ,resource_registry_v0_2,1,,Resource Graph,raw,list with caveat,"Auto-extracted account lead from Twitter archive. Counts are mention/retweet signals, not endorsement."
IDX01812,TheDevanshMehta,Projects Initiative,Projects Initiatives,https://x.com/TheDevanshMehta,resource_registry_v0_2,9,,Resource Graph,raw,list with caveat,"Auto-extracted account lead from Twitter archive. Counts are mention/retweet signals, not endorsement."
IDX01813,thegrifft,Projects Initiative,Projects Initiatives,https://x.com/thegrifft,resource_registry_v0_2,2,,Resource Graph,raw,list with caveat,"Auto-extracted account lead from Twitter archive. Counts are mention/retweet signals, not endorsement."
IDX01814,Theo Beutel,Projects Initiative,Projects Initiatives,https://x.com/theobtl,resource_registry_v0_2,3,,Resource Graph,raw,list with caveat,"Auto-extracted account lead from Twitter archive. Counts are mention/retweet signals, not endorsement."
IDX01815,There.Is.Now.Alternative⚡🤖,Projects Initiative,Projects Initiatives,https://x.com/tzhen,resource_registry_v0_2,1,,Resource Graph,raw,list with caveat,"Auto-extracted account lead from Twitter archive. Counts are mention/retweet signals, not endorsement."
IDX01816,thetreegens,Projects Initiative,Projects Initiatives,https://x.com/thetreegens,resource_registry_v0_2,1,,Resource Graph,raw,list with caveat,"Auto-extracted account lead from Twitter archive. Counts are mention/retweet signals, not endorsement."
IDX01817,Thomas Coratger,Projects Initiative,Projects Initiatives,https://x.com/tcoratger,resource_registry_v0_2,3,,Resource Graph,raw,list with caveat,"Auto-extracted account lead from Twitter archive. Counts are mention/retweet signals, not endorsement."
IDX01818,Tiberius,Projects Initiative,Projects Initiatives,https://x.com/TiberiusB,resource_registry_v0_2,1,,Resource Graph,raw,list with caveat,"Auto-extracted account lead from Twitter archive. Counts are mention/retweet signals, not endorsement."
IDX01819,timour kosters,Projects Initiative,Projects Initiatives,https://x.com/timourxyz,resource_registry_v0_2,1,,Resource Graph,raw,list with caveat,"Auto-extracted account lead from Twitter archive. Counts are mention/retweet signals, not endorsement."
IDX01820,Token Dynamics,Projects Initiative,Projects Initiatives,https://x.com/tokendynamics,resource_registry_v0_2,1,,Resource Graph,raw,list with caveat,"Auto-extracted account lead from Twitter archive. Counts are mention/retweet signals, not endorsement."
IDX01821,Token Engineering Academy,Projects Initiative,Projects Initiatives,https://x.com/tokengineering,resource_registry_v0_2,4,,Resource Graph,raw,list with caveat,"Auto-extracted account lead from Twitter archive. Counts are mention/retweet signals, not endorsement."
IDX01822,Toluajet,Projects Initiative,Projects Initiatives,https://x.com/Toluajet,resource_registry_v0_2,1,,Resource Graph,raw,list with caveat,"Auto-extracted account lead from Twitter archive. Counts are mention/retweet signals, not endorsement."
IDX01823,Tom Dörr,Projects Initiative,Projects Initiatives,https://x.com/tom_doerr,resource_registry_v0_2,1,,Resource Graph,raw,list with caveat,"Auto-extracted account lead from Twitter archive. Counts are mention/retweet signals, not endorsement."
IDX01824,Tomasz K. Stańczak,Projects Initiative,Projects Initiatives,https://x.com/tkstanczak,resource_registry_v0_2,1,,Resource Graph,raw,list with caveat,"Auto-extracted account lead from Twitter archive. Counts are mention/retweet signals, not endorsement."
IDX01825,traditionaldreamfactory 🌱 $TDF 🐑,Projects Initiative,Projects Initiatives,https://x.com/tdfinyourdreams,resource_registry_v0_2,4,,Resource Graph,raw,list with caveat,"Auto-extracted account lead from Twitter archive. Counts are mention/retweet signals, not endorsement."
IDX01826,Trappist USA,Tools Protocols Platform,Tools Protocols Platforms,https://x.com/us_trappists,resource_registry_v0_2,1,,Resource Graph,raw,list with caveat,"Auto-extracted account lead from Twitter archive. Counts are mention/retweet signals, not endorsement."
IDX01827,trent.eth,Projects Initiative,Projects Initiatives,https://x.com/trent_vanepps,resource_registry_v0_2,7,,Resource Graph,raw,list with caveat,"Auto-extracted account lead from Twitter archive. Counts are mention/retweet signals, not endorsement."
IDX01828,Trigs,Projects Initiative,Projects Initiatives,https://x.com/Trigs_0,resource_registry_v0_2,1,,Resource Graph,raw,list with caveat,"Auto-extracted account lead from Twitter archive. Counts are mention/retweet signals, not endorsement."
IDX01829,Trinity Morphy,Projects Initiative,Projects Initiatives,https://x.com/TrinityMorphy,resource_registry_v0_2,8,,Resource Graph,raw,list with caveat,"Auto-extracted account lead from Twitter archive. Counts are mention/retweet signals, not endorsement."
IDX01830,Twelve Meatballs,Projects Initiative,Projects Initiatives,https://x.com/TwelveMeatballs,resource_registry_v0_2,1,,Resource Graph,raw,list with caveat,"Auto-extracted account lead from Twitter archive. Counts are mention/retweet signals, not endorsement."
IDX01831,U.S. Securities and Exchange Commission,Projects Initiative,Projects Initiatives,https://x.com/SECGov,resource_registry_v0_2,1,,Resource Graph,raw,list with caveat,"Auto-extracted account lead from Twitter archive. Counts are mention/retweet signals, not endorsement."
IDX01832,UNDP AltFinLab,Projects Initiative,Projects Initiatives,https://x.com/UNDP_AltFinLab,resource_registry_v0_2,1,,Resource Graph,raw,list with caveat,"Auto-extracted account lead from Twitter archive. Counts are mention/retweet signals, not endorsement."
IDX01833,UNICEF Innovation,Projects Initiative,Projects Initiatives,https://x.com/UNICEFinnovate,resource_registry_v0_2,1,,Resource Graph,raw,list with caveat,"Auto-extracted account lead from Twitter archive. Counts are mention/retweet signals, not endorsement."
IDX01834,Uniswap,Projects Initiative,Projects Initiatives,https://x.com/Uniswap,resource_registry_v0_2,2,,Resource Graph,raw,list with caveat,"Auto-extracted account lead from Twitter archive. Counts are mention/retweet signals, not endorsement."
IDX01835,Updraft🪁,Projects Initiative,Projects Initiatives,https://x.com/UpdraftFund,resource_registry_v0_2,1,,Resource Graph,raw,list with caveat,"Auto-extracted account lead from Twitter archive. Counts are mention/retweet signals, not endorsement."
IDX01836,urbe.eth 🐺,Projects Initiative,Projects Initiatives,https://x.com/urbeEth,resource_registry_v0_2,1,,Resource Graph,raw,list with caveat,"Auto-extracted account lead from Twitter archive. Counts are mention/retweet signals, not endorsement."
IDX01837,URL lead - chones.xyz,Projects Initiative,Projects Initiatives,https://chones.xyz/2025/02/19/my-meme-coin-robot-tweeted/,resource_registry_v0_2,1,,Resource Graph,raw,list with caveat,"Auto-extracted URL lead from Twitter archive. Context: RT @ChonesWeaving: curation &gt; reach
https://t.co/dG0myiOcB7"
IDX01838,URL lead - chones.xyz,Projects Initiative,Projects Initiatives,https://chones.xyz/2025/07/23/creation-of-chones-guild/,resource_registry_v0_2,1,,Resource Graph,raw,list with caveat,"Auto-extracted URL lead from Twitter archive. Context: RT @0xSkyMine: Go deeper here:

https://t.co/V5XrLb1n1h"
IDX01839,URL lead - decleanup.net,Organizations Network,Organizations Networks,http://decleanup.net/litepaper,resource_registry_v0_2,1,,Resource Graph,raw,list with caveat,"Auto-extracted URL lead from Twitter archive. Context: RT @DeCleanupNet: Sunday is a good day to dive into republished DeCleanup Network litepaper

https://t.co/TiBMeNzydL
enjoy and leave the co…"
IDX01840,URL lead - dispatches.basin.global,Projects Initiative,Projects Initiatives,https://dispatches.basin.global/instrumental-serves-intrinsic?referrer=0xF0A3044ba0087e7650751286f9100E2162BCC58b,resource_registry_v0_2,1,,Resource Graph,raw,list with caveat,Auto-extracted URL lead from Twitter archive. Context: RT @tmoindustries: instrumental serves intrinsic https://t.co/NUQOO1cwek https://t.co/mawhVYSnfp
IDX01841,URL lead - ethresear.ch,Projects Initiative,Projects Initiatives,https://ethresear.ch/t/building-index-tracking-assets-on-top-of-options-instead-of-debt/25036,resource_registry_v0_2,1,,Resource Graph,raw,list with caveat,"Auto-extracted URL lead from Twitter archive. Context: RT @VitalikButerin: Building index-tracking assets on top of options instead of debt

https://t.co/isSkr3901W

What if the use options as t…"
IDX01842,URL lead - frameworks.securityalliance.org,Concepts Frameworks Methodologie,Concepts Frameworks Methodologies,https://frameworks.securityalliance.org,resource_registry_v0_2,1,,Resource Graph,raw,list with caveat,"Auto-extracted URL lead from Twitter archive. Context: RT @tayvano_: if you’re asking me a question about how to improve opsec you should def check out SEAL Frameworks 

https://t.co/S3wQ24DAXG…"
IDX01843,URL lead - netxstate.com,Projects Initiative,Projects Initiatives,https://www.netxstate.com/,resource_registry_v0_2,1,,Resource Graph,raw,list with caveat,"Auto-extracted URL lead from Twitter archive. Context: RT @mbauwens: via @NextState_ ?

Franz Nunez writes:

""the Pop Up Island on Prospera, later this May!

https://t.co/ANb2gVOjSd

""Basically…"
IDX01844,URL lead - open.substack.com,Projects Initiative,Projects Initiatives,https://open.substack.com/pub/commonplanet/p/nations-corporations-and-the-first,resource_registry_v0_2,1,,Resource Graph,raw,list with caveat,"Auto-extracted URL lead from Twitter archive. Context: RT @cadamstallard: Nations, Corporations, and the First Economic Game https://t.co/vaaJUpKS4C

This is just the first of a series from @Com…"
IDX01845,URL lead - paragraph.com,Projects Initiative,Projects Initiatives,https://paragraph.com/@city-sync/the-evolution-of-citysync,resource_registry_v0_2,1,,Resource Graph,raw,list with caveat,Auto-extracted URL lead from Twitter archive. Context: RT @city_sync_: https://t.co/IK5WH60ftL
IDX01846,URL lead - paragraph.com,Projects Initiative,Projects Initiatives,https://paragraph.com/@city-sync,resource_registry_v0_2,1,,Resource Graph,raw,list with caveat,Auto-extracted URL lead from Twitter archive. Context: RT @city_sync_: https://t.co/ltLeAnr0UZ
IDX01847,URL lead - paragraph.com,Tools Protocols Platform,Tools Protocols Platforms,https://paragraph.com/@guildguild/guilds-reference-architecture,resource_registry_v0_2,1,,Resource Graph,raw,list with caveat,"Auto-extracted URL lead from Twitter archive. Context: RT @guildguild_eth: @exeuntdoteth @0xNN2 Check out the guild reference architecture here!: 
https://t.co/8aPpnGf83w https://t.co/oHYtO7ixjh"
IDX01848,URL lead - tayken.beehiiv.com,Projects Initiative,Projects Initiatives,https://tayken.beehiiv.com/p/q4-25,resource_registry_v0_2,1,,Resource Graph,raw,list with caveat,"Auto-extracted URL lead from Twitter archive. Context: RT @taykendesign: TAYKΞN on the Quarter: Media, Amusement, &amp; Deep Dispatches from the Electric Edge https://t.co/sKy2BeGtUM"
IDX01849,URL lead - trustlessness.eth.limo,Projects Initiative,Projects Initiatives,https://trustlessness.eth.limo/general/2025/11/11/the-trustless-manifesto.html,resource_registry_v0_2,1,,Resource Graph,raw,list with caveat,"Auto-extracted URL lead from Twitter archive. Context: RT @VitalikButerin: Signed the trustless manifesto!

https://t.co/VhHlx3K2vt

@thewizardofpos @yoavw https://t.co/lOuz1W7DQL"
IDX01850,URL lead - vitalik.eth.limo,Projects Initiative,Projects Initiatives,https://vitalik.eth.limo/general/2025/08/12/onlyopensource.html,resource_registry_v0_2,1,,Resource Graph,raw,list with caveat,"Auto-extracted URL lead from Twitter archive. Context: RT @VitalikButerin: ""I support it only if it's open source"" should be a more common viewpoint

https://t.co/pwQtrRFYJY"
IDX01851,URL lead - willruddick.substack.com,Projects Initiative,Projects Initiatives,https://willruddick.substack.com/p/the-heart-and-the-shell,resource_registry_v0_2,1,,Resource Graph,raw,list with caveat,"Auto-extracted URL lead from Twitter archive. Context: RT @mbauwens: * Commitment Pooling at the Core of Cooperatives
Will Ruddick

https://t.co/2aL8h6CrJN

""Across cultures and centuries, our a…"
IDX01852,URL lead - x.com,Projects Initiative,Projects Initiatives,https://x.com/search?q=x402hackathon,resource_registry_v0_2,1,,Resource Graph,raw,list with caveat,"Auto-extracted URL lead from Twitter archive. Context: RT @austingriffith: 👀 120 submissions to the x402 hackathon 

🔎 a lot of them can be found here https://t.co/4sy6zzcLTG

🎉 we will all post…"
IDX01853,USDC,Projects Initiative,Projects Initiatives,https://x.com/USDC,resource_registry_v0_2,1,,Resource Graph,raw,list with caveat,"Auto-extracted account lead from Twitter archive. Counts are mention/retweet signals, not endorsement."
IDX01854,vitalik.eth,Projects Initiative,Projects Initiatives,https://x.com/VitalikButerin,resource_registry_v0_2,23,,Resource Graph,raw,list with caveat,"Auto-extracted account lead from Twitter archive. Counts are mention/retweet signals, not endorsement."
IDX01855,Vitto Rivabella,Projects Initiative,Projects Initiatives,https://x.com/VittoStack,resource_registry_v0_2,1,,Resource Graph,raw,list with caveat,"Auto-extracted account lead from Twitter archive. Counts are mention/retweet signals, not endorsement."
IDX01856,VOST Portugal,Projects Initiative,Projects Initiatives,https://x.com/VOSTPT,resource_registry_v0_2,1,,Resource Graph,raw,list with caveat,"Auto-extracted account lead from Twitter archive. Counts are mention/retweet signals, not endorsement."
IDX01857,vpabundance.eth 🐉,Projects Initiative,Projects Initiatives,https://x.com/vpabundance,resource_registry_v0_2,1,,Resource Graph,raw,list with caveat,"Auto-extracted account lead from Twitter archive. Counts are mention/retweet signals, not endorsement."
IDX01858,wassimulacrum,Projects Initiative,Projects Initiatives,https://x.com/wassimulacrum,resource_registry_v0_2,1,,Resource Graph,raw,list with caveat,"Auto-extracted account lead from Twitter archive. Counts are mention/retweet signals, not endorsement."
IDX01859,Web3 Foundation,Projects Initiative,Projects Initiatives,https://x.com/Web3foundation,resource_registry_v0_2,1,,Resource Graph,raw,list with caveat,"Auto-extracted account lead from Twitter archive. Counts are mention/retweet signals, not endorsement."
IDX01860,Web3forGood,Projects Initiative,Projects Initiatives,https://x.com/w3b3forgood,resource_registry_v0_2,3,,Resource Graph,raw,list with caveat,"Auto-extracted account lead from Twitter archive. Counts are mention/retweet signals, not endorsement."
IDX01861,Will Corcoran,Projects Initiative,Projects Initiatives,https://x.com/corcoranwill,resource_registry_v0_2,1,,Resource Graph,raw,list with caveat,"Auto-extracted account lead from Twitter archive. Counts are mention/retweet signals, not endorsement."
IDX01862,Will Ruddick,Projects Initiative,Projects Initiatives,https://x.com/wor,resource_registry_v0_2,19,,Resource Graph,raw,list with caveat,"Auto-extracted account lead from Twitter archive. Counts are mention/retweet signals, not endorsement."
IDX01863,William Mougayar,Projects Initiative,Projects Initiatives,https://x.com/wmougayar,resource_registry_v0_2,7,,Resource Graph,raw,list with caveat,"Auto-extracted account lead from Twitter archive. Counts are mention/retweet signals, not endorsement."
IDX01864,Wyoming Decentralized Exchange®,Projects Initiative,Projects Initiatives,https://x.com/wydeorg,resource_registry_v0_2,1,,Resource Graph,raw,list with caveat,"Auto-extracted account lead from Twitter archive. Counts are mention/retweet signals, not endorsement."
IDX01865,X Article lead - 1894383753398460416,Books Papers Articles Report,Books Papers Articles Reports,http://x.com/i/article/1894383753398460416,resource_registry_v0_2,1,,Resource Graph,raw,list with caveat,Auto-extracted URL lead from Twitter archive. Context: RT @AzosFinance: https://t.co/xDP5FEz8dC
IDX01866,X Article lead - 1919027000095973376,Books Papers Articles Report,Books Papers Articles Reports,http://x.com/i/article/1919027000095973376,resource_registry_v0_2,1,,Resource Graph,raw,list with caveat,Auto-extracted URL lead from Twitter archive. Context: RT @owocki: https://t.co/gjfuMkO0l3
IDX01867,X Article lead - 1929532866582532096,Books Papers Articles Report,Books Papers Articles Reports,http://x.com/i/article/1929532866582532096,resource_registry_v0_2,1,,Resource Graph,raw,list with caveat,Auto-extracted URL lead from Twitter archive. Context: RT @lorepunkdoteth: https://t.co/x2aYfdoGj9
IDX01868,X Article lead - 1933588820169019392,Books Papers Articles Report,Books Papers Articles Reports,http://x.com/i/article/1933588820169019392,resource_registry_v0_2,1,,Resource Graph,raw,list with caveat,Auto-extracted URL lead from Twitter archive. Context: RT @tecmns: https://t.co/fohxPU74Am
IDX01869,X Article lead - 1933810565853630464,Books Papers Articles Report,Books Papers Articles Reports,http://x.com/i/article/1933810565853630464,resource_registry_v0_2,1,,Resource Graph,raw,list with caveat,Auto-extracted URL lead from Twitter archive. Context: RT @tokendynamics: https://t.co/xOL0JzFayc
IDX01870,X Article lead - 1934741278547152896,Books Papers Articles Report,Books Papers Articles Reports,http://x.com/i/article/1934741278547152896,resource_registry_v0_2,1,,Resource Graph,raw,list with caveat,Auto-extracted URL lead from Twitter archive. Context: RT @tecmns: https://t.co/lClDsgdnkj
IDX01871,X Article lead - 1934945050619691009,Books Papers Articles Report,Books Papers Articles Reports,http://x.com/i/article/1934945050619691009,resource_registry_v0_2,1,,Resource Graph,raw,list with caveat,Auto-extracted URL lead from Twitter archive. Context: RT @AzosFinance: https://t.co/VsKQEzOo8J
IDX01872,X Article lead - 1938219034429870080,Books Papers Articles Report,Books Papers Articles Reports,http://x.com/i/article/1938219034429870080,resource_registry_v0_2,1,,Resource Graph,raw,list with caveat,Auto-extracted URL lead from Twitter archive. Context: RT @frontiertower: https://t.co/8flgSS0YbI
IDX01873,X Article lead - 1938628629904424961,Books Papers Articles Report,Books Papers Articles Reports,http://x.com/i/article/1938628629904424961,resource_registry_v0_2,1,,Resource Graph,raw,list with caveat,Auto-extracted URL lead from Twitter archive. Context: RT @arlery: https://t.co/eUI0CT6Abn
IDX01874,X Article lead - 1940197887226314752,Books Papers Articles Report,Books Papers Articles Reports,http://x.com/i/article/1940197887226314752,resource_registry_v0_2,1,,Resource Graph,raw,list with caveat,Auto-extracted URL lead from Twitter archive. Context: RT @tecmns: https://t.co/b96jfEj9Eu
IDX01875,X Article lead - 1940737705123430400,Books Papers Articles Report,Books Papers Articles Reports,http://x.com/i/article/1940737705123430400,resource_registry_v0_2,1,,Resource Graph,raw,list with caveat,Auto-extracted URL lead from Twitter archive. Context: RT @jsuarez5341: https://t.co/DEMnbqPmtw
IDX01876,X Article lead - 1942754655072837632,Books Papers Articles Report,Books Papers Articles Reports,http://x.com/i/article/1942754655072837632,resource_registry_v0_2,1,,Resource Graph,raw,list with caveat,Auto-extracted URL lead from Twitter archive. Context: RT @papa_raw: https://t.co/4BGNU0IrnT
IDX01877,X Article lead - 1943250791784910848,Books Papers Articles Report,Books Papers Articles Reports,http://x.com/i/article/1943250791784910848,resource_registry_v0_2,1,,Resource Graph,raw,list with caveat,Auto-extracted URL lead from Twitter archive. Context: RT @linaventures1: https://t.co/h1Jj67RUMC
IDX01878,X Article lead - 1948240173487288320,Books Papers Articles Report,Books Papers Articles Reports,http://x.com/i/article/1948240173487288320,resource_registry_v0_2,1,,Resource Graph,raw,list with caveat,Auto-extracted URL lead from Twitter archive. Context: RT @papa_raw: https://t.co/2iHeEV3tLW
IDX01879,X Article lead - 1950914537936556032,Books Papers Articles Report,Books Papers Articles Reports,http://x.com/i/article/1950914537936556032,resource_registry_v0_2,1,,Resource Graph,raw,list with caveat,Auto-extracted URL lead from Twitter archive. Context: RT @flowstatecoop: https://t.co/Xelbq34V0i
IDX01880,X Article lead - 1957868896142213120,Books Papers Articles Report,Books Papers Articles Reports,http://x.com/i/article/1957868896142213120,resource_registry_v0_2,1,,Resource Graph,raw,list with caveat,Auto-extracted URL lead from Twitter archive. Context: RT @Frax: https://t.co/2vTbzVpW3G
IDX01881,X Article lead - 1960341211408916480,Books Papers Articles Report,Books Papers Articles Reports,http://x.com/i/article/1960341211408916480,resource_registry_v0_2,1,,Resource Graph,raw,list with caveat,Auto-extracted URL lead from Twitter archive. Context: RT @binji_x: https://t.co/y1PmpAHf5R
IDX01882,X Article lead - 1960787788468719616,Books Papers Articles Report,Books Papers Articles Reports,http://x.com/i/article/1960787788468719616,resource_registry_v0_2,1,,Resource Graph,raw,list with caveat,Auto-extracted URL lead from Twitter archive. Context: RT @Dionysus_Klima: https://t.co/7FOa6Y4cbl
IDX01883,X Article lead - 1963302648410710016,Books Papers Articles Report,Books Papers Articles Reports,http://x.com/i/article/1963302648410710016,resource_registry_v0_2,1,,Resource Graph,raw,list with caveat,Auto-extracted URL lead from Twitter archive. Context: RT @Superfluid_HQ: https://t.co/4oPCyYJADE
IDX01884,X Article lead - 1963949802061758464,Books Papers Articles Report,Books Papers Articles Reports,http://x.com/i/article/1963949802061758464,resource_registry_v0_2,1,,Resource Graph,raw,list with caveat,Auto-extracted URL lead from Twitter archive. Context: RT @haonan: https://t.co/LFjsaRg0Gb
IDX01885,X Article lead - 1965170051507744768,Books Papers Articles Report,Books Papers Articles Reports,http://x.com/i/article/1965170051507744768,resource_registry_v0_2,1,,Resource Graph,raw,list with caveat,Auto-extracted URL lead from Twitter archive. Context: RT @flowstatecoop: https://t.co/2O0rWMnkst
IDX01886,X Article lead - 1965761574045351936,Books Papers Articles Report,Books Papers Articles Reports,http://x.com/i/article/1965761574045351936,resource_registry_v0_2,1,,Resource Graph,raw,list with caveat,Auto-extracted URL lead from Twitter archive. Context: RT @A_Leutenegger: https://t.co/ZJmTs4V81n
IDX01887,X Article lead - 1968296793550028800,Books Papers Articles Report,Books Papers Articles Reports,http://x.com/i/article/1968296793550028800,resource_registry_v0_2,1,,Resource Graph,raw,list with caveat,Auto-extracted URL lead from Twitter archive. Context: RT @binji_x: https://t.co/S0cThgc5wR
IDX01888,X Article lead - 1971218404276051968,Books Papers Articles Report,Books Papers Articles Reports,http://x.com/i/article/1971218404276051968,resource_registry_v0_2,1,,Resource Graph,raw,list with caveat,Auto-extracted URL lead from Twitter archive. Context: RT @ECHInstitute: https://t.co/PRh7tVOXYq
IDX01889,X Article lead - 1973700584248127488,Books Papers Articles Report,Books Papers Articles Reports,http://x.com/i/article/1973700584248127488,resource_registry_v0_2,1,,Resource Graph,raw,list with caveat,Auto-extracted URL lead from Twitter archive. Context: RT @Abstract_Hzn: https://t.co/1FK0aUn4yZ
IDX01890,X Article lead - 1975909413635645440,Books Papers Articles Report,Books Papers Articles Reports,http://x.com/i/article/1975909413635645440,resource_registry_v0_2,1,,Resource Graph,raw,list with caveat,Auto-extracted URL lead from Twitter archive. Context: RT @AnalogueUSB: https://t.co/PLzjS5nN2y
IDX01891,X Article lead - 1975931924364337152,Books Papers Articles Report,Books Papers Articles Reports,http://x.com/i/article/1975931924364337152,resource_registry_v0_2,1,,Resource Graph,raw,list with caveat,Auto-extracted URL lead from Twitter archive. Context: RT @stablewatchHQ: https://t.co/7senveRiMf
IDX01892,X Article lead - 1976024112385409024,Books Papers Articles Report,Books Papers Articles Reports,http://x.com/i/article/1976024112385409024,resource_registry_v0_2,1,,Resource Graph,raw,list with caveat,Auto-extracted URL lead from Twitter archive. Context: RT @shibuyafilm: https://t.co/EA6GS6x8Jt
IDX01893,X Article lead - 1977602744920772608,Books Papers Articles Report,Books Papers Articles Reports,http://x.com/i/article/1977602744920772608,resource_registry_v0_2,1,,Resource Graph,raw,list with caveat,Auto-extracted URL lead from Twitter archive. Context: RT @wmougayar: https://t.co/aWOvJxrmYn
IDX01894,X Article lead - 1980557680067399680,Books Papers Articles Report,Books Papers Articles Reports,http://x.com/i/article/1980557680067399680,resource_registry_v0_2,1,,Resource Graph,raw,list with caveat,Auto-extracted URL lead from Twitter archive. Context: RT @papa_raw: https://t.co/u5R0bz9RkT
IDX01895,X Article lead - 1985469744196304900,Books Papers Articles Report,Books Papers Articles Reports,http://x.com/i/article/1985469744196304900,resource_registry_v0_2,1,,Resource Graph,raw,list with caveat,Auto-extracted URL lead from Twitter archive. Context: RT @Zac_Aztec: https://t.co/pgr0cbBW6Y
IDX01896,X Article lead - 1985799101175283712,Books Papers Articles Report,Books Papers Articles Reports,http://x.com/i/article/1985799101175283712,resource_registry_v0_2,1,,Resource Graph,raw,list with caveat,Auto-extracted URL lead from Twitter archive. Context: RT @IoachimViju: https://t.co/hJeZtnNEj7
IDX01897,X Article lead - 1987578279088304128,Books Papers Articles Report,Books Papers Articles Reports,http://x.com/i/article/1987578279088304128,resource_registry_v0_2,1,,Resource Graph,raw,list with caveat,Auto-extracted URL lead from Twitter archive. Context: RT @0xNN2: https://t.co/1XmgOEufPc
IDX01898,X Article lead - 1987587412478881792,Books Papers Articles Report,Books Papers Articles Reports,http://x.com/i/article/1987587412478881792,resource_registry_v0_2,1,,Resource Graph,raw,list with caveat,Auto-extracted URL lead from Twitter archive. Context: RT @Toluajet: https://t.co/VbMHHntxiN
IDX01899,X Article lead - 1991434093259857921,Books Papers Articles Report,Books Papers Articles Reports,http://x.com/i/article/1991434093259857921,resource_registry_v0_2,1,,Resource Graph,raw,list with caveat,Auto-extracted URL lead from Twitter archive. Context: RT @Atlantis_p2p: https://t.co/SnDt4Penol
IDX01900,X Article lead - 1995773844725137411,Books Papers Articles Report,Books Papers Articles Reports,http://x.com/i/article/1995773844725137411,resource_registry_v0_2,1,,Resource Graph,raw,list with caveat,Auto-extracted URL lead from Twitter archive. Context: RT @rocketman_w: https://t.co/svSNCG43R5
IDX01901,X Article lead - 1995909470434574336,Books Papers Articles Report,Books Papers Articles Reports,http://x.com/i/article/1995909470434574336,resource_registry_v0_2,1,,Resource Graph,raw,list with caveat,Auto-extracted URL lead from Twitter archive. Context: RT @binji_x: https://t.co/EUBUJgpyDw
IDX01902,X Article lead - 1995976778989666306,Books Papers Articles Report,Books Papers Articles Reports,http://x.com/i/article/1995976778989666306,resource_registry_v0_2,1,,Resource Graph,raw,list with caveat,Auto-extracted URL lead from Twitter archive. Context: RT @rocketman_w: https://t.co/n38C6V71I2
IDX01903,X Article lead - 1996823328468750336,Books Papers Articles Report,Books Papers Articles Reports,http://x.com/i/article/1996823328468750336,resource_registry_v0_2,1,,Resource Graph,raw,list with caveat,Auto-extracted URL lead from Twitter archive. Context: RT @owocki: https://t.co/b8fg95Kooz
IDX01904,X Article lead - 1997368797108580352,Books Papers Articles Report,Books Papers Articles Reports,http://x.com/i/article/1997368797108580352,resource_registry_v0_2,1,,Resource Graph,raw,list with caveat,Auto-extracted URL lead from Twitter archive. Context: RT @owocki: https://t.co/JpWUYnGbpx
IDX01905,X Article lead - 1998453641447870464,Books Papers Articles Report,Books Papers Articles Reports,http://x.com/i/article/1998453641447870464,resource_registry_v0_2,1,,Resource Graph,raw,list with caveat,Auto-extracted URL lead from Twitter archive. Context: RT @LidoFinance: https://t.co/zFlXh37X1k
IDX01906,X Article lead - 2001135898596122624,Books Papers Articles Report,Books Papers Articles Reports,http://x.com/i/article/2001135898596122624,resource_registry_v0_2,1,,Resource Graph,raw,list with caveat,Auto-extracted URL lead from Twitter archive. Context: RT @owocki: https://t.co/zFFlfHXzOO
IDX01907,X Article lead - 2001484972620673025,Books Papers Articles Report,Books Papers Articles Reports,http://x.com/i/article/2001484972620673025,resource_registry_v0_2,1,,Resource Graph,raw,list with caveat,Auto-extracted URL lead from Twitter archive. Context: RT @DisruptionJoe: https://t.co/Lh2isadeBk
IDX01908,X Article lead - 2002882812697808897,Books Papers Articles Report,Books Papers Articles Reports,http://x.com/i/article/2002882812697808897,resource_registry_v0_2,1,,Resource Graph,raw,list with caveat,Auto-extracted URL lead from Twitter archive. Context: RT @DisruptionJoe: https://t.co/rlZt9vqPYY
IDX01909,X Article lead - 2003227242835628032,Books Papers Articles Report,Books Papers Articles Reports,http://x.com/i/article/2003227242835628032,resource_registry_v0_2,1,,Resource Graph,raw,list with caveat,Auto-extracted URL lead from Twitter archive. Context: RT @marek_: https://t.co/md7roWvg6M
IDX01910,X Article lead - 2003344975170506753,Books Papers Articles Report,Books Papers Articles Reports,http://x.com/i/article/2003344975170506753,resource_registry_v0_2,1,,Resource Graph,raw,list with caveat,Auto-extracted URL lead from Twitter archive. Context: RT @Atlantis_p2p: https://t.co/By3BClSzV9
IDX01911,X Article lead - 2003429042003808256,Books Papers Articles Report,Books Papers Articles Reports,http://x.com/i/article/2003429042003808256,resource_registry_v0_2,1,,Resource Graph,raw,list with caveat,Auto-extracted URL lead from Twitter archive. Context: RT @Snapcrackle: https://t.co/E1znWKDEsW
IDX01912,X Article lead - 2003463223698493440,Books Papers Articles Report,Books Papers Articles Reports,http://x.com/i/article/2003463223698493440,resource_registry_v0_2,1,,Resource Graph,raw,list with caveat,Auto-extracted URL lead from Twitter archive. Context: RT @IrthuSuresh: https://t.co/S3JZlI2QIw
IDX01913,X Article lead - 2005722663210344448,Books Papers Articles Report,Books Papers Articles Reports,http://x.com/i/article/2005722663210344448,resource_registry_v0_2,1,,Resource Graph,raw,list with caveat,Auto-extracted URL lead from Twitter archive. Context: RT @DisruptionJoe: https://t.co/4RB95PgLVN
IDX01914,X Article lead - 2005758090990481408,Books Papers Articles Report,Books Papers Articles Reports,http://x.com/i/article/2005758090990481408,resource_registry_v0_2,1,,Resource Graph,raw,list with caveat,Auto-extracted URL lead from Twitter archive. Context: RT @guiribabrb: https://t.co/DfzCEiibQ2
IDX01915,X Article lead - 2006404184510443521,Books Papers Articles Report,Books Papers Articles Reports,http://x.com/i/article/2006404184510443521,resource_registry_v0_2,1,,Resource Graph,raw,list with caveat,Auto-extracted URL lead from Twitter archive. Context: RT @owocki: https://t.co/oQ4GIdGUyW
IDX01916,X Article lead - 2007540819763544064,Books Papers Articles Report,Books Papers Articles Reports,http://x.com/i/article/2007540819763544064,resource_registry_v0_2,1,,Resource Graph,raw,list with caveat,Auto-extracted URL lead from Twitter archive. Context: RT @aaronjmars: https://t.co/4RAwbgcyhy
IDX01917,X Article lead - 2007830543967084544,Books Papers Articles Report,Books Papers Articles Reports,http://x.com/i/article/2007830543967084544,resource_registry_v0_2,1,,Resource Graph,raw,list with caveat,Auto-extracted URL lead from Twitter archive. Context: RT @DeFiDave22: https://t.co/EFRjIThoPe
IDX01918,X Article lead - 2007937032333795329,Books Papers Articles Report,Books Papers Articles Reports,http://x.com/i/article/2007937032333795329,resource_registry_v0_2,1,,Resource Graph,raw,list with caveat,Auto-extracted URL lead from Twitter archive. Context: RT @JustJake: https://t.co/V8siEv9fa5
IDX01919,X Article lead - 2008016291098230784,Books Papers Articles Report,Books Papers Articles Reports,http://x.com/i/article/2008016291098230784,resource_registry_v0_2,1,,Resource Graph,raw,list with caveat,Auto-extracted URL lead from Twitter archive. Context: RT @ECHInstitute: https://t.co/ojHWhEJLwR
IDX01920,X Article lead - 2008596013095776257,Books Papers Articles Report,Books Papers Articles Reports,http://x.com/i/article/2008596013095776257,resource_registry_v0_2,1,,Resource Graph,raw,list with caveat,Auto-extracted URL lead from Twitter archive. Context: RT @owocki: https://t.co/e2YjnGu0wM
IDX01921,X Article lead - 2009248193532628992,Books Papers Articles Report,Books Papers Articles Reports,http://x.com/i/article/2009248193532628992,resource_registry_v0_2,1,,Resource Graph,raw,list with caveat,Auto-extracted URL lead from Twitter archive. Context: RT @donvito: https://t.co/J4SEA4iRNL
IDX01922,X Article lead - 2009265061563453440,Books Papers Articles Report,Books Papers Articles Reports,http://x.com/i/article/2009265061563453440,resource_registry_v0_2,1,,Resource Graph,raw,list with caveat,Auto-extracted URL lead from Twitter archive. Context: RT @howdymerry: https://t.co/E7uGKClbOl
IDX01923,X Article lead - 2009634608992669696,Books Papers Articles Report,Books Papers Articles Reports,http://x.com/i/article/2009634608992669696,resource_registry_v0_2,1,,Resource Graph,raw,list with caveat,Auto-extracted URL lead from Twitter archive. Context: RT @VittoStack: https://t.co/2uI4EiqNxg
IDX01924,X Article lead - 2010664201295986688,Books Papers Articles Report,Books Papers Articles Reports,http://x.com/i/article/2010664201295986688,resource_registry_v0_2,1,,Resource Graph,raw,list with caveat,Auto-extracted URL lead from Twitter archive. Context: RT @IntuitMachine: https://t.co/fiKeozPOpk
IDX01925,X Article lead - 2010776262520811521,Books Papers Articles Report,Books Papers Articles Reports,http://x.com/i/article/2010776262520811521,resource_registry_v0_2,1,,Resource Graph,raw,list with caveat,Auto-extracted URL lead from Twitter archive. Context: RT @Dionysus_Klima: https://t.co/bXaAP3ri9f
IDX01926,X Article lead - 2011189774153818114,Books Papers Articles Report,Books Papers Articles Reports,http://x.com/i/article/2011189774153818114,resource_registry_v0_2,1,,Resource Graph,raw,list with caveat,Auto-extracted URL lead from Twitter archive. Context: RT @a16zcrypto: https://t.co/oN4Vl9VuXC
IDX01927,X Article lead - 2011525266607104000,Books Papers Articles Report,Books Papers Articles Reports,http://x.com/i/article/2011525266607104000,resource_registry_v0_2,1,,Resource Graph,raw,list with caveat,Auto-extracted URL lead from Twitter archive. Context: RT @DisruptionJoe: https://t.co/obJfe02Rny
IDX01928,X Article lead - 2011957941042098178,Books Papers Articles Report,Books Papers Articles Reports,http://x.com/i/article/2011957941042098178,resource_registry_v0_2,1,,Resource Graph,raw,list with caveat,Auto-extracted URL lead from Twitter archive. Context: RT @DisruptionJoe: https://t.co/DkVuFygS9Z
IDX01929,X Article lead - 2013169287108931584,Books Papers Articles Report,Books Papers Articles Reports,http://x.com/i/article/2013169287108931584,resource_registry_v0_2,1,,Resource Graph,raw,list with caveat,Auto-extracted URL lead from Twitter archive. Context: RT @RohitMalekar: https://t.co/sIfy8pC0jh
IDX01930,X Article lead - 2013228676293242880,Books Papers Articles Report,Books Papers Articles Reports,http://x.com/i/article/2013228676293242880,resource_registry_v0_2,1,,Resource Graph,raw,list with caveat,Auto-extracted URL lead from Twitter archive. Context: RT @Snapcrackle: https://t.co/UgqOUGH2dV
IDX01931,X Article lead - 2013287343315103748,Books Papers Articles Report,Books Papers Articles Reports,http://x.com/i/article/2013287343315103748,resource_registry_v0_2,1,,Resource Graph,raw,list with caveat,Auto-extracted URL lead from Twitter archive. Context: RT @JoinEdgeCity: https://t.co/DPAEVj9VE0
IDX01932,X Article lead - 2013298035317723136,Books Papers Articles Report,Books Papers Articles Reports,http://x.com/i/article/2013298035317723136,resource_registry_v0_2,1,,Resource Graph,raw,list with caveat,Auto-extracted URL lead from Twitter archive. Context: RT @ECHInstitute: https://t.co/8T1180k728
IDX01933,X Article lead - 2013614396660989953,Books Papers Articles Report,Books Papers Articles Reports,http://x.com/i/article/2013614396660989953,resource_registry_v0_2,1,,Resource Graph,raw,list with caveat,Auto-extracted URL lead from Twitter archive. Context: RT @Celo: https://t.co/EEcce3EQuR
IDX01934,X Article lead - 2013661230460727296,Books Papers Articles Report,Books Papers Articles Reports,http://x.com/i/article/2013661230460727296,resource_registry_v0_2,1,,Resource Graph,raw,list with caveat,Auto-extracted URL lead from Twitter archive. Context: RT @christine_dkim: https://t.co/YFqr3O06dO
IDX01935,X Article lead - 2014360356009697280,Books Papers Articles Report,Books Papers Articles Reports,http://x.com/i/article/2014360356009697280,resource_registry_v0_2,1,,Resource Graph,raw,list with caveat,Auto-extracted URL lead from Twitter archive. Context: RT @Dionysus_Klima: https://t.co/3IdhyKlkIv
IDX01936,X Article lead - 2014399428317339648,Books Papers Articles Report,Books Papers Articles Reports,http://x.com/i/article/2014399428317339648,resource_registry_v0_2,1,,Resource Graph,raw,list with caveat,Auto-extracted URL lead from Twitter archive. Context: RT @thetreegens: https://t.co/G84WEvHJ5I
IDX01937,X Article lead - 2014674094474604544,Books Papers Articles Report,Books Papers Articles Reports,http://x.com/i/article/2014674094474604544,resource_registry_v0_2,1,,Resource Graph,raw,list with caveat,Auto-extracted URL lead from Twitter archive. Context: RT @davinci_vote: https://t.co/3zZdDChDvo
IDX01938,X Article lead - 2014784402606161920,Books Papers Articles Report,Books Papers Articles Reports,http://x.com/i/article/2014784402606161920,resource_registry_v0_2,1,,Resource Graph,raw,list with caveat,Auto-extracted URL lead from Twitter archive. Context: RT @rish_neynar: https://t.co/8YgyNDFP44
IDX01939,X Article lead - 2015754191487053826,Books Papers Articles Report,Books Papers Articles Reports,http://x.com/i/article/2015754191487053826,resource_registry_v0_2,1,,Resource Graph,raw,list with caveat,Auto-extracted URL lead from Twitter archive. Context: RT @nunet_global: https://t.co/0rmHT8jhAd
IDX01940,X Article lead - 2015826848869920778,Books Papers Articles Report,Books Papers Articles Reports,http://x.com/i/article/2015826848869920778,resource_registry_v0_2,1,,Resource Graph,raw,list with caveat,Auto-extracted URL lead from Twitter archive. Context: RT @JoinEdgeCity: https://t.co/jto9ldp8cL
IDX01941,X Article lead - 2016534346568761344,Books Papers Articles Report,Books Papers Articles Reports,http://x.com/i/article/2016534346568761344,resource_registry_v0_2,1,,Resource Graph,raw,list with caveat,Auto-extracted URL lead from Twitter archive. Context: RT @feemschats: https://t.co/jUQQEVqSN6
IDX01942,X Article lead - 2016558940742701057,Books Papers Articles Report,Books Papers Articles Reports,http://x.com/i/article/2016558940742701057,resource_registry_v0_2,1,,Resource Graph,raw,list with caveat,Auto-extracted URL lead from Twitter archive. Context: RT @ECHInstitute: https://t.co/MuWkFIa0V7
IDX01943,X Article lead - 2016654428737327106,Books Papers Articles Report,Books Papers Articles Reports,http://x.com/i/article/2016654428737327106,resource_registry_v0_2,1,,Resource Graph,raw,list with caveat,Auto-extracted URL lead from Twitter archive. Context: RT @RJPinnell: https://t.co/K1HBT7T052
IDX01944,X Article lead - 2016905482670129153,Books Papers Articles Report,Books Papers Articles Reports,http://x.com/i/article/2016905482670129153,resource_registry_v0_2,1,,Resource Graph,raw,list with caveat,Auto-extracted URL lead from Twitter archive. Context: RT @myosin_xyz: https://t.co/78M0yz38oK
IDX01945,X Article lead - 2016925866463506432,Books Papers Articles Report,Books Papers Articles Reports,http://x.com/i/article/2016925866463506432,resource_registry_v0_2,1,,Resource Graph,raw,list with caveat,Auto-extracted URL lead from Twitter archive. Context: RT @unhappyben: https://t.co/UgRLkiHjwc
IDX01946,X Article lead - 2017230079118458880,Books Papers Articles Report,Books Papers Articles Reports,http://x.com/i/article/2017230079118458880,resource_registry_v0_2,1,,Resource Graph,raw,list with caveat,Auto-extracted URL lead from Twitter archive. Context: RT @shape: https://t.co/2GpEyebKMb
IDX01947,X Article lead - 2018164804976795648,Books Papers Articles Report,Books Papers Articles Reports,http://x.com/i/article/2018164804976795648,resource_registry_v0_2,1,,Resource Graph,raw,list with caveat,Auto-extracted URL lead from Twitter archive. Context: RT @owocki: https://t.co/7R17YkEXWv
IDX01948,X Article lead - 2019035263582842880,Books Papers Articles Report,Books Papers Articles Reports,http://x.com/i/article/2019035263582842880,resource_registry_v0_2,1,,Resource Graph,raw,list with caveat,Auto-extracted URL lead from Twitter archive. Context: RT @optimystics_: https://t.co/eMLPA89XAo
IDX01949,X Article lead - 2019117513318277121,Books Papers Articles Report,Books Papers Articles Reports,http://x.com/i/article/2019117513318277121,resource_registry_v0_2,1,,Resource Graph,raw,list with caveat,Auto-extracted URL lead from Twitter archive. Context: RT @RJPinnell: https://t.co/Tbxn0OEDle
IDX01950,X Article lead - 2019783139376173056,Books Papers Articles Report,Books Papers Articles Reports,http://x.com/i/article/2019783139376173056,resource_registry_v0_2,1,,Resource Graph,raw,list with caveat,Auto-extracted URL lead from Twitter archive. Context: RT @christine_dkim: https://t.co/eV9nX84OXe
IDX01951,X Article lead - 2021315943872204800,Books Papers Articles Report,Books Papers Articles Reports,http://x.com/i/article/2021315943872204800,resource_registry_v0_2,1,,Resource Graph,raw,list with caveat,Auto-extracted URL lead from Twitter archive. Context: RT @JoinEdgeCity: https://t.co/5Fvhm7IEs3
IDX01952,X Article lead - 2021371601980182528,Books Papers Articles Report,Books Papers Articles Reports,http://x.com/i/article/2021371601980182528,resource_registry_v0_2,1,,Resource Graph,raw,list with caveat,Auto-extracted URL lead from Twitter archive. Context: RT @art_tem_: https://t.co/xiqxQ8ikc6
IDX01953,X Article lead - 2021482969265750016,Books Papers Articles Report,Books Papers Articles Reports,http://x.com/i/article/2021482969265750016,resource_registry_v0_2,1,,Resource Graph,raw,list with caveat,Auto-extracted URL lead from Twitter archive. Context: RT @JoinEdgeCity: https://t.co/VsTPjPoz5k
IDX01954,X Article lead - 2021944400302018560,Books Papers Articles Report,Books Papers Articles Reports,http://x.com/i/article/2021944400302018560,resource_registry_v0_2,1,,Resource Graph,raw,list with caveat,Auto-extracted URL lead from Twitter archive. Context: RT @cryptoeconlab: https://t.co/hcfrTSnz8H
IDX01955,X Article lead - 2022345326816821249,Books Papers Articles Report,Books Papers Articles Reports,http://x.com/i/article/2022345326816821249,resource_registry_v0_2,1,,Resource Graph,raw,list with caveat,Auto-extracted URL lead from Twitter archive. Context: RT @JoinEdgeCity: https://t.co/hRNUhk8YOm
IDX01956,X Article lead - 2022403585586401283,Books Papers Articles Report,Books Papers Articles Reports,http://x.com/i/article/2022403585586401283,resource_registry_v0_2,1,,Resource Graph,raw,list with caveat,Auto-extracted URL lead from Twitter archive. Context: RT @theopenmachine: https://t.co/PE95dt7pZh
IDX01957,X Article lead - 2023139761049772033,Books Papers Articles Report,Books Papers Articles Reports,http://x.com/i/article/2023139761049772033,resource_registry_v0_2,1,,Resource Graph,raw,list with caveat,Auto-extracted URL lead from Twitter archive. Context: RT @Gary_Weinstein_: https://t.co/WEkqSGDOrR
IDX01958,X Article lead - 2023822030626230272,Books Papers Articles Report,Books Papers Articles Reports,http://x.com/i/article/2023822030626230272,resource_registry_v0_2,1,,Resource Graph,raw,list with caveat,Auto-extracted URL lead from Twitter archive. Context: RT @Crypto_Altruism: https://t.co/ub3AhQSKvl
IDX01959,X Article lead - 2024112050687836160,Books Papers Articles Report,Books Papers Articles Reports,http://x.com/i/article/2024112050687836160,resource_registry_v0_2,1,,Resource Graph,raw,list with caveat,Auto-extracted URL lead from Twitter archive. Context: RT @JoinEdgeCity: https://t.co/PROBxeHeYY
IDX01960,X Article lead - 2024144031639306240,Books Papers Articles Report,Books Papers Articles Reports,http://x.com/i/article/2024144031639306240,resource_registry_v0_2,1,,Resource Graph,raw,list with caveat,Auto-extracted URL lead from Twitter archive. Context: RT @0xy_moron: https://t.co/STpOJDqCLP
IDX01961,X Article lead - 2026322199666438144,Books Papers Articles Report,Books Papers Articles Reports,http://x.com/i/article/2026322199666438144,resource_registry_v0_2,1,,Resource Graph,raw,list with caveat,Auto-extracted URL lead from Twitter archive. Context: RT @owocki: https://t.co/cb3w5U4eg5
IDX01962,X Article lead - 2026764089079508993,Books Papers Articles Report,Books Papers Articles Reports,http://x.com/i/article/2026764089079508993,resource_registry_v0_2,1,,Resource Graph,raw,list with caveat,Auto-extracted URL lead from Twitter archive. Context: RT @azeemk: https://t.co/TEGatXnlW7
IDX01963,X Article lead - 2027074644574863360,Books Papers Articles Report,Books Papers Articles Reports,http://x.com/i/article/2027074644574863360,resource_registry_v0_2,1,,Resource Graph,raw,list with caveat,Auto-extracted URL lead from Twitter archive. Context: RT @DisruptionJoe: https://t.co/R2OJ6QQR5H
IDX01964,X Article lead - 2027441986324860933,Books Papers Articles Report,Books Papers Articles Reports,http://x.com/i/article/2027441986324860933,resource_registry_v0_2,1,,Resource Graph,raw,list with caveat,Auto-extracted URL lead from Twitter archive. Context: RT @RohitMalekar: https://t.co/57BvABdd8E
IDX01965,X Article lead - 2027468925378650112,Books Papers Articles Report,Books Papers Articles Reports,http://x.com/i/article/2027468925378650112,resource_registry_v0_2,1,,Resource Graph,raw,list with caveat,Auto-extracted URL lead from Twitter archive. Context: RT @papa_raw: https://t.co/DPnQVj6dVb
IDX01966,X Article lead - 2028963410080350208,Books Papers Articles Report,Books Papers Articles Reports,http://x.com/i/article/2028963410080350208,resource_registry_v0_2,1,,Resource Graph,raw,list with caveat,Auto-extracted URL lead from Twitter archive. Context: RT @HumnPassport: https://t.co/M0pn9UQBhT
IDX01967,X Article lead - 2029105405570289664,Books Papers Articles Report,Books Papers Articles Reports,http://x.com/i/article/2029105405570289664,resource_registry_v0_2,1,,Resource Graph,raw,list with caveat,Auto-extracted URL lead from Twitter archive. Context: RT @Snapcrackle: https://t.co/r0KLqneV5V
IDX01968,X Article lead - 2029188774396149760,Books Papers Articles Report,Books Papers Articles Reports,http://x.com/i/article/2029188774396149760,resource_registry_v0_2,1,,Resource Graph,raw,list with caveat,Auto-extracted URL lead from Twitter archive. Context: RT @Molecule_sci: https://t.co/fGU65MfX7u
IDX01969,X Article lead - 2029310888705179649,Books Papers Articles Report,Books Papers Articles Reports,http://x.com/i/article/2029310888705179649,resource_registry_v0_2,1,,Resource Graph,raw,list with caveat,Auto-extracted URL lead from Twitter archive. Context: RT @synthesis_md: https://t.co/q2AqPuiQX0
IDX01970,X Article lead - 2029489286559510528,Books Papers Articles Report,Books Papers Articles Reports,http://x.com/i/article/2029489286559510528,resource_registry_v0_2,1,,Resource Graph,raw,list with caveat,Auto-extracted URL lead from Twitter archive. Context: RT @JoinEdgeCity: https://t.co/kTVyonwYzw
IDX01971,X Article lead - 2029683955176198144,Books Papers Articles Report,Books Papers Articles Reports,http://x.com/i/article/2029683955176198144,resource_registry_v0_2,1,,Resource Graph,raw,list with caveat,Auto-extracted URL lead from Twitter archive. Context: RT @papa_raw: https://t.co/ndLPNoxzjn
IDX01972,X Article lead - 2029944322876133380,Books Papers Articles Report,Books Papers Articles Reports,http://x.com/i/article/2029944322876133380,resource_registry_v0_2,1,,Resource Graph,raw,list with caveat,Auto-extracted URL lead from Twitter archive. Context: RT @kennyistyping: https://t.co/yoXD74pCEK
IDX01973,X Article lead - 2029947595485769728,Books Papers Articles Report,Books Papers Articles Reports,http://x.com/i/article/2029947595485769728,resource_registry_v0_2,1,,Resource Graph,raw,list with caveat,Auto-extracted URL lead from Twitter archive. Context: RT @christine_dkim: https://t.co/rJF06waJyz
IDX01974,X Article lead - 2030717360672272384,Books Papers Articles Report,Books Papers Articles Reports,http://x.com/i/article/2030717360672272384,resource_registry_v0_2,1,,Resource Graph,raw,list with caveat,Auto-extracted URL lead from Twitter archive. Context: RT @buidlguidl: https://t.co/cVETTWCuWG
IDX01975,X Article lead - 2030961559061528576,Books Papers Articles Report,Books Papers Articles Reports,http://x.com/i/article/2030961559061528576,resource_registry_v0_2,1,,Resource Graph,raw,list with caveat,Auto-extracted URL lead from Twitter archive. Context: RT @maxlomu: https://t.co/goa4PNy8ap
IDX01976,X Article lead - 2031024894620975104,Books Papers Articles Report,Books Papers Articles Reports,http://x.com/i/article/2031024894620975104,resource_registry_v0_2,1,,Resource Graph,raw,list with caveat,Auto-extracted URL lead from Twitter archive. Context: RT @feemschats: https://t.co/faJYOZH0YK
IDX01977,X Article lead - 2031025833964658688,Books Papers Articles Report,Books Papers Articles Reports,http://x.com/i/article/2031025833964658688,resource_registry_v0_2,1,,Resource Graph,raw,list with caveat,Auto-extracted URL lead from Twitter archive. Context: RT @arkreen_network: https://t.co/qliBAkka99
IDX01978,X Article lead - 2031240381510094848,Books Papers Articles Report,Books Papers Articles Reports,http://x.com/i/article/2031240381510094848,resource_registry_v0_2,1,,Resource Graph,raw,list with caveat,Auto-extracted URL lead from Twitter archive. Context: RT @JoinEdgeCity: https://t.co/4pdhfEEMJq
IDX01979,X Article lead - 2031260463280041986,Books Papers Articles Report,Books Papers Articles Reports,http://x.com/i/article/2031260463280041986,resource_registry_v0_2,1,,Resource Graph,raw,list with caveat,Auto-extracted URL lead from Twitter archive. Context: RT @seer_pm: https://t.co/avlxcRtKqV
IDX01980,X Article lead - 2032089015327883264,Books Papers Articles Report,Books Papers Articles Reports,http://x.com/i/article/2032089015327883264,resource_registry_v0_2,1,,Resource Graph,raw,list with caveat,Auto-extracted URL lead from Twitter archive. Context: RT @Etherealize_io: https://t.co/DrKAELg2kw
IDX01981,X Article lead - 2032180631409426434,Books Papers Articles Report,Books Papers Articles Reports,http://x.com/i/article/2032180631409426434,resource_registry_v0_2,1,,Resource Graph,raw,list with caveat,Auto-extracted URL lead from Twitter archive. Context: RT @izgnzlz: https://t.co/4hffMRx4Z8
IDX01982,X Article lead - 2033851337645891584,Books Papers Articles Report,Books Papers Articles Reports,http://x.com/i/article/2033851337645891584,resource_registry_v0_2,1,,Resource Graph,raw,list with caveat,Auto-extracted URL lead from Twitter archive. Context: RT @_julianma: https://t.co/7WZDKbB4Iz
IDX01983,X Article lead - 2033894681965117441,Books Papers Articles Report,Books Papers Articles Reports,http://x.com/i/article/2033894681965117441,resource_registry_v0_2,1,,Resource Graph,raw,list with caveat,Auto-extracted URL lead from Twitter archive. Context: RT @jchaskin22: https://t.co/ydkl0MJZQd
IDX01984,X Article lead - 2033909494313586688,Books Papers Articles Report,Books Papers Articles Reports,http://x.com/i/article/2033909494313586688,resource_registry_v0_2,1,,Resource Graph,raw,list with caveat,Auto-extracted URL lead from Twitter archive. Context: RT @humpty0x: https://t.co/pQZGQH2o8q
IDX01985,X Article lead - 2034029278661382145,Books Papers Articles Report,Books Papers Articles Reports,http://x.com/i/article/2034029278661382145,resource_registry_v0_2,1,,Resource Graph,raw,list with caveat,Auto-extracted URL lead from Twitter archive. Context: RT @theopenmachine: https://t.co/ia3a17SKdE
IDX01986,X Article lead - 2035067501277847552,Books Papers Articles Report,Books Papers Articles Reports,http://x.com/i/article/2035067501277847552,resource_registry_v0_2,1,,Resource Graph,raw,list with caveat,Auto-extracted URL lead from Twitter archive. Context: RT @synthesis_md: https://t.co/bcCu2Hd0RZ
IDX01987,X Article lead - 2036902131392024576,Books Papers Articles Report,Books Papers Articles Reports,http://x.com/i/article/2036902131392024576,resource_registry_v0_2,1,,Resource Graph,raw,list with caveat,Auto-extracted URL lead from Twitter archive. Context: RT @theopenmachine: https://t.co/Q3J64WxecG
IDX01988,X Article lead - 2037482545961742336,Books Papers Articles Report,Books Papers Articles Reports,http://x.com/i/article/2037482545961742336,resource_registry_v0_2,1,,Resource Graph,raw,list with caveat,Auto-extracted URL lead from Twitter archive. Context: RT @synthesis_md: https://t.co/zgfQKNCqtX
IDX01989,X Article lead - 2038227046099214336,Books Papers Articles Report,Books Papers Articles Reports,http://x.com/i/article/2038227046099214336,resource_registry_v0_2,1,,Resource Graph,raw,list with caveat,Auto-extracted URL lead from Twitter archive. Context: RT @etheconomiczone: https://t.co/T1730uZRFF
IDX01990,X Article lead - 2039415146863554560,Books Papers Articles Report,Books Papers Articles Reports,http://x.com/i/article/2039415146863554560,resource_registry_v0_2,1,,Resource Graph,raw,list with caveat,Auto-extracted URL lead from Twitter archive. Context: RT @KMLLCW3: https://t.co/ikMNrTpfua
IDX01991,X Article lead - 2042284826888171520,Books Papers Articles Report,Books Papers Articles Reports,http://x.com/i/article/2042284826888171520,resource_registry_v0_2,1,,Resource Graph,raw,list with caveat,Auto-extracted URL lead from Twitter archive. Context: RT @Crypto_Altruism: https://t.co/tGmw1o0Wlv
IDX01992,X Article lead - 2043975993853960193,Books Papers Articles Report,Books Papers Articles Reports,http://x.com/i/article/2043975993853960193,resource_registry_v0_2,1,,Resource Graph,raw,list with caveat,Auto-extracted URL lead from Twitter archive. Context: RT @JoinEdgeCity: https://t.co/5rbjFDJbHQ
IDX01993,X Article lead - 2044075283112665088,Books Papers Articles Report,Books Papers Articles Reports,http://x.com/i/article/2044075283112665088,resource_registry_v0_2,1,,Resource Graph,raw,list with caveat,Auto-extracted URL lead from Twitter archive. Context: RT @suno_finance: https://t.co/yEDJ4pG9fB
IDX01994,X Article lead - 2044318217494052865,Books Papers Articles Report,Books Papers Articles Reports,http://x.com/i/article/2044318217494052865,resource_registry_v0_2,1,,Resource Graph,raw,list with caveat,Auto-extracted URL lead from Twitter archive. Context: RT @Snapcrackle: https://t.co/ztrFb4E3Jw
IDX01995,X Article lead - 2047285496112467968,Books Papers Articles Report,Books Papers Articles Reports,http://x.com/i/article/2047285496112467968,resource_registry_v0_2,1,,Resource Graph,raw,list with caveat,Auto-extracted URL lead from Twitter archive. Context: RT @JoinEdgeCity: https://t.co/CuseMOsMZW
IDX01996,X Article lead - 2054512447411654656,Books Papers Articles Report,Books Papers Articles Reports,http://x.com/i/article/2054512447411654656,resource_registry_v0_2,1,,Resource Graph,raw,list with caveat,Auto-extracted URL lead from Twitter archive. Context: RT @ladislaus0x: https://t.co/ZgrmK0xL9U
IDX01997,X Article lead - 2056505474695208960,Books Papers Articles Report,Books Papers Articles Reports,http://x.com/i/article/2056505474695208960,resource_registry_v0_2,1,,Resource Graph,raw,list with caveat,Auto-extracted URL lead from Twitter archive. Context: RT @kennyistyping: https://t.co/pDKb5ki1CT
IDX01998,X Article lead - 2058853605004988416,Books Papers Articles Report,Books Papers Articles Reports,http://x.com/i/article/2058853605004988416,resource_registry_v0_2,1,,Resource Graph,raw,list with caveat,Auto-extracted URL lead from Twitter archive. Context: RT @seer_pm: https://t.co/secWGT7Bo2
IDX01999,X Article lead - 2060105581072171009,Books Papers Articles Report,Books Papers Articles Reports,http://x.com/i/article/2060105581072171009,resource_registry_v0_2,1,,Resource Graph,raw,list with caveat,Auto-extracted URL lead from Twitter archive. Context: RT @kennyistyping: https://t.co/jSrkAaCXxk
IDX02000,X Article lead - 2060348097738293253,Books Papers Articles Report,Books Papers Articles Reports,http://x.com/i/article/2060348097738293253,resource_registry_v0_2,1,,Resource Graph,raw,list with caveat,Auto-extracted URL lead from Twitter archive. Context: RT @higrowfi: https://t.co/y143ynJeeq
IDX02001,X Article lead - 2060390400083496960,Books Papers Articles Report,Books Papers Articles Reports,http://x.com/i/article/2060390400083496960,resource_registry_v0_2,1,,Resource Graph,raw,list with caveat,Auto-extracted URL lead from Twitter archive. Context: RT @trent_vanepps: https://t.co/GajUKQC8li
IDX02002,X Article lead - 2061141171511107584,Books Papers Articles Report,Books Papers Articles Reports,http://x.com/i/article/2061141171511107584,resource_registry_v0_2,1,,Resource Graph,raw,list with caveat,Auto-extracted URL lead from Twitter archive. Context: RT @JoinEdgeCity: https://t.co/kLEwZcstkB
IDX02003,X Article lead - 2061996825691967488,Books Papers Articles Report,Books Papers Articles Reports,http://x.com/i/article/2061996825691967488,resource_registry_v0_2,1,,Resource Graph,raw,list with caveat,Auto-extracted URL lead from Twitter archive. Context: RT @JoinEdgeCity: https://t.co/cBnk1CQ1dL
IDX02004,X Article lead - 2062126128483934208,Books Papers Articles Report,Books Papers Articles Reports,http://x.com/i/article/2062126128483934208,resource_registry_v0_2,1,,Resource Graph,raw,list with caveat,Auto-extracted URL lead from Twitter archive. Context: RT @wmougayar: https://t.co/9hWQ3hd2iE
IDX02005,X Article lead - 2062883827601854464,Books Papers Articles Report,Books Papers Articles Reports,http://x.com/i/article/2062883827601854464,resource_registry_v0_2,1,,Resource Graph,raw,list with caveat,Auto-extracted URL lead from Twitter archive. Context: RT @arkreen_network: https://t.co/mSYowhA9dK
IDX02006,yoav.eth,Projects Initiative,Projects Initiatives,https://x.com/yoavw,resource_registry_v0_2,1,,Resource Graph,raw,list with caveat,"Auto-extracted account lead from Twitter archive. Counts are mention/retweet signals, not endorsement."
IDX02007,Zack Guzmán,Projects Initiative,Projects Initiatives,https://x.com/zGuz,resource_registry_v0_2,1,,Resource Graph,raw,list with caveat,"Auto-extracted account lead from Twitter archive. Counts are mention/retweet signals, not endorsement."
IDX02008,Zarinah Agnew,Projects Initiative,Projects Initiatives,https://x.com/zarinahagnew,resource_registry_v0_2,1,,Resource Graph,raw,list with caveat,"Auto-extracted account lead from Twitter archive. Counts are mention/retweet signals, not endorsement."
IDX02009,Zatoshi,Projects Initiative,Projects Initiatives,https://x.com/Zac_Aztec,resource_registry_v0_2,1,,Resource Graph,raw,list with caveat,"Auto-extracted account lead from Twitter archive. Counts are mention/retweet signals, not endorsement."
IDX02010,ZeroLend,Projects Initiative,Projects Initiatives,https://x.com/zerolendxyz,resource_registry_v0_2,1,,Resource Graph,raw,list with caveat,"Auto-extracted account lead from Twitter archive. Counts are mention/retweet signals, not endorsement."
IDX02011,Zuzalu Software (Zuzalu.city),Tools Protocols Platform,Tools Protocols Platforms,https://x.com/Zuzalu_city,resource_registry_v0_2,1,,Resource Graph,raw,list with caveat,"Auto-extracted account lead from Twitter archive. Counts are mention/retweet signals, not endorsement."
IDX02012,Ņ̨͈̯̻̪̥̥ͅick S̘͓͙usi,Projects Initiative,Projects Initiatives,https://x.com/nicksusi,resource_registry_v0_2,1,,Resource Graph,raw,list with caveat,"Auto-extracted account lead from Twitter archive. Counts are mention/retweet signals, not endorsement."
IDX02013,∞ Gman,Projects Initiative,Projects Initiatives,https://x.com/akosmicfool,resource_registry_v0_2,2,,Resource Graph,raw,list with caveat,"Auto-extracted account lead from Twitter archive. Counts are mention/retweet signals, not endorsement."
IDX02014,路人蝙,Projects Initiative,Projects Initiatives,https://x.com/lurenbian,resource_registry_v0_2,2,,Resource Graph,raw,list with caveat,"Auto-extracted account lead from Twitter archive. Counts are mention/retweet signals, not endorsement."
IDX02015,飞狐,Projects Initiative,Projects Initiatives,https://x.com/web3foxcn,resource_registry_v0_2,1,,Resource Graph,raw,list with caveat,"Auto-extracted account lead from Twitter archive. Counts are mention/retweet signals, not endorsement."
IDX02016,𝕋𝕖𝕞𝕞𝕪🦇🔊,Projects Initiative,Projects Initiatives,https://x.com/Only1temmy,resource_registry_v0_2,1,,Resource Graph,raw,list with caveat,"Auto-extracted account lead from Twitter archive. Counts are mention/retweet signals, not endorsement."
IDX02017,🌉building,Projects Initiative,Projects Initiatives,https://x.com/TYMEinc_,resource_registry_v0_2,1,,Resource Graph,raw,list with caveat,"Auto-extracted account lead from Twitter archive. Counts are mention/retweet signals, not endorsement."
IDX02018,Raw URL lead - 0xparc.org,Organizations Network,Organizations Networks,https://0xparc.org/,resource_registry_v0_2,1,,Resource Graph,raw,list with caveat,Preserved from uploaded documents/text. Context:
IDX02019,Raw URL lead - adriennemareebrown.net,Projects Initiative,Projects Initiatives,https://adriennemareebrown.net/,resource_registry_v0_2,1,,Resource Graph,raw,list with caveat,Preserved from uploaded documents/text. Context:
IDX02020,Raw URL lead - akpress.org,Books Papers Articles Report,Books Papers Articles Reports,https://www.akpress.org/emergent-strategy.html,resource_registry_v0_2,2,,Resource Graph,raw,list with caveat,Preserved from uploaded documents/text. Context:
IDX02021,Raw URL lead - alliedmedia.org,Podcasts Media Show,Podcasts Media Shows,https://alliedmedia.org/,resource_registry_v0_2,2,,Resource Graph,raw,list with caveat,Preserved from uploaded documents/text. Context:
IDX02022,Raw URL lead - anticipation-hub.org,Organizations Network,Organizations Networks,https://www.anticipation-hub.org/,resource_registry_v0_2,1,,Resource Graph,raw,list with caveat,Preserved from uploaded documents/text. Context:
IDX02023,Raw URL lead - arangodb.com,Projects Initiative,Projects Initiatives,https://arangodb.com/,resource_registry_v0_2,1,,Resource Graph,raw,list with caveat,Preserved from uploaded documents/text. Context:
IDX02024,Raw URL lead - are.na,Projects Initiative,Projects Initiatives,https://www.are.na/,resource_registry_v0_2,1,,Resource Graph,raw,list with caveat,Preserved from uploaded documents/text. Context:
IDX02025,Raw URL lead - astro.build,Projects Initiative,Projects Initiatives,https://astro.build/,resource_registry_v0_2,1,,Resource Graph,raw,list with caveat,Preserved from uploaded documents/text. Context:
IDX02026,Raw URL lead - attest.org,Organizations Network,Organizations Networks,https://attest.org/,resource_registry_v0_2,1,,Resource Graph,raw,list with caveat,Preserved from uploaded documents/text. Context:
IDX02027,Raw URL lead - aztec.network,Organizations Network,Organizations Networks,https://aztec.network/,resource_registry_v0_2,1,,Resource Graph,raw,list with caveat,Preserved from uploaded documents/text. Context:
IDX02028,Raw URL lead - book.getfoundry.sh,Books Papers Articles Report,Books Papers Articles Reports,https://book.getfoundry.sh/,resource_registry_v0_2,1,,Resource Graph,raw,list with caveat,Preserved from uploaded documents/text. Context:
IDX02029,Raw URL lead - cadcad.org,Organizations Network,Organizations Networks,https://cadcad.org/,resource_registry_v0_2,1,,Resource Graph,raw,list with caveat,Preserved from uploaded documents/text. Context:
IDX02030,Raw URL lead - capitalinstitute.org,Tools Protocols Platform,Tools Protocols Platforms,https://capitalinstitute.org/,resource_registry_v0_2,1,,Resource Graph,raw,list with caveat,Preserved from uploaded documents/text. Context:
IDX02031,Raw URL lead - carolsanfordinstitute.com,Organizations Network,Organizations Networks,https://carolsanfordinstitute.com/,resource_registry_v0_2,1,,Resource Graph,raw,list with caveat,Preserved from uploaded documents/text. Context:
IDX02032,Raw URL lead - catb.org,Organizations Network,Organizations Networks,http://www.catb.org/~esr/writings/cathedral-bazaar/,resource_registry_v0_2,1,,Resource Graph,raw,list with caveat,Preserved from uploaded documents/text. Context:
IDX02033,Raw URL lead - celo.org,Organizations Network,Organizations Networks,https://celo.org/public-goods,resource_registry_v0_2,1,,Resource Graph,raw,list with caveat,Preserved from uploaded documents/text. Context:
IDX02034,Raw URL lead - changecode.io,Projects Initiative,Projects Initiatives,https://changecode.io/,resource_registry_v0_2,1,,Resource Graph,raw,list with caveat,Preserved from uploaded documents/text. Context:
IDX02035,Raw URL lead - charmverse.io,Projects Initiative,Projects Initiatives,https://www.charmverse.io/,resource_registry_v0_2,1,,Resource Graph,raw,list with caveat,Preserved from uploaded documents/text. Context:
IDX02036,Raw URL lead - charmverse.io,Projects Initiative,Projects Initiatives,https://charmverse.io/,resource_registry_v0_2,1,,Resource Graph,raw,list with caveat,Preserved from uploaded documents/text. Context:
IDX02037,Raw URL lead - cibc.notion.site,Projects Initiative,Projects Initiatives,https://cibc.notion.site/?v=b83342e86b118318b92608e47b42567e,resource_registry_v0_2,1,,Resource Graph,raw,list with caveat,Preserved from uploaded documents/text. Context:
IDX02038,Raw URL lead - cibc.notion.site,Projects Initiative,Projects Initiatives,https://cibc.notion.site/,resource_registry_v0_2,1,,Resource Graph,raw,list with caveat,Preserved from uploaded documents/text. Context:
IDX02039,Raw URL lead - cognitive-edge.com,Projects Initiative,Projects Initiatives,https://cognitive-edge.com/sensemaker/,resource_registry_v0_2,4,,Resource Graph,raw,list with caveat,Preserved from uploaded documents/text. Context:
IDX02040,Raw URL lead - collab.land,Projects Initiative,Projects Initiatives,https://www.collab.land/,resource_registry_v0_2,1,,Resource Graph,raw,list with caveat,Preserved from uploaded documents/text. Context:
IDX02041,Raw URL lead - communitiesforfuture.org,Organizations Network,Organizations Networks,https://communitiesforfuture.org/,resource_registry_v0_2,2,,Resource Graph,raw,list with caveat,Preserved from uploaded documents/text. Context:
IDX02042,Raw URL lead - crossref.org,Organizations Network,Organizations Networks,https://www.crossref.org/,resource_registry_v0_2,2,,Resource Graph,raw,list with caveat,Preserved from uploaded documents/text. Context:
IDX02043,Raw URL lead - deepmind.google,Projects Initiative,Projects Initiatives,https://deepmind.google/models/gemma/,resource_registry_v0_2,1,,Resource Graph,raw,list with caveat,Preserved from uploaded documents/text. Context:
IDX02044,Raw URL lead - demnext.org,Organizations Network,Organizations Networks,https://www.demnext.org/,resource_registry_v0_2,2,,Resource Graph,raw,list with caveat,Preserved from uploaded documents/text. Context:
IDX02045,Raw URL lead - desci.world,Projects Initiative,Projects Initiatives,https://www.desci.world/,resource_registry_v0_2,2,,Resource Graph,raw,list with caveat,Preserved from uploaded documents/text. Context:
IDX02046,Raw URL lead - desciasia.org,Organizations Network,Organizations Networks,https://desciasia.org/,resource_registry_v0_2,1,,Resource Graph,raw,list with caveat,Preserved from uploaded documents/text. Context:
IDX02047,Raw URL lead - designjustice.org,Organizations Network,Organizations Networks,https://designjustice.org/,resource_registry_v0_2,2,,Resource Graph,raw,list with caveat,Preserved from uploaded documents/text. Context:
IDX02048,Raw URL lead - designkit.org,Organizations Network,Organizations Networks,https://www.designkit.org/,resource_registry_v0_2,1,,Resource Graph,raw,list with caveat,Preserved from uploaded documents/text. Context:
IDX02049,Raw URL lead - designscience.studio,Projects Initiative,Projects Initiatives,https://www.designscience.studio/,resource_registry_v0_2,1,,Resource Graph,raw,list with caveat,Preserved from uploaded documents/text. Context:
IDX02050,Raw URL lead - devonzuegel.com,Projects Initiative,Projects Initiatives,https://devonzuegel.com/,resource_registry_v0_2,2,,Resource Graph,raw,list with caveat,Preserved from uploaded documents/text. Context:
IDX02051,Raw URL lead - dgraph.io,Projects Initiative,Projects Initiatives,https://dgraph.io/,resource_registry_v0_2,1,,Resource Graph,raw,list with caveat,Preserved from uploaded documents/text. Context:
IDX02052,Raw URL lead - docusaurus.io,Projects Initiative,Projects Initiatives,https://docusaurus.io/,resource_registry_v0_2,1,,Resource Graph,raw,list with caveat,Preserved from uploaded documents/text. Context:
IDX02053,Raw URL lead - dublincore.org,Organizations Network,Organizations Networks,https://www.dublincore.org/,resource_registry_v0_2,1,,Resource Graph,raw,list with caveat,Preserved from uploaded documents/text. Context:
IDX02054,Raw URL lead - egregore.xyz,Projects Initiative,Projects Initiatives,https://egregore.xyz/,resource_registry_v0_2,1,,Resource Graph,raw,list with caveat,Preserved from uploaded documents/text. Context:
IDX02055,Raw URL lead - elicit.com,Projects Initiative,Projects Initiatives,https://elicit.com/,resource_registry_v0_2,2,,Resource Graph,raw,list with caveat,Preserved from uploaded documents/text. Context:
IDX02056,Raw URL lead - ethglobal.com,Projects Initiative,Projects Initiatives,https://ethglobal.com/,resource_registry_v0_2,1,,Resource Graph,raw,list with caveat,Preserved from uploaded documents/text. Context:
IDX02057,Raw URL lead - farmos.org,Organizations Network,Organizations Networks,https://farmos.org/,resource_registry_v0_2,1,,Resource Graph,raw,list with caveat,Preserved from uploaded documents/text. Context:
IDX02058,Raw URL lead - feynman.is,Projects Initiative,Projects Initiatives,https://www.feynman.is/,resource_registry_v0_2,1,,Resource Graph,raw,list with caveat,Preserved from uploaded documents/text. Context:
IDX02059,Raw URL lead - figma.com,Projects Initiative,Projects Initiatives,https://www.figma.com/figjam/,resource_registry_v0_2,1,,Resource Graph,raw,list with caveat,Preserved from uploaded documents/text. Context:
IDX02060,Raw URL lead - foambubble.github.io,Repositories Codebase,Repositories Codebases,https://foambubble.github.io/foam/,resource_registry_v0_2,1,,Resource Graph,raw,list with caveat,Preserved from uploaded documents/text. Context:
IDX02061,Raw URL lead - folk.care,Projects Initiative,Projects Initiatives,https://folk.care/,resource_registry_v0_2,1,,Resource Graph,raw,list with caveat,Preserved from uploaded documents/text. Context:
IDX02062,Raw URL lead - folk.org,Organizations Network,Organizations Networks,https://folk.org/,resource_registry_v0_2,1,,Resource Graph,raw,list with caveat,Preserved from uploaded documents/text. Context:
IDX02063,Raw URL lead - folktechnology.org,Organizations Network,Organizations Networks,https://folktechnology.org/,resource_registry_v0_2,1,,Resource Graph,raw,list with caveat,Preserved from uploaded documents/text. Context:
IDX02064,Raw URL lead - gephi.org,Organizations Network,Organizations Networks,https://gephi.org/,resource_registry_v0_2,1,,Resource Graph,raw,list with caveat,Preserved from uploaded documents/text. Context:
IDX02065,Raw URL lead - git-scm.com,Projects Initiative,Projects Initiatives,https://git-scm.com/,resource_registry_v0_2,1,,Resource Graph,raw,list with caveat,Preserved from uploaded documents/text. Context:
IDX02066,Raw URL lead - gitbook.com,Books Papers Articles Report,Books Papers Articles Reports,https://www.gitbook.com/,resource_registry_v0_2,1,,Resource Graph,raw,list with caveat,Preserved from uploaded documents/text. Context:
IDX02067,Raw URL lead - github.com,Repositories Codebase,Repositories Codebases,https://github.com/HKUDS/LightRAG,resource_registry_v0_2,1,,Resource Graph,raw,list with caveat,Preserved from uploaded documents/text. Context:
IDX02068,Raw URL lead - goldstandard.org,Organizations Network,Organizations Networks,https://www.goldstandard.org/,resource_registry_v0_2,1,,Resource Graph,raw,list with caveat,Preserved from uploaded documents/text. Context:
IDX02069,Raw URL lead - greengoods.app,Tools Protocols Platform,Tools Protocols Platforms,https://www.greengoods.app/,resource_registry_v0_2,2,,Resource Graph,raw,list with caveat,Preserved from uploaded documents/text. Context:
IDX02070,Raw URL lead - greensci.pages.dev,Projects Initiative,Projects Initiatives,https://greensci.pages.dev/,resource_registry_v0_2,1,,Resource Graph,raw,list with caveat,Preserved from uploaded documents/text. Context:
IDX02071,Raw URL lead - hardhat.org,Organizations Network,Organizations Networks,https://hardhat.org/,resource_registry_v0_2,1,,Resource Graph,raw,list with caveat,Preserved from uploaded documents/text. Context:
IDX02072,Raw URL lead - holacracy.org,Organizations Network,Organizations Networks,https://www.holacracy.org/,resource_registry_v0_2,1,,Resource Graph,raw,list with caveat,Preserved from uploaded documents/text. Context:
IDX02073,Raw URL lead - hylo.com,Projects Initiative,Projects Initiatives,https://www.hylo.com/,resource_registry_v0_2,1,,Resource Graph,raw,list with caveat,Preserved from uploaded documents/text. Context:
IDX02074,Raw URL lead - hylo.com,Projects Initiative,Projects Initiatives,https://www.hylo.com/map,resource_registry_v0_2,1,,Resource Graph,raw,list with caveat,Preserved from uploaded documents/text. Context:
IDX02075,Raw URL lead - jokerace.io,Projects Initiative,Projects Initiatives,https://jokerace.io/,resource_registry_v0_2,1,,Resource Graph,raw,list with caveat,Preserved from uploaded documents/text. Context:
IDX02076,Raw URL lead - json-ld.org,Organizations Network,Organizations Networks,https://json-ld.org/,resource_registry_v0_2,1,,Resource Graph,raw,list with caveat,Preserved from uploaded documents/text. Context:
IDX02077,Raw URL lead - kbpedia.org,Organizations Network,Organizations Networks,https://www.kbpedia.org/,resource_registry_v0_2,1,,Resource Graph,raw,list with caveat,Preserved from uploaded documents/text. Context:
IDX02078,Raw URL lead - law.stanford.edu,Projects Initiative,Projects Initiatives,https://law.stanford.edu/codex-the-stanford-center-for-legal-informatics/,resource_registry_v0_2,1,,Resource Graph,raw,list with caveat,Preserved from uploaded documents/text. Context:
IDX02079,Raw URL lead - linkml.io,Projects Initiative,Projects Initiatives,https://linkml.io/,resource_registry_v0_2,1,,Resource Graph,raw,list with caveat,Preserved from uploaded documents/text. Context:
IDX02080,Raw URL lead - login.xyz,Projects Initiative,Projects Initiatives,https://login.xyz/,resource_registry_v0_2,1,,Resource Graph,raw,list with caveat,Preserved from uploaded documents/text. Context:
IDX02081,Raw URL lead - loomio.com,Projects Initiative,Projects Initiatives,https://www.loomio.com/,resource_registry_v0_2,1,,Resource Graph,raw,list with caveat,Preserved from uploaded documents/text. Context:
IDX02082,Raw URL lead - luma.com,Projects Initiative,Projects Initiatives,https://luma.com/knpew8g6?tk=Ckx3cF,resource_registry_v0_2,1,,Resource Graph,raw,list with caveat,Preserved from uploaded documents/text. Context:
IDX02083,Raw URL lead - maplibre.org,Datasets Maps Directorie,Datasets Maps Directories,https://maplibre.org/,resource_registry_v0_2,2,,Resource Graph,raw,list with caveat,Preserved from uploaded documents/text. Context:
IDX02084,Raw URL lead - markdownguide.org,Organizations Network,Organizations Networks,https://www.markdownguide.org/,resource_registry_v0_2,1,,Resource Graph,raw,list with caveat,Preserved from uploaded documents/text. Context:
IDX02085,Raw URL lead - metaphorum.org,Organizations Network,Organizations Networks,https://metaphorum.org/viable-system-model/,resource_registry_v0_2,1,,Resource Graph,raw,list with caveat,Preserved from uploaded documents/text. Context:
IDX02086,Raw URL lead - metaprompt.info,Projects Initiative,Projects Initiatives,https://www.metaprompt.info/,resource_registry_v0_2,2,,Resource Graph,raw,list with caveat,Preserved from uploaded documents/text. Context:
IDX02087,Raw URL lead - miro.com,Projects Initiative,Projects Initiatives,https://miro.com/,resource_registry_v0_2,1,,Resource Graph,raw,list with caveat,Preserved from uploaded documents/text. Context:
IDX02088,Raw URL lead - neo4j.com,Projects Initiative,Projects Initiatives,https://neo4j.com/,resource_registry_v0_2,1,,Resource Graph,raw,list with caveat,Preserved from uploaded documents/text. Context:
IDX02089,Raw URL lead - neweconomy.net,Projects Initiative,Projects Initiatives,https://neweconomy.net/,resource_registry_v0_2,1,,Resource Graph,raw,list with caveat,Preserved from uploaded documents/text. Context:
IDX02090,Raw URL lead - notion.com,Projects Initiative,Projects Initiatives,https://www.notion.com/,resource_registry_v0_2,1,,Resource Graph,raw,list with caveat,Preserved from uploaded documents/text. Context:
IDX02091,Raw URL lead - notion.so,Projects Initiative,Projects Initiatives,https://notion.so,resource_registry_v0_2,2,,Resource Graph,raw,list with caveat,Preserved from uploaded documents/text. Context:
IDX02092,Raw URL lead - nym.com,Projects Initiative,Projects Initiatives,https://nym.com/,resource_registry_v0_2,1,,Resource Graph,raw,list with caveat,Preserved from uploaded documents/text. Context:
IDX02093,Raw URL lead - occresearch.org,Organizations Network,Organizations Networks,https://occresearch.org/,resource_registry_v0_2,2,,Resource Graph,raw,list with caveat,Preserved from uploaded documents/text. Context:
IDX02094,Raw URL lead - opencorporates.com,Projects Initiative,Projects Initiatives,https://opencorporates.com/,resource_registry_v0_2,1,,Resource Graph,raw,list with caveat,Preserved from uploaded documents/text. Context:
IDX02095,Raw URL lead - openmined.org,Organizations Network,Organizations Networks,https://www.openmined.org/,resource_registry_v0_2,1,,Resource Graph,raw,list with caveat,Preserved from uploaded documents/text. Context:
IDX02096,Raw URL lead - openownership.org,Organizations Network,Organizations Networks,https://www.openownership.org/,resource_registry_v0_2,1,,Resource Graph,raw,list with caveat,Preserved from uploaded documents/text. Context:
IDX02097,Raw URL lead - openreferral.org,Organizations Network,Organizations Networks,https://openreferral.org/,resource_registry_v0_2,2,,Resource Graph,raw,list with caveat,Preserved from uploaded documents/text. Context:
IDX02098,Raw URL lead - openzeppelin.com,Projects Initiative,Projects Initiatives,https://www.openzeppelin.com/,resource_registry_v0_2,1,,Resource Graph,raw,list with caveat,Preserved from uploaded documents/text. Context:
IDX02099,Raw URL lead - orcid.org,Organizations Network,Organizations Networks,https://orcid.org/,resource_registry_v0_2,2,,Resource Graph,raw,list with caveat,Preserved from uploaded documents/text. Context:
IDX02100,Raw URL lead - ourresearch.org,Organizations Network,Organizations Networks,https://ourresearch.org/,resource_registry_v0_2,1,,Resource Graph,raw,list with caveat,Preserved from uploaded documents/text. Context:
IDX02101,Raw URL lead - p2pfoundation.net,Organizations Network,Organizations Networks,https://p2pfoundation.net/,resource_registry_v0_2,2,,Resource Graph,raw,list with caveat,Preserved from uploaded documents/text. Context:
IDX02102,Raw URL lead - patternlanguage.com,Books Papers Articles Report,Books Papers Articles Reports,https://www.patternlanguage.com/bookstore/a-pattern-language,resource_registry_v0_2,1,,Resource Graph,raw,list with caveat,Preserved from uploaded documents/text. Context:
IDX02103,Raw URL lead - patternlanguage.com,Books Papers Articles Report,Books Papers Articles Reports,https://www.patternlanguage.com/bookstore/the-timeless-way-of-building,resource_registry_v0_2,1,,Resource Graph,raw,list with caveat,Preserved from uploaded documents/text. Context:
IDX02104,Raw URL lead - permaculturenews.org,Organizations Network,Organizations Networks,https://www.permaculturenews.org/,resource_registry_v0_2,1,,Resource Graph,raw,list with caveat,Preserved from uploaded documents/text. Context:
IDX02105,Raw URL lead - planvivo.org,Organizations Network,Organizations Networks,https://www.planvivo.org/,resource_registry_v0_2,1,,Resource Graph,raw,list with caveat,Preserved from uploaded documents/text. Context:
IDX02106,Raw URL lead - polis-labs.org,Organizations Network,Organizations Networks,https://polis-labs.org/,resource_registry_v0_2,1,,Resource Graph,raw,list with caveat,Preserved from uploaded documents/text. Context:
IDX02107,Raw URL lead - publiclab.org,Organizations Network,Organizations Networks,https://publiclab.org/,resource_registry_v0_2,2,,Resource Graph,raw,list with caveat,Preserved from uploaded documents/text. Context:
IDX02108,Raw URL lead - pubpub.org,Organizations Network,Organizations Networks,https://www.pubpub.org/,resource_registry_v0_2,3,,Resource Graph,raw,list with caveat,Preserved from uploaded documents/text. Context:
IDX02109,Raw URL lead - purl.org,Organizations Network,Organizations Networks,http://purl.org/dc/elements/1.1/,resource_registry_v0_2,1,,Resource Graph,raw,list with caveat,Preserved from uploaded documents/text. Context:
IDX02110,Raw URL lead - purl.org,Organizations Network,Organizations Networks,http://purl.org/dc/terms/,resource_registry_v0_2,1,,Resource Graph,raw,list with caveat,Preserved from uploaded documents/text. Context:
IDX02111,Raw URL lead - purl.org,Organizations Network,Organizations Networks,http://purl.org/dc/dcmitype/,resource_registry_v0_2,1,,Resource Graph,raw,list with caveat,Preserved from uploaded documents/text. Context:
IDX02112,Raw URL lead - questbook.app,Books Papers Articles Report,Books Papers Articles Reports,https://questbook.app/,resource_registry_v0_2,1,,Resource Graph,raw,list with caveat,Preserved from uploaded documents/text. Context:
IDX02113,Raw URL lead - radicalxchange.org,Organizations Network,Organizations Networks,https://www.radicalxchange.org/,resource_registry_v0_2,2,,Resource Graph,raw,list with caveat,Preserved from uploaded documents/text. Context:
IDX02114,Raw URL lead - rekt.news,Projects Initiative,Projects Initiatives,https://rekt.news/beanstalk-rekt/,resource_registry_v0_2,1,,Resource Graph,raw,list with caveat,Preserved from uploaded documents/text. Context:
IDX02115,Raw URL lead - researchhub.com,Projects Initiative,Projects Initiatives,https://www.researchhub.com/,resource_registry_v0_2,1,,Resource Graph,raw,list with caveat,Preserved from uploaded documents/text. Context:
IDX02116,Raw URL lead - rssboard.org,Organizations Network,Organizations Networks,https://www.rssboard.org/rss-specification,resource_registry_v0_2,1,,Resource Graph,raw,list with caveat,Preserved from uploaded documents/text. Context:
IDX02117,Raw URL lead - savory.global,Projects Initiative,Projects Initiatives,https://savory.global/,resource_registry_v0_2,1,,Resource Graph,raw,list with caveat,Preserved from uploaded documents/text. Context:
IDX02118,Raw URL lead - schoolofsystemchange.org,Organizations Network,Organizations Networks,https://www.schoolofsystemchange.org/,resource_registry_v0_2,1,,Resource Graph,raw,list with caveat,Preserved from uploaded documents/text. Context:
IDX02119,Raw URL lead - signal.org,Organizations Network,Organizations Networks,https://signal.org/,resource_registry_v0_2,1,,Resource Graph,raw,list with caveat,Preserved from uploaded documents/text. Context:
IDX02120,Raw URL lead - snapshot.org,Organizations Network,Organizations Networks,https://snapshot.org/,resource_registry_v0_2,2,,Resource Graph,raw,list with caveat,Preserved from uploaded documents/text. Context:
IDX02121,Raw URL lead - solidarityeconomy.coop,Projects Initiative,Projects Initiatives,https://www.solidarityeconomy.coop/,resource_registry_v0_2,1,,Resource Graph,raw,list with caveat,Preserved from uploaded documents/text. Context:
IDX02122,Raw URL lead - ssd.eff.org,Organizations Network,Organizations Networks,https://ssd.eff.org/,resource_registry_v0_2,1,,Resource Graph,raw,list with caveat,Preserved from uploaded documents/text. Context:
IDX02123,Raw URL lead - starlight.astro.build,Projects Initiative,Projects Initiatives,https://starlight.astro.build/,resource_registry_v0_2,1,,Resource Graph,raw,list with caveat,Preserved from uploaded documents/text. Context:
IDX02124,Raw URL lead - tally.xyz,Projects Initiative,Projects Initiatives,https://www.tally.xyz/,resource_registry_v0_2,2,,Resource Graph,raw,list with caveat,Preserved from uploaded documents/text. Context:
IDX02125,Raw URL lead - terraso.org,Organizations Network,Organizations Networks,https://terraso.org/,resource_registry_v0_2,2,,Resource Graph,raw,list with caveat,Preserved from uploaded documents/text. Context:
IDX02126,Raw URL lead - thegovlab.org,Organizations Network,Organizations Networks,https://thegovlab.org/,resource_registry_v0_2,2,,Resource Graph,raw,list with caveat,Preserved from uploaded documents/text. Context:
IDX02127,Raw URL lead - theopenmachine.net,Projects Initiative,Projects Initiatives,https://theopenmachine.net/,resource_registry_v0_2,2,,Resource Graph,raw,list with caveat,Preserved from uploaded documents/text. Context:
IDX02128,Raw URL lead - torproject.org,Organizations Network,Organizations Networks,https://www.torproject.org/,resource_registry_v0_2,1,,Resource Graph,raw,list with caveat,Preserved from uploaded documents/text. Context:
IDX02129,Raw URL lead - verra.org,Organizations Network,Organizations Networks,https://verra.org/,resource_registry_v0_2,1,,Resource Graph,raw,list with caveat,Preserved from uploaded documents/text. Context:
IDX02130,Raw URL lead - verra.org,Organizations Network,Organizations Networks,https://verra.org/programs/ccbs/,resource_registry_v0_2,1,,Resource Graph,raw,list with caveat,Preserved from uploaded documents/text. Context:
IDX02131,Raw URL lead - viem.sh,Projects Initiative,Projects Initiatives,https://viem.sh/,resource_registry_v0_2,1,,Resource Graph,raw,list with caveat,Preserved from uploaded documents/text. Context:
IDX02132,Raw URL lead - w3.org,Organizations Network,Organizations Networks,https://www.w3.org/TR/prov-overview/,resource_registry_v0_2,1,,Resource Graph,raw,list with caveat,Preserved from uploaded documents/text. Context:
IDX02133,Raw URL lead - w3.org,Organizations Network,Organizations Networks,https://www.w3.org/RDF/,resource_registry_v0_2,1,,Resource Graph,raw,list with caveat,Preserved from uploaded documents/text. Context:
IDX02134,Raw URL lead - w3.org,Organizations Network,Organizations Networks,https://www.w3.org/TR/vocab-dcat-3/,resource_registry_v0_2,1,,Resource Graph,raw,list with caveat,Preserved from uploaded documents/text. Context:
IDX02135,Raw URL lead - w3.org,Organizations Network,Organizations Networks,https://www.w3.org/TR/activitypub/,resource_registry_v0_2,1,,Resource Graph,raw,list with caveat,Preserved from uploaded documents/text. Context:
IDX02136,Raw URL lead - w3.org,Organizations Network,Organizations Networks,https://www.w3.org/TR/webmention/,resource_registry_v0_2,1,,Resource Graph,raw,list with caveat,Preserved from uploaded documents/text. Context:
IDX02137,Raw URL lead - w3.org,Organizations Network,Organizations Networks,https://www.w3.org/TR/did-core/,resource_registry_v0_2,1,,Resource Graph,raw,list with caveat,Preserved from uploaded documents/text. Context:
IDX02138,Raw URL lead - w3.org,Organizations Network,Organizations Networks,https://www.w3.org/TR/vc-data-model-2.0/,resource_registry_v0_2,1,,Resource Graph,raw,list with caveat,Preserved from uploaded documents/text. Context:
IDX02139,Raw URL lead - wagmi.sh,Projects Initiative,Projects Initiatives,https://wagmi.sh/,resource_registry_v0_2,1,,Resource Graph,raw,list with caveat,Preserved from uploaded documents/text. Context:
IDX02140,Raw URL lead - web.hypothes.is,Projects Initiative,Projects Initiatives,https://web.hypothes.is/,resource_registry_v0_2,1,,Resource Graph,raw,list with caveat,Preserved from uploaded documents/text. Context:
IDX02141,Raw URL lead - x.com,Projects Initiative,Projects Initiatives,https://x.com/i/status/2046444664161800518,resource_registry_v0_2,1,,Resource Graph,raw,list with caveat,Preserved from uploaded documents/text. Context:
IDX02142,Raw URL lead - x.com,Projects Initiative,Projects Initiatives,https://x.com/city_sync,resource_registry_v0_2,2,,Resource Graph,raw,list with caveat,Preserved from uploaded documents/text. Context:
IDX02143,Raw URL lead - yrpri.org,Organizations Network,Organizations Networks,https://yrpri.org/,resource_registry_v0_2,1,,Resource Graph,raw,list with caveat,Preserved from uploaded documents/text. Context:
IDX02144,Raw URL lead - zebrasunite.coop,Projects Initiative,Projects Initiatives,https://zebrasunite.coop/,resource_registry_v0_2,2,,Resource Graph,raw,list with caveat,Preserved from uploaded documents/text. Context:
IDX02145,Raw URL lead - zenodo.org,Organizations Network,Organizations Networks,https://zenodo.org/,resource_registry_v0_2,3,,Resource Graph,raw,list with caveat,Preserved from uploaded documents/text. Context:
IDX02146,Celo,Projects Initiative,Projects Initiatives,https://www.celo.org/,resource_registry_v0_2,,,Resource Graph,raw,list with caveat,
IDX02147,GreenPill Network,Organizations Network,Organizations Networks,https://greenpill.network/,resource_registry_v0_2,,,Resource Graph,raw,list with caveat,
IDX02148,ReFi DAO,Organizations Network,Organizations Networks,https://refidao.com/,resource_registry_v0_2,,,Resource Graph,raw,list with caveat,
IDX02149,Open Forest Protocol,Tools Protocols Platform,Tools Protocols Platforms,https://openforestprotocol.org/,resource_registry_v0_2,,,Resource Graph,raw,list with caveat,
IDX02150,ReFi DAO Localism Finance,Projects Initiative,Projects Initiatives,https://refi-dao.notion.site/localism-finance,resource_registry_v0_2,,,Resource Graph,raw,list with caveat,
IDX02151,Regen Network,Projects Initiative,Projects Initiatives,https://www.regen.network/,resource_registry_v0_2,,,Resource Graph,raw,list with caveat,
IDX02152,Sarafu / Grassroots Economics,Funding Mechanisms Capital Flow,Funding Mechanisms Capital Flows,https://www.grassrootseconomics.org/,resource_registry_v0_2,,,Resource Graph,raw,list with caveat,
IDX02153,Silvi Protocol,Tools Protocols Platform,Tools Protocols Platforms,https://silvi.earth/,resource_registry_v0_2,,,Resource Graph,raw,list with caveat,
IDX02154,Toucan Protocol,Tools Protocols Platform,Tools Protocols Platforms,https://toucan.earth/,resource_registry_v0_2,,,Resource Graph,raw,list with caveat,
IDX02155,Carbon Copy,Datasets Maps Directorie,Datasets Maps Directories,https://carboncopy.news/refi/projects,resource_registry_v0_2,,,Resource Graph,raw,list with caveat,
IDX02156,Carbon Copy ReFi Projects,Datasets Maps Directorie,Datasets Maps Directories,https://carboncopy.news/refi/projects,resource_registry_v0_2,,,Resource Graph,raw,list with caveat,
IDX02157,Citizen Wallet,Funding Mechanisms Capital Flow,Funding Mechanisms Capital Flows,https://citizenwallet.xyz/,resource_registry_v0_2,,,Resource Graph,raw,list with caveat,
IDX02158,Climate Collective Web3 Climate Map,Datasets Maps Directorie,Datasets Maps Directories,https://kumu.io/climate-collective/web3-climate-map#main,resource_registry_v0_2,,,Resource Graph,raw,list with caveat,
IDX02159,Regen Atlas,Datasets Maps Directorie,Datasets Maps Directories,https://www.regenatlas.xyz/,resource_registry_v0_2,,,Resource Graph,raw,list with caveat,
IDX02160,Climate Collective,Organizations Network,Organizations Networks,https://climatecollective.org/,resource_registry_v0_2,,,Resource Graph,raw,list with caveat,
IDX02161,GainForest,Datasets Maps Directorie,Datasets Maps Directories,https://gainforest.earth/,resource_registry_v0_2,,,Resource Graph,raw,list with caveat,
IDX02162,KlimaDAO,Tools Protocols Platform,Tools Protocols Platforms,https://www.klimadao.finance/,resource_registry_v0_2,,,Resource Graph,raw,list with caveat,
IDX02163,Kolektivo,Organizations Network,Organizations Networks,https://www.kolektivo.network/,resource_registry_v0_2,,,Resource Graph,raw,list with caveat,
IDX02164,Agroforest DAO,Datasets Maps Directorie,Datasets Maps Directories,Raw / no canonical link,resource_registry_v0_2,,,Resource Graph,raw,list with caveat,
IDX02165,BioFi,Concepts Frameworks Methodologie,Concepts Frameworks Methodologies,Raw / no canonical link,resource_registry_v0_2,,,Resource Graph,raw,list with caveat,
IDX02166,Change Code,Projects Initiative,Projects Initiatives,https://www.changecode.io/,resource_registry_v0_2,,,Resource Graph,raw,list with caveat,
IDX02167,Chones,Projects Initiative,Projects Initiatives,https://chones.xyz/,resource_registry_v0_2,,,Resource Graph,raw,list with caveat,
IDX02168,Eco-Bridge,Projects Initiative,Projects Initiatives,Raw / no canonical link,resource_registry_v0_2,,,Resource Graph,raw,list with caveat,
IDX02169,EcoFrontiers,Projects Initiative,Projects Initiatives,https://ecofrontiers.xyz/,resource_registry_v0_2,,,Resource Graph,raw,list with caveat,
IDX02170,Hummingbird / HUM,Organizations Network,Organizations Networks,https://hum.community/,resource_registry_v0_2,,,Resource Graph,raw,list with caveat,
IDX02171,Kokonut Network,Organizations Network,Organizations Networks,Raw / no canonical link,resource_registry_v0_2,,,Resource Graph,raw,list with caveat,
IDX02172,LocalScale,Tools Protocols Platform,Tools Protocols Platforms,https://localscale.org/,resource_registry_v0_2,,,Resource Graph,raw,list with caveat,
IDX02173,Ma Earth,Projects Initiative,Projects Initiatives,Raw / no canonical link,resource_registry_v0_2,,,Resource Graph,raw,list with caveat,
IDX02174,Ninit / Pollination Station,Projects Initiative,Projects Initiatives,Raw / no canonical link,resource_registry_v0_2,,,Resource Graph,raw,list with caveat,
IDX02175,Regen Network Compute,Projects Initiative,Projects Initiatives,https://compute.regen.network/,resource_registry_v0_2,,,Resource Graph,raw,list with caveat,
IDX02176,Regen Tribe,Organizations Network,Organizations Networks,https://regentribe.org/,resource_registry_v0_2,,,Resource Graph,raw,list with caveat,
IDX02177,Regeneration Pollination,Projects Initiative,Projects Initiatives,https://www.regenerationpollination.earth/,resource_registry_v0_2,,,Resource Graph,raw,list with caveat,
IDX02178,ReRe,Concepts Frameworks Methodologie,Concepts Frameworks Methodologies,Raw / no canonical link,resource_registry_v0_2,,,Resource Graph,raw,list with caveat,
IDX02179,RIFAI Sicilia Regenerative Residency,Books Papers Articles Report,Books Papers Articles Reports,https://paragraph.com/@regen-avocado/rifai-sicilia-regenerative-residency,resource_registry_v0_2,,,Resource Graph,raw,list with caveat,
IDX02180,Sicily Bioregional Portfolio Business Plan,Books Papers Articles Report,Books Papers Articles Reports,https://paragraph.com/@regen-avocado/sicily-bioregional-portfolio-business-plan,resource_registry_v0_2,,,Resource Graph,raw,list with caveat,
IDX02181,Tribes Platform,Tools Protocols Platform,Tools Protocols Platforms,https://tribesplatform.app/,resource_registry_v0_2,,,Resource Graph,raw,list with caveat,
IDX02182,Biomimicry,Books Papers Articles Report,Books Papers Articles Reports,https://biomimicry.org/janine-benyus/,resource_registry_v0_2,,,Resource Graph,raw,list with caveat,
IDX02183,Braiding Sweetgrass,Books Papers Articles Report,Books Papers Articles Reports,https://milkweed.org/book/braiding-sweetgrass,resource_registry_v0_2,,,Resource Graph,raw,list with caveat,
IDX02184,Designing Regenerative Cultures,Books Papers Articles Report,Books Papers Articles Reports,https://www.triarchypress.net/drc.html,resource_registry_v0_2,,,Resource Graph,raw,list with caveat,
IDX02185,Doughnut Economics,Books Papers Articles Report,Books Papers Articles Reports,https://www.kateraworth.com/doughnut/,resource_registry_v0_2,,,Resource Graph,raw,list with caveat,
IDX02186,Doughnut Economics Action Lab,Projects Initiative,Projects Initiatives,https://doughnuteconomics.org/,resource_registry_v0_2,,,Resource Graph,raw,list with caveat,
IDX02187,Permaculture: A Designers’ Manual,Books Papers Articles Report,Books Papers Articles Reports,https://tagari.com/product/permaculture-a-designers-manual/,resource_registry_v0_2,,,Resource Graph,raw,list with caveat,
IDX02188,Regenerative Design Foundation,Concepts Frameworks Methodologie,Concepts Frameworks Methodologies,Internal / uploaded doc,resource_registry_v0_2,,,Resource Graph,raw,list with caveat,
IDX02189,Regenerative Development and Design,Books Papers Articles Report,Books Papers Articles Reports,https://regenesisgroup.com/,resource_registry_v0_2,,,Resource Graph,raw,list with caveat,
IDX02190,Solarpunk Manifesto,Projects Initiative,Projects Initiatives,https://www.re-des.org/a-solarpunk-manifesto/,resource_registry_v0_2,,,Resource Graph,raw,list with caveat,
IDX02191,Transition Network,Organizations Network,Organizations Networks,https://transitionnetwork.org/,resource_registry_v0_2,,,Resource Graph,raw,list with caveat,
IDX02192,8 Principles of a Regenerative Economy,Tools Protocols Platform,Tools Protocols Platforms,https://capitalinstitute.org/8-principles-regenerative-economy/,resource_registry_v0_2,,,Resource Graph,raw,list with caveat,
IDX02193,Design for Sustainability,Projects Initiative,Projects Initiatives,https://designforsustainability.medium.com/,resource_registry_v0_2,,,Resource Graph,raw,list with caveat,
IDX02194,Design Justice,Books Papers Articles Report,Books Papers Articles Reports,https://designjustice.mitpress.mit.edu/,resource_registry_v0_2,,,Resource Graph,raw,list with caveat,
IDX02195,"Free, Fair and Alive",Books Papers Articles Report,Books Papers Articles Reports,https://freefairandalive.org/,resource_registry_v0_2,,,Resource Graph,raw,list with caveat,
IDX02196,Holistic Management,Concepts Frameworks Methodologie,Concepts Frameworks Methodologies,https://savory.global/holistic-management/,resource_registry_v0_2,,,Resource Graph,raw,list with caveat,
IDX02197,Operating Manual for Spaceship Earth,Books Papers Articles Report,Books Papers Articles Reports,https://www.lars-mueller-publishers.com/operating-manual-for-spaceship-earth,resource_registry_v0_2,,,Resource Graph,raw,list with caveat,
IDX02198,Regenerative Business,Books Papers Articles Report,Books Papers Articles Reports,https://carolsanford.com/books/the-regenerative-business/,resource_registry_v0_2,,,Resource Graph,raw,list with caveat,
IDX02199,Regenerative Capitalism,Tools Protocols Platform,Tools Protocols Platforms,https://capitalinstitute.org/regenerative-capitalism/,resource_registry_v0_2,,,Resource Graph,raw,list with caveat,
IDX02200,Sand Talk,Books Papers Articles Report,Books Papers Articles Reports,https://www.harpercollins.com/products/sand-talk-tyson-yunkaporta,resource_registry_v0_2,,,Resource Graph,raw,list with caveat,
IDX02201,The Hidden Architecture of Human Systems,Books Papers Articles Report,Books Papers Articles Reports,https://paragraph.com/@holonic-horizons/the-hidden-architecture-of-human-systems-how-complexity-organizes-itself-through-tensegrity,resource_registry_v0_2,,,Resource Graph,raw,list with caveat,
IDX02202,Regen Learnings,Tools Protocols Platform,Tools Protocols Platforms,https://regenlearnings.xyz/,resource_registry_v0_2,,,Resource Graph,raw,list with caveat,
IDX02203,Regenerative Tech Resources,Projects Initiative,Projects Initiatives,https://www.regentech.co/regenerative-tech-resources/,resource_registry_v0_2,,,Resource Graph,raw,list with caveat,
IDX02204,7th Generation Design,Organizations Network,Organizations Networks,https://www.7thgenerationdesign.com/,resource_registry_v0_2,,,Resource Graph,raw,list with caveat,
IDX02205,Bioregional Learning Centre,Organizations Network,Organizations Networks,https://bioregion.org.uk/,resource_registry_v0_2,,,Resource Graph,raw,list with caveat,
IDX02206,Ecological Design Institute,Projects Initiative,Projects Initiatives,https://www.ecologicaldesigninstitute.org/,resource_registry_v0_2,,,Resource Graph,raw,list with caveat,
IDX02207,Fearless Cities,Organizations Network,Organizations Networks,https://fearlesscities.com/,resource_registry_v0_2,,,Resource Graph,raw,list with caveat,
IDX02208,Global Ecovillage Network,Organizations Network,Organizations Networks,https://ecovillage.org/,resource_registry_v0_2,,,Resource Graph,raw,list with caveat,
IDX02209,One Earth,Organizations Network,Organizations Networks,https://www.oneearth.org/,resource_registry_v0_2,,,Resource Graph,raw,list with caveat,
IDX02210,The Responsible Business,Books Papers Articles Report,Books Papers Articles Reports,https://carolsanford.com/books/the-responsible-business/,resource_registry_v0_2,,,Resource Graph,raw,list with caveat,
IDX02211,Traditional Dream Factory,Projects Initiative,Projects Initiatives,https://www.traditionaldreamfactory.com/,resource_registry_v0_2,,,Resource Graph,raw,list with caveat,
IDX02212,GEN Ukraine,Organizations Network,Organizations Networks,https://genukraine.com.ua/,resource_registry_v0_2,,,Resource Graph,raw,list with caveat,
IDX02213,P2P Foundation,Concepts Frameworks Methodologie,Concepts Frameworks Methodologies,https://p2pfoundation.net/,resource_registry_v0_2,,,Resource Graph,raw,list with caveat,"Added as a reviewable expansion lead; verify fit, URL, and priority before treating as curated."
IDX02214,Regen Foundation,Organizations Network,Organizations Networks,https://www.regen.foundation/,resource_registry_v0_2,,,Resource Graph,raw,list with caveat,"Added as a reviewable expansion lead; verify fit, URL, and priority before treating as curated."
IDX02215,Commons Transition,Concepts Frameworks Methodologie,Concepts Frameworks Methodologies,https://commonstransition.org/,resource_registry_v0_2,,,Resource Graph,raw,list with caveat,"Added as a reviewable expansion lead; verify fit, URL, and priority before treating as curated."
IDX02216,Grassroots Economics,Funding Mechanisms Capital Flow,Funding Mechanisms Capital Flows,https://www.grassecon.org/,resource_registry_v0_2,,,Resource Graph,raw,list with caveat,"Added as a reviewable expansion lead; verify fit, URL, and priority before treating as curated."
IDX02217,Hylo,Tools Protocols Platform,Tools Protocols Platforms,https://www.hylo.com/,resource_registry_v0_2,,,Resource Graph,raw,list with caveat,"Added as a reviewable expansion lead; verify fit, URL, and priority before treating as curated."
IDX02218,OpenTEAM,Organizations Network,Organizations Networks,https://openteam.community/,resource_registry_v0_2,,,Resource Graph,raw,list with caveat,"Added as a reviewable expansion lead; verify fit, URL, and priority before treating as curated."
IDX02219,Sarafu Network,Funding Mechanisms Capital Flow,Funding Mechanisms Capital Flows,https://sarafu.network/,resource_registry_v0_2,,,Resource Graph,raw,list with caveat,"Added as a reviewable expansion lead; verify fit, URL, and priority before treating as curated."
IDX02220,CARBON Copy ReFi,Projects Initiative,Projects Initiatives,https://x.com/CC_ReFi_News,resource_registry_v0_2,34,,Resource Graph,raw,list with caveat,"Auto-extracted account lead from Twitter archive. Counts are mention/retweet signals, not endorsement."
IDX02221,Carbonmark,Projects Initiative,Projects Initiatives,https://x.com/carbonmarkcom,resource_registry_v0_2,3,,Resource Graph,raw,list with caveat,"Auto-extracted account lead from Twitter archive. Counts are mention/retweet signals, not endorsement."
IDX02222,GainForest.Earth,Datasets Maps Directorie,Datasets Maps Directories,https://x.com/GainForestNow,resource_registry_v0_2,6,,Resource Graph,raw,list with caveat,"Auto-extracted account lead from Twitter archive. Counts are mention/retweet signals, not endorsement."
IDX02223,glocal VR,Projects Initiative,Projects Initiatives,https://x.com/VRSS,resource_registry_v0_2,1,,Resource Graph,raw,list with caveat,"Auto-extracted account lead from Twitter archive. Counts are mention/retweet signals, not endorsement."
IDX02224,Grassroots Economics,Projects Initiative,Projects Initiatives,https://x.com/grassEcon,resource_registry_v0_2,3,,Resource Graph,raw,list with caveat,"Auto-extracted account lead from Twitter archive. Counts are mention/retweet signals, not endorsement."
IDX02225,Helios ☀️=💰,Projects Initiative,Projects Initiatives,https://x.com/HeliosReFi,resource_registry_v0_2,1,,Resource Graph,raw,list with caveat,"Auto-extracted account lead from Twitter archive. Counts are mention/retweet signals, not endorsement."
IDX02226,Jerri 🌱DeFi to ReFi to Regen 🌎🍄🧠,Projects Initiative,Projects Initiatives,https://x.com/jerri_nft,resource_registry_v0_2,2,,Resource Graph,raw,list with caveat,"Auto-extracted account lead from Twitter archive. Counts are mention/retweet signals, not endorsement."
IDX02227,Locale Network 🏡,Projects Initiative,Projects Initiatives,https://x.com/LocaleNet,resource_registry_v0_2,1,,Resource Graph,raw,list with caveat,"Auto-extracted account lead from Twitter archive. Counts are mention/retweet signals, not endorsement."
IDX02228,Localism Fund,Projects Initiative,Projects Initiatives,https://x.com/localismfund,resource_registry_v0_2,3,,Resource Graph,raw,list with caveat,"Auto-extracted account lead from Twitter archive. Counts are mention/retweet signals, not endorsement."
IDX02229,LocalScale,Projects Initiative,Projects Initiatives,https://x.com/localscale,resource_registry_v0_2,5,,Resource Graph,raw,list with caveat,"Auto-extracted account lead from Twitter archive. Counts are mention/retweet signals, not endorsement."
IDX02230,Mar.celo.eth,Projects Initiative,Projects Initiatives,https://x.com/MarceloReFi,resource_registry_v0_2,1,,Resource Graph,raw,list with caveat,"Auto-extracted account lead from Twitter archive. Counts are mention/retweet signals, not endorsement."
IDX02231,Pathways to Regeneration,Projects Initiative,Projects Initiatives,https://x.com/paths2regen,resource_registry_v0_2,5,,Resource Graph,raw,list with caveat,"Auto-extracted account lead from Twitter archive. Counts are mention/retweet signals, not endorsement."
IDX02232,ReFi Barcelona,Projects Initiative,Projects Initiatives,https://x.com/ReFiBCN,resource_registry_v0_2,1,,Resource Graph,raw,list with caveat,"Auto-extracted account lead from Twitter archive. Counts are mention/retweet signals, not endorsement."
IDX02233,ReFi Colombia,Projects Initiative,Projects Initiatives,https://x.com/RefiColombia,resource_registry_v0_2,3,,Resource Graph,raw,list with caveat,"Auto-extracted account lead from Twitter archive. Counts are mention/retweet signals, not endorsement."
IDX02234,ReFi Italia 🇮🇹 🌳,Projects Initiative,Projects Initiatives,https://x.com/ReFi_Italia,resource_registry_v0_2,1,,Resource Graph,raw,list with caveat,"Auto-extracted account lead from Twitter archive. Counts are mention/retweet signals, not endorsement."
IDX02235,ReFi Lagos 🌴,Projects Initiative,Projects Initiatives,https://x.com/ReFiLagos01,resource_registry_v0_2,1,,Resource Graph,raw,list with caveat,"Auto-extracted account lead from Twitter archive. Counts are mention/retweet signals, not endorsement."
IDX02236,"ReFi Medellín (🌳, 🌱)",Projects Initiative,Projects Initiatives,https://x.com/ReFiMedellin,resource_registry_v0_2,1,,Resource Graph,raw,list with caveat,"Auto-extracted account lead from Twitter archive. Counts are mention/retweet signals, not endorsement."
IDX02237,ReFi Mediterranean,Projects Initiative,Projects Initiatives,https://x.com/Refi_Med,resource_registry_v0_2,1,,Resource Graph,raw,list with caveat,"Auto-extracted account lead from Twitter archive. Counts are mention/retweet signals, not endorsement."
IDX02238,Regen Atlas,Datasets Maps Directorie,Datasets Maps Directories,https://x.com/theregenatlas,resource_registry_v0_2,3,,Resource Graph,raw,list with caveat,"Auto-extracted account lead from Twitter archive. Counts are mention/retweet signals, not endorsement."
IDX02239,Regen Foundation,Projects Initiative,Projects Initiatives,https://x.com/RegenFdn,resource_registry_v0_2,2,,Resource Graph,raw,list with caveat,"Auto-extracted account lead from Twitter archive. Counts are mention/retweet signals, not endorsement."
IDX02240,Regen Network,Projects Initiative,Projects Initiatives,https://x.com/regen_network,resource_registry_v0_2,23,,Resource Graph,raw,list with caveat,"Auto-extracted account lead from Twitter archive. Counts are mention/retweet signals, not endorsement."
IDX02241,Regen Network Development (RND),Projects Initiative,Projects Initiatives,https://x.com/RegenNetworkDev,resource_registry_v0_2,1,,Resource Graph,raw,list with caveat,"Auto-extracted account lead from Twitter archive. Counts are mention/retweet signals, not endorsement."
IDX02242,Regen Tokenomics,Projects Initiative,Projects Initiatives,https://x.com/Regentokenomics,resource_registry_v0_2,3,,Resource Graph,raw,list with caveat,"Auto-extracted account lead from Twitter archive. Counts are mention/retweet signals, not endorsement."
IDX02243,regenavocado,Projects Initiative,Projects Initiatives,https://x.com/regenavocado,resource_registry_v0_2,10,,Resource Graph,raw,list with caveat,"Auto-extracted account lead from Twitter archive. Counts are mention/retweet signals, not endorsement."
IDX02244,RegenBuild 🏡,Projects Initiative,Projects Initiatives,https://x.com/regenbuild,resource_registry_v0_2,1,,Resource Graph,raw,list with caveat,"Auto-extracted account lead from Twitter archive. Counts are mention/retweet signals, not endorsement."
IDX02245,Regens Unite 🌱✨,Events Conferences Gathering,Events Conferences Gatherings,https://x.com/regensunite,resource_registry_v0_2,2,,Resource Graph,raw,list with caveat,"Auto-extracted account lead from Twitter archive. Counts are mention/retweet signals, not endorsement."
IDX02246,Rene ◘,Projects Initiative,Projects Initiatives,https://x.com/RegenRene,resource_registry_v0_2,3,,Resource Graph,raw,list with caveat,"Auto-extracted account lead from Twitter archive. Counts are mention/retweet signals, not endorsement."
IDX02247,Sara Johnstone,Projects Initiative,Projects Initiatives,https://x.com/regensolarpunk,resource_registry_v0_2,2,,Resource Graph,raw,list with caveat,"Auto-extracted account lead from Twitter archive. Counts are mention/retweet signals, not endorsement."
IDX02248,tmo | nature coiner,Projects Initiative,Projects Initiatives,https://x.com/tmoindustries,resource_registry_v0_2,6,,Resource Graph,raw,list with caveat,"Auto-extracted account lead from Twitter archive. Counts are mention/retweet signals, not endorsement."
IDX02249,UN Biodiversity,Projects Initiative,Projects Initiatives,https://x.com/UNBiodiversity,resource_registry_v0_2,1,,Resource Graph,raw,list with caveat,"Auto-extracted account lead from Twitter archive. Counts are mention/retweet signals, not endorsement."
IDX02250,URL lead - adjacentpossiblemycelium.earth,Organizations Network,Organizations Networks,https://adjacentpossiblemycelium.earth,resource_registry_v0_2,1,,Resource Graph,raw,list with caveat,"Auto-extracted URL lead from Twitter archive. Context: RT @mbauwens: An update on mycelial networks:

By Bobby Fishkin [https://t.co/8R8IFRmFLo]:

*  llja Panic,  created  https://t.co/3oYTsRUSv…"
IDX02251,URL lead - app.t2.world,Tools Protocols Platform,Tools Protocols Platforms,https://app.t2.world/article/cmbuodxit01z110hd6vd9bl6t,resource_registry_v0_2,1,,Resource Graph,raw,list with caveat,"Auto-extracted URL lead from Twitter archive. Context: RT @bonfiresai: Light up the Dark Forest, baby

https://t.co/vRljfvL1qQ

Ethereum as Cosmolocal Infrastructure by @desciworld, for Bonfires."
IDX02252,URL lead - app.t2.world,Tools Protocols Platform,Tools Protocols Platforms,https://app.t2.world/t/cosmolocalism/explore,resource_registry_v0_2,1,,Resource Graph,raw,list with caveat,"Auto-extracted URL lead from Twitter archive. Context: RT @DeSciWorld: Please read the important work of Michel on Cosmolocalism. 

https://t.co/buVrXkDIjz

We opened a @t2wrld Territory to expl…"
IDX02253,URL lead - bambualportugal.pt,Projects Initiative,Projects Initiatives,https://bambualportugal.pt/wp-content/uploads/2024/11/DEGUSTACAO-Syntropic-Agriculture.pdf,resource_registry_v0_2,1,,Resource Graph,raw,list with caveat,Auto-extracted URL lead from Twitter archive. Context: RT @regenavocado: Read the full text here https://t.co/CvWeYDFHBE
IDX02254,URL lead - bloomnetwork.earth,Organizations Network,Organizations Networks,http://bloomnetwork.earth/communityposts,resource_registry_v0_2,1,,Resource Graph,raw,list with caveat,"Auto-extracted URL lead from Twitter archive. Context: RT @OurBloomNetwork: There are so many new impact reports on https://t.co/ML8Ac9upuK !!!! 

We're nearing the end of the reporting deadline…"
IDX02255,URL lead - carboncopy.news,Tools Protocols Platform,Tools Protocols Platforms,https://carboncopy.news/content/web3-tooling-series/the-recommendation,resource_registry_v0_2,1,,Resource Graph,raw,list with caveat,"Auto-extracted URL lead from Twitter archive. Context: ReFi innovation is found in the simple tools that enable long-term impact.

Part 3 of our series offers recommendations for builders and community stewards that prioritize human-centered design.

https://t.co/tnZbdi9Z5m https://t.co/RVQsN9XFgs"
IDX02256,URL lead - carboncopy.news,Books Papers Articles Report,Books Papers Articles Reports,https://carboncopy.news/features/interview-louise-borreani-pat-rawson-ecofrontiers-green-crypto-handbook-part-two/,resource_registry_v0_2,1,,Resource Graph,raw,list with caveat,"Auto-extracted URL lead from Twitter archive. Context: RT @CC_ReFi_News: As promised, part 2 of @TrinityMorphy's interview with @LBorreani and @papa_raw!

https://t.co/EoeZj2TxlL"
IDX02257,URL lead - earthweavers.substack.com,Projects Initiative,Projects Initiatives,https://earthweavers.substack.com/p/soilpunk-for-a-regenerative-future,resource_registry_v0_2,1,,Resource Graph,raw,list with caveat,"Auto-extracted URL lead from Twitter archive. Context: RT @zkMenno: Soil punk 🤝 Solarpunk 

https://t.co/0dnjyNyWOw"
IDX02258,URL lead - ecologyandsociety.org,Organizations Network,Organizations Networks,https://ecologyandsociety.org/vol27/iss3/art21/,resource_registry_v0_2,1,,Resource Graph,raw,list with caveat,"Auto-extracted URL lead from Twitter archive. Context: RT @omniharmonic: look ma, a new model validating the underlying premises of self-organizing living systems

https://t.co/m0MCzV8Guk https:…"
IDX02259,URL lead - forms.gle,Tools Protocols Platform,Tools Protocols Platforms,https://forms.gle/ptMdrioiHnfsEFxCA,resource_registry_v0_2,1,,Resource Graph,raw,list with caveat,"Auto-extracted URL lead from Twitter archive. Context: We're making a push to gather data on tools regen communities utilize for a series on @CC_ReFi_News 📰

Please fill out this survey to guide our report and enter the raffle 🎫

🤝Research in collaboration w/ @greenpilldevs and next will be interviews

https://t.co/qCd1fyAJnC"
IDX02260,URL lead - forms.gle,Tools Protocols Platform,Tools Protocols Platforms,https://forms.gle/GCSrYqtKif961jc58,resource_registry_v0_2,1,,Resource Graph,raw,list with caveat,"Auto-extracted URL lead from Twitter archive. Context: Gm 👋 We're collaborating with @greenpilldevs to research the tools regen communities utilize and will be publishing a series on @CC_ReFi_News

Please fill out this survey to help guide our report and enter the raffle 🎫

https://t.co/eRoyVG9ptT"
IDX02261,URL lead - forum.regen.network,Projects Initiative,Projects Initiatives,http://forum.regen.network,resource_registry_v0_2,2,,Resource Graph,raw,list with caveat,"Auto-extracted URL lead from Twitter archive. Context: RT @gregory_landua: If you are a regen, and want some inspiration, i recommend you hop into the https://t.co/gsVNGyMAzs and check out the r…"
IDX02262,URL lead - grassecon.substack.com,Tools Protocols Platform,Tools Protocols Platforms,https://grassecon.substack.com/p/gainforest-and-grassroots-economics,resource_registry_v0_2,1,,Resource Graph,raw,list with caveat,"Auto-extracted URL lead from Twitter archive. Context: RT @wor: Happy to see this work with @GainForestNow and @grassecon taking shape. Lovely article:

https://t.co/D2BTWZwvBG"
IDX02263,URL lead - hashcloak.com,Projects Initiative,Projects Initiatives,https://hashcloak.com/blog/how-ethereum-plans-to-replace-bls-with-post-quantum-signatures,resource_registry_v0_2,1,,Resource Graph,raw,list with caveat,"Auto-extracted URL lead from Twitter archive. Context: RT @tcoratger: How Ethereum plans to replace BLS with Post-Quantum signatures by @hashcloak 

https://t.co/12wqb3X9lN"
IDX02264,URL lead - icroa.org,Organizations Network,Organizations Networks,https://icroa.org/carbon-market-conduct-pioneer-passes-on-the-baton/,resource_registry_v0_2,1,,Resource Graph,raw,list with caveat,"Auto-extracted URL lead from Twitter archive. Context: RT @gregory_landua: The carbon market shake out deepens: https://t.co/C0cmUd2SdQ

This is a good sign. The folding of ICROA confirms we are…"
IDX02265,URL lead - klimanews.substack.com,Projects Initiative,Projects Initiatives,https://klimanews.substack.com/p/4,resource_registry_v0_2,1,,Resource Graph,raw,list with caveat,"Auto-extracted URL lead from Twitter archive. Context: RT @N_FT2021: 🌍クリマニュース第4号公開！

特集はReFiメディア  @CC_ReFi_News のリニューアル。
再生金融の成果を「データ」で可視化する新時代へ。

自動車業界のカーボンクレジット事情も注目👀

🔗 https://t.co/sqg7ZfNN1K"
IDX02266,URL lead - localscale.org,Organizations Network,Organizations Networks,https://localscale.org/blog/post.jsp?uid=6mc6a15b-ae3a-48f2-af76-42f8ec0ca025,resource_registry_v0_2,1,,Resource Graph,raw,list with caveat,Auto-extracted URL lead from Twitter archive. Context: RT @localscale: Using a Mutual Credit System to support the development of regenerative local economies https://t.co/DJ4pI9F6kH https://t.c…
IDX02267,URL lead - medium.com,Projects Initiative,Projects Initiatives,https://medium.com/predict/from-code-to-coherence-0977dc80dd87,resource_registry_v0_2,1,,Resource Graph,raw,list with caveat,"Auto-extracted URL lead from Twitter archive. Context: RT @mbauwens: * Andrei Lubalin on Cosmo-localism, from code to coherence

https://t.co/x2Xz27x3nu 

@devlewis18 responds:

""in fact, Michel…"
IDX02268,URL lead - mirror.xyz,Projects Initiative,Projects Initiatives,http://mirror.xyz/gvish.eth/E8MDAxghx66s79cDJ-zYf31xGW7nO3q5wVu_quHIVUQ,resource_registry_v0_2,1,,Resource Graph,raw,list with caveat,Auto-extracted URL lead from Twitter archive. Context: RT @regenbuild: Read more here: https://t.co/EHY8JKVS6F
IDX02269,URL lead - omniharmonic.substack.com,Projects Initiative,Projects Initiatives,https://omniharmonic.substack.com/p/a-regenerative-accelerationist-manifesto,resource_registry_v0_2,1,,Resource Graph,raw,list with caveat,"Auto-extracted URL lead from Twitter archive. Context: RT @mbauwens: And now, on to ...

* Regenerative Accelerationism (r/acc)

https://t.co/6tZuv19P0W?

Benjamin Life:

""This manifesto propose…"
IDX02270,URL lead - paragraph.com,Projects Initiative,Projects Initiatives,https://paragraph.com/@chaineresearch/meshing-at-devconnect-argentina,resource_registry_v0_2,1,,Resource Graph,raw,list with caveat,"Auto-extracted URL lead from Twitter archive. Context: RT @chaineresearch: Finding roots at Devconnect:
https://t.co/70scArekbd
@EFDevcon @RegensUnite @netxstate @greenpillnet @greenpilldevs #Re…"
IDX02271,URL lead - paragraph.com,Projects Initiative,Projects Initiatives,https://paragraph.com/@greenpilldevguild/validating-the-regenerative-stack,resource_registry_v0_2,1,,Resource Graph,raw,list with caveat,"Auto-extracted URL lead from Twitter archive. Context: RT @greenpilldevs: 🌱 ""There is some good in this world, and it’s worth fighting for."" — Samwise Gamgee

https://t.co/3Tz4BC5Dpa

The final…"
IDX02272,URL lead - paragraph.com,Projects Initiative,Projects Initiatives,https://paragraph.com/@greenpilldevguild/capital-formation-turning-impact-into-sustainable-revenue,resource_registry_v0_2,1,,Resource Graph,raw,list with caveat,"Auto-extracted URL lead from Twitter archive. Context: RT @greenpilldevs: 🌍 “The world is full of peril, yet hope grows stronger.” — Haldir

https://t.co/dNPnSP2dwt

In our latest #RegenStack ar…"
IDX02273,URL lead - paragraph.com,Projects Initiative,Projects Initiatives,https://paragraph.com/@greenpilldevguild/squad-staking-turning-validator-rewards-into-public-good,resource_registry_v0_2,1,,Resource Graph,raw,list with caveat,"Auto-extracted URL lead from Twitter archive. Context: RT @greenpilldevs: Part 2 of the Regenerative Stack Series 🌐 Squad Staking

📖 https://t.co/xSylAREbHY

Distributed Validator Technology (DV…"
IDX02274,URL lead - paragraph.com,Projects Initiative,Projects Initiatives,https://paragraph.com/@greenpilldevguild/pioneering-a-regenerative-stack,resource_registry_v0_2,1,,Resource Graph,raw,list with caveat,"Auto-extracted URL lead from Twitter archive. Context: RT @greenpilldevs: Part 1 of the Regenerative Stack Series is live 🧙 

🔗 https://t.co/eEsMnUe1Az

Since October 2023 the Greenpill Dev Guil…"
IDX02275,URL lead - resilience.org,Organizations Network,Organizations Networks,https://www.resilience.org/stories/2025-07-01/agtech-for-agroecology/,resource_registry_v0_2,1,,Resource Graph,raw,list with caveat,"Auto-extracted URL lead from Twitter archive. Context: RT @mbauwens: A concept you should know about:

* ""microbiome-inspired green infrastructure""

https://t.co/vcAVmUd0YG

John Thackara explai…"
IDX02276,URL lead - sarafu.network,Funding Mechanisms Capital Flow,Funding Mechanisms Capital Flows,http://sarafu.network,resource_registry_v0_2,1,,Resource Graph,raw,list with caveat,"Auto-extracted URL lead from Twitter archive. Context: RT @mbauwens: Will Ruddick argues, and shows, through practice in the https://t.co/kyK2lnCikg , that

* Through Cosmo-Local Credit,

""the c…"
IDX02277,URL lead - vitalik.eth.limo,Projects Initiative,Projects Initiatives,https://vitalik.eth.limo/general/2026/04/02/secure_llms.html,resource_registry_v0_2,1,,Resource Graph,raw,list with caveat,"Auto-extracted URL lead from Twitter archive. Context: RT @VitalikButerin: My self-sovereign / local / private / secure LLM setup, April 2026

https://t.co/zmG8wrg7pQ"
IDX02278,URL lead - willruddick.substack.com,Organizations Network,Organizations Networks,https://willruddick.substack.com/p/seeing-the-economy-weve-always-been,resource_registry_v0_2,1,,Resource Graph,raw,list with caveat,"Auto-extracted URL lead from Twitter archive. Context: RT @mbauwens: * Where Grassroots Economics is going (one path, not the path)

https://t.co/jX8xjOurR9

""Grassroots Economics Foundation is…"
IDX02279,URL lead - x.com,Tools Protocols Platform,Tools Protocols Platforms,https://x.com/GreenpillWrites/status/2018253617677959424,resource_registry_v0_2,1,,Resource Graph,raw,list with caveat,"Auto-extracted URL lead from Twitter archive. Context: ReFi innovation is found in the simple tools that enable long-term impact.

Part 3 of our series offers recommendations for builders and community stewards that prioritize human-centered design.

https://t.co/tnZbdi9Z5m https://t.co/RVQsN9XFgs"
IDX02280,URL lead - x.com,Projects Initiative,Projects Initiatives,https://x.com/gregory_landua/status/1999225334663659652?s=20,resource_registry_v0_2,1,,Resource Graph,raw,list with caveat,"Auto-extracted URL lead from Twitter archive. Context: RT @gregory_landua: Here is a three thread answer to why and how @owocki is wrong:
Thread 1: Ride or Ride Regen https://t.co/fGTfpcr1CC
Thr…"
IDX02281,X Article lead - 1932881598854168576,Books Papers Articles Report,Books Papers Articles Reports,http://x.com/i/article/1932881598854168576,resource_registry_v0_2,1,,Resource Graph,raw,list with caveat,Auto-extracted URL lead from Twitter archive. Context: RT @regen_network: https://t.co/MQc3CbUAA0
IDX02282,X Article lead - 2018353742354186240,Books Papers Articles Report,Books Papers Articles Reports,http://x.com/i/article/2018353742354186240,resource_registry_v0_2,1,,Resource Graph,raw,list with caveat,Auto-extracted URL lead from Twitter archive. Context: RT @RegenRene: https://t.co/R6ygbDSKOr
IDX02283,X Article lead - 2033935058961068033,Books Papers Articles Report,Books Papers Articles Reports,http://x.com/i/article/2033935058961068033,resource_registry_v0_2,1,,Resource Graph,raw,list with caveat,Auto-extracted URL lead from Twitter archive. Context: RT @localscale: https://t.co/EKjNSaWfWY
IDX02284,X Article lead - 2061437516650020864,Books Papers Articles Report,Books Papers Articles Reports,http://x.com/i/article/2061437516650020864,resource_registry_v0_2,1,,Resource Graph,raw,list with caveat,Auto-extracted URL lead from Twitter archive. Context: RT @localscale: https://t.co/eCo1CsZou2
IDX02285,Raw URL lead - biofi.earth,Projects Initiative,Projects Initiatives,https://biofi.earth/,resource_registry_v0_2,1,,Resource Graph,raw,list with caveat,Preserved from uploaded documents/text. Context:
IDX02286,Raw URL lead - bloomnetwork.earth,Organizations Network,Organizations Networks,https://bloomnetwork.earth,resource_registry_v0_2,1,,Resource Graph,raw,list with caveat,Preserved from uploaded documents/text. Context:
IDX02287,Raw URL lead - communityclimatecoaches.org,Organizations Network,Organizations Networks,https://communityclimatecoaches.org/,resource_registry_v0_2,2,,Resource Graph,raw,list with caveat,Preserved from uploaded documents/text. Context:
IDX02288,Raw URL lead - github.com,Repositories Codebase,Repositories Codebases,https://github.com/regen-coordination/regen-toolkit,resource_registry_v0_2,2,,Resource Graph,raw,list with caveat,Preserved from uploaded documents/text. Context:
IDX02289,Raw URL lead - localscale.org,Organizations Network,Organizations Networks,https://www.localscale.org/,resource_registry_v0_2,1,,Resource Graph,raw,list with caveat,Preserved from uploaded documents/text. Context:
IDX02290,Raw URL lead - openforestprotocol.org,Tools Protocols Platform,Tools Protocols Platforms,https://www.openforestprotocol.org/,resource_registry_v0_2,1,,Resource Graph,raw,list with caveat,Preserved from uploaded documents/text. Context:
IDX02291,Raw URL lead - openmrv.org,Organizations Network,Organizations Networks,https://openmrv.org/,resource_registry_v0_2,1,,Resource Graph,raw,list with caveat,Preserved from uploaded documents/text. Context:
IDX02292,Raw URL lead - openrefine.org,Organizations Network,Organizations Networks,https://openrefine.org/,resource_registry_v0_2,1,,Resource Graph,raw,list with caveat,Preserved from uploaded documents/text. Context:
IDX02293,Raw URL lead - pentagram.com,Projects Initiative,Projects Initiatives,https://www.pentagram.com/work/climate-tech-map,resource_registry_v0_2,1,,Resource Graph,raw,list with caveat,Preserved from uploaded documents/text. Context:
IDX02294,Raw URL lead - regen-toolkit-site.vercel.app,Tools Protocols Platform,Tools Protocols Platforms,https://regen-toolkit-site.vercel.app,resource_registry_v0_2,1,,Resource Graph,raw,list with caveat,Preserved from uploaded documents/text. Context:
IDX02295,Raw URL lead - regen-toolkit-site.vercel.app,Tools Protocols Platform,Tools Protocols Platforms,https://regen-toolkit-site.vercel.app/explorer/,resource_registry_v0_2,1,,Resource Graph,raw,list with caveat,Preserved from uploaded documents/text. Context:
IDX02296,Raw URL lead - regen-toolkit-site.vercel.app,Tools Protocols Platform,Tools Protocols Platforms,https://regen-toolkit-site.vercel.app/tags/,resource_registry_v0_2,1,,Resource Graph,raw,list with caveat,Preserved from uploaded documents/text. Context:
IDX02297,Raw URL lead - regenerationpollination.earth,Projects Initiative,Projects Initiatives,https://regenerationpollination.earth/,resource_registry_v0_2,1,,Resource Graph,raw,list with caveat,Preserved from uploaded documents/text. Context:
IDX02298,Raw URL lead - x.com,Projects Initiative,Projects Initiatives,https://x.com/0xShikhar/status/2028524428431388790,resource_registry_v0_2,3,,Resource Graph,raw,list with caveat,Preserved from uploaded documents/text. Context: 63113245103 https://x.com/bonfiresai/status/2027556089139515888?s=20 https://x.com/geodelabs/status/2040163152722047193 https://x.com/0xShikhar/status/2028524428431388790 https://x.com/localscale/status/2022611284986876044 https://x.com/i/status/2036916080514654465 https://cibc.notion.site
IDX02299,Raw URL lead - x.com,Projects Initiative,Projects Initiatives,https://x.com/localscale/status/2022611284986876044,resource_registry_v0_2,1,,Resource Graph,raw,list with caveat,Preserved from uploaded documents/text. Context: 089139515888?s=20 https://x.com/geodelabs/status/2040163152722047193 https://x.com/0xShikhar/status/2028524428431388790 https://x.com/localscale/status/2022611284986876044 https://x.com/i/status/2036916080514654465 https://cibc.notion.site/?v=46a06370514c4adb8c7743a29f16d78b https://nataliy
IDX02300,Carbon Copy,Projects Initiative,Projects Initiatives,https://carboncopy.eco/,resource_registry_v0_2,,,Resource Graph,raw,list with caveat,"Added as a reviewable expansion lead; verify fit, URL, and priority before treating as curated."
IDX02301,Cynefin Framework,Concepts Frameworks Methodologie,Concepts Frameworks Methodologies,https://cynefin.io/,resource_registry_v0_2,,,Resource Graph,raw,list with caveat,
IDX02302,Leverage Points,Books Papers Articles Report,Books Papers Articles Reports,https://donellameadows.org/archives/leverage-points-places-to-intervene-in-a-system/,resource_registry_v0_2,,,Resource Graph,raw,list with caveat,
IDX02303,The Web of Life,Books Papers Articles Report,Books Papers Articles Reports,https://www.penguinrandomhouse.com/books/24922/the-web-of-life-by-fritjof-capra/,resource_registry_v0_2,,,Resource Graph,raw,list with caveat,
IDX02304,Thinking in Systems,Books Papers Articles Report,Books Papers Articles Reports,https://www.chelseagreen.com/product/thinking-in-systems/,resource_registry_v0_2,,,Resource Graph,raw,list with caveat,
IDX02305,A Pattern Language,Books Papers Articles Report,Books Papers Articles Reports,https://www.patternlanguage.com/,resource_registry_v0_2,,,Resource Graph,raw,list with caveat,
IDX02306,Antifragile,Books Papers Articles Report,Books Papers Articles Reports,https://www.penguinrandomhouse.com/books/176227/antifragile-by-nassim-nicholas-taleb/,resource_registry_v0_2,,,Resource Graph,raw,list with caveat,
IDX02307,Autopoiesis and Cognition,Books Papers Articles Report,Books Papers Articles Reports,https://link.springer.com/book/10.1007/978-94-009-8947-4,resource_registry_v0_2,,,Resource Graph,raw,list with caveat,
IDX02308,Civilization Emerging,Projects Initiative,Projects Initiatives,https://civilizationemerging.com/,resource_registry_v0_2,,,Resource Graph,raw,list with caveat,
IDX02309,Complexity: A Guided Tour,Books Papers Articles Report,Books Papers Articles Reports,https://global.oup.com/academic/product/complexity-9780199798100,resource_registry_v0_2,,,Resource Graph,raw,list with caveat,
IDX02310,International Bateson Institute,Projects Initiative,Projects Initiatives,https://batesoninstitute.org/,resource_registry_v0_2,,,Resource Graph,raw,list with caveat,
IDX02311,Mind and Nature,Books Papers Articles Report,Books Papers Articles Reports,https://www.hamptonpress.com/Merchant2/merchant.mvc?Screen=PROD&Product_Code=9781572734340,resource_registry_v0_2,,,Resource Graph,raw,list with caveat,
IDX02312,Network Science,Books Papers Articles Report,Books Papers Articles Reports,https://networksciencebook.com/,resource_registry_v0_2,,,Resource Graph,raw,list with caveat,
IDX02313,Santa Fe Institute,Projects Initiative,Projects Initiatives,https://www.santafe.edu/,resource_registry_v0_2,,,Resource Graph,raw,list with caveat,
IDX02314,Seeing Like a State,Books Papers Articles Report,Books Papers Articles Reports,https://yalebooks.yale.edu/book/9780300246759/seeing-like-a-state/,resource_registry_v0_2,,,Resource Graph,raw,list with caveat,
IDX02315,Steps to an Ecology of Mind,Books Papers Articles Report,Books Papers Articles Reports,https://press.uchicago.edu/ucp/books/book/chicago/S/bo3620295.html,resource_registry_v0_2,,,Resource Graph,raw,list with caveat,
IDX02316,The Great Simplification,Podcasts Media Show,Podcasts Media Shows,https://www.thegreatsimplification.com/,resource_registry_v0_2,,,Resource Graph,raw,list with caveat,
IDX02317,The Mushroom at the End of the World,Books Papers Articles Report,Books Papers Articles Reports,https://press.princeton.edu/books/paperback/9780691178325/the-mushroom-at-the-end-of-the-world,resource_registry_v0_2,,,Resource Graph,raw,list with caveat,
IDX02318,The Tree of Knowledge,Books Papers Articles Report,Books Papers Articles Reports,https://www.shambhala.com/the-tree-of-knowledge-1220.html,resource_registry_v0_2,,,Resource Graph,raw,list with caveat,
IDX02319,Kumu,Tools Protocols Platform,Tools Protocols Platforms,https://kumu.io/,resource_registry_v0_2,,,Resource Graph,raw,list with caveat,
IDX02320,Loopy,Tools Protocols Platform,Tools Protocols Platforms,https://ncase.me/loopy/,resource_registry_v0_2,,,Resource Graph,raw,list with caveat,
IDX02321,SenseMaker,Tools Protocols Platform,Tools Protocols Platforms,https://thecynefin.co/sensemaker/,resource_registry_v0_2,,,Resource Graph,raw,list with caveat,
IDX02322,Cosmopolitics,Books Papers Articles Report,Books Papers Articles Reports,https://www.upress.umn.edu/book-division/books/cosmopolitics-i,resource_registry_v0_2,,,Resource Graph,raw,list with caveat,
IDX02323,Power/Knowledge,Books Papers Articles Report,Books Papers Articles Reports,https://www.penguinrandomhouse.com/books/306950/powerknowledge-by-michel-foucault/,resource_registry_v0_2,,,Resource Graph,raw,list with caveat,
IDX02324,Reassembling the Social,Books Papers Articles Report,Books Papers Articles Reports,https://global.oup.com/academic/product/reassembling-the-social-9780199256051,resource_registry_v0_2,,,Resource Graph,raw,list with caveat,
IDX02325,The Art of Not Being Governed,Books Papers Articles Report,Books Papers Articles Reports,https://yalebooks.yale.edu/book/9780300169171/the-art-of-not-being-governed/,resource_registry_v0_2,,,Resource Graph,raw,list with caveat,
IDX02326,The Matter With Things,Books Papers Articles Report,Books Papers Articles Reports,https://channelmcgilchrist.com/the-matter-with-things/,resource_registry_v0_2,,,Resource Graph,raw,list with caveat,
IDX02327,The Rise of the Network Society,Books Papers Articles Report,Books Papers Articles Reports,https://www.wiley.com/en-us/The+Rise+of+the+Network+Society%2C+2nd+Edition-p-9781405196864,resource_registry_v0_2,,,Resource Graph,raw,list with caveat,
IDX02328,IEF Wiki,Projects Initiative,Projects Initiatives,https://ief.wiki/index.php/Main_Page,resource_registry_v0_2,,,Resource Graph,raw,list with caveat,
IDX02329,Allo Capital Mechanisms,Tools Protocols Platform,Tools Protocols Platforms,https://www.allo.capital/mechanisms,resource_registry_v0_2,,,Resource Graph,raw,list with caveat,
IDX02330,Ethereum Attestation Service,Tools Protocols Platform,Tools Protocols Platforms,https://attest.sh/,resource_registry_v0_2,,,Resource Graph,raw,list with caveat,
IDX02331,Ethereum Attestation Service Docs,Tools Protocols Platform,Tools Protocols Platforms,https://docs.attest.sh/,resource_registry_v0_2,,,Resource Graph,raw,list with caveat,
IDX02332,Ethereum Research,Tools Protocols Platform,Tools Protocols Platforms,https://ethresear.ch/,resource_registry_v0_2,,,Resource Graph,raw,list with caveat,
IDX02333,Ethereum Whitepaper,Books Papers Articles Report,Books Papers Articles Reports,https://ethereum.org/en/whitepaper/,resource_registry_v0_2,,,Resource Graph,raw,list with caveat,
IDX02334,Gitcoin,Tools Protocols Platform,Tools Protocols Platforms,https://gitcoin.co/,resource_registry_v0_2,,,Resource Graph,raw,list with caveat,
IDX02335,Gitcoin / Allo Protocol Docs,Tools Protocols Platform,Tools Protocols Platforms,https://docs.allo.gitcoin.co/,resource_registry_v0_2,,,Resource Graph,raw,list with caveat,
IDX02336,GreenPilled,Books Papers Articles Report,Books Papers Articles Reports,https://greenpill.network/,resource_registry_v0_2,,,Resource Graph,raw,list with caveat,
IDX02337,Mechanism Design for Social Good,Organizations Network,Organizations Networks,https://www.md4sg.com/,resource_registry_v0_2,,,Resource Graph,raw,list with caveat,
IDX02338,Optimism RetroPGF Docs,Tools Protocols Platform,Tools Protocols Platforms,https://community.optimism.io/docs/governance/retropgf/,resource_registry_v0_2,,,Resource Graph,raw,list with caveat,
IDX02339,Quadratic Funding Paper,Books Papers Articles Report,Books Papers Articles Reports,https://papers.ssrn.com/sol3/papers.cfm?abstract_id=3243656,resource_registry_v0_2,,,Resource Graph,raw,list with caveat,
IDX02340,Augmented Bonding Curves,Concepts Frameworks Methodologie,Concepts Frameworks Methodologies,https://commonsstack.org/augmented-bonding-curve/,resource_registry_v0_2,,,Resource Graph,raw,list with caveat,
IDX02341,Conviction Voting,Concepts Frameworks Methodologie,Concepts Frameworks Methodologies,https://commonsstack.org/conviction-voting/,resource_registry_v0_2,,,Resource Graph,raw,list with caveat,
IDX02342,Hypercerts,Tools Protocols Platform,Tools Protocols Platforms,https://hypercerts.org/,resource_registry_v0_2,,,Resource Graph,raw,list with caveat,
IDX02343,Octant v2 Docs,Tools Protocols Platform,Tools Protocols Platforms,https://docs.v2.octant.build/,resource_registry_v0_2,,,Resource Graph,raw,list with caveat,
IDX02344,Protocol Guild,Tools Protocols Platform,Tools Protocols Platforms,https://protocol-guild.readthedocs.io/,resource_registry_v0_2,,,Resource Graph,raw,list with caveat,
IDX02345,Token Engineering Commons,Concepts Frameworks Methodologie,Concepts Frameworks Methodologies,https://tokenengineeringcommons.org/,resource_registry_v0_2,,,Resource Graph,raw,list with caveat,
IDX02346,Alchemy,Tools Protocols Platform,Tools Protocols Platforms,https://www.alchemy.com/,resource_registry_v0_2,,,Resource Graph,raw,list with caveat,
IDX02347,Bankless Academy,Projects Initiative,Projects Initiatives,https://app.banklessacademy.com/,resource_registry_v0_2,,,Resource Graph,raw,list with caveat,
IDX02348,BuidlGuidl,Organizations Network,Organizations Networks,https://buidlguidl.com/,resource_registry_v0_2,,,Resource Graph,raw,list with caveat,
IDX02349,Collab.Land,Tools Protocols Platform,Tools Protocols Platforms,https://collab.land/,resource_registry_v0_2,,,Resource Graph,raw,list with caveat,
IDX02350,Colony,Tools Protocols Platform,Tools Protocols Platforms,https://colony.io/,resource_registry_v0_2,,,Resource Graph,raw,list with caveat,
IDX02351,ETH Cat Herders,Projects Initiative,Projects Initiatives,https://www.ethcatherders.com/,resource_registry_v0_2,,,Resource Graph,raw,list with caveat,
IDX02352,Ethereum Magicians,Projects Initiative,Projects Initiatives,https://ethereum-magicians.org/,resource_registry_v0_2,,,Resource Graph,raw,list with caveat,
IDX02353,Ethereum Page,Datasets Maps Directorie,Datasets Maps Directories,https://ethereumpage.com/,resource_registry_v0_2,,,Resource Graph,raw,list with caveat,
IDX02354,Ethereum PM / All Core Dev Calls,Repositories Codebase,Repositories Codebases,https://github.com/ethereum/pm,resource_registry_v0_2,,,Resource Graph,raw,list with caveat,
IDX02355,Guild.xyz,Projects Initiative,Projects Initiatives,https://guild.xyz/,resource_registry_v0_2,,,Resource Graph,raw,list with caveat,
IDX02356,Hats Protocol,Tools Protocols Platform,Tools Protocols Platforms,https://www.hatsprotocol.xyz/,resource_registry_v0_2,,,Resource Graph,raw,list with caveat,
IDX02357,Scaffold-ETH,Tools Protocols Platform,Tools Protocols Platforms,https://scaffoldeth.io/,resource_registry_v0_2,,,Resource Graph,raw,list with caveat,
IDX02358,Speedrun Ethereum,Projects Initiative,Projects Initiatives,https://speedrunethereum.com/,resource_registry_v0_2,,,Resource Graph,raw,list with caveat,
IDX02359,The Daily Gwei,Podcasts Media Show,Podcasts Media Shows,https://thedailygwei.xyz/,resource_registry_v0_2,,,Resource Graph,raw,list with caveat,
IDX02360,Token Engineering Academy,Projects Initiative,Projects Initiatives,https://tokenengineering.net/,resource_registry_v0_2,,,Resource Graph,raw,list with caveat,
IDX02361,Tokenomics Explained,Projects Initiative,Projects Initiatives,https://tokenomicsexplained.com/the-rabbit-hole/,resource_registry_v0_2,,,Resource Graph,raw,list with caveat,
IDX02362,Unlock Protocol,Tools Protocols Platform,Tools Protocols Platforms,https://unlock-protocol.com/,resource_registry_v0_2,,,Resource Graph,raw,list with caveat,
IDX02363,Chain for Good,Organizations Network,Organizations Networks,https://chainforgood.org/,resource_registry_v0_2,,,Resource Graph,raw,list with caveat,
IDX02364,Circles,Funding Mechanisms Capital Flow,Funding Mechanisms Capital Flows,https://www.aboutcircles.com/,resource_registry_v0_2,,,Resource Graph,raw,list with caveat,
IDX02365,GoodDollar,Tools Protocols Platform,Tools Protocols Platforms,https://www.gooddollar.org/,resource_registry_v0_2,,,Resource Graph,raw,list with caveat,
IDX02366,Postcapitalist Agency,Tools Protocols Platform,Tools Protocols Platforms,https://postcapitalist.agency/#,resource_registry_v0_2,,,Resource Graph,raw,list with caveat,
IDX02367,BumiCerts / EcoCerts,Concepts Frameworks Methodologie,Concepts Frameworks Methodologies,Raw / no canonical link,resource_registry_v0_2,,,Resource Graph,raw,list with caveat,
IDX02368,ClearFund,Tools Protocols Platform,Tools Protocols Platforms,https://clearfund.netlify.app/,resource_registry_v0_2,,,Resource Graph,raw,list with caveat,
IDX02369,Collabberry,Tools Protocols Platform,Tools Protocols Platforms,https://collabberry.xyz/,resource_registry_v0_2,,,Resource Graph,raw,list with caveat,
IDX02370,Dabl Club Learn,Projects Initiative,Projects Initiatives,https://learn.dabl.club/,resource_registry_v0_2,,,Resource Graph,raw,list with caveat,
IDX02371,DAObase,Organizations Network,Organizations Networks,https://daobase.ai/,resource_registry_v0_2,,,Resource Graph,raw,list with caveat,
IDX02372,DAOscope,Datasets Maps Directorie,Datasets Maps Directories,https://x.com/DAOscope,resource_registry_v0_2,,,Resource Graph,raw,list with caveat,
IDX02373,Deep Funding,Funding Mechanisms Capital Flow,Funding Mechanisms Capital Flows,https://deepfunding.ai/,resource_registry_v0_2,,,Resource Graph,raw,list with caveat,
IDX02374,GBA Global,Projects Initiative,Projects Initiatives,https://gbaglobal.org/,resource_registry_v0_2,,,Resource Graph,raw,list with caveat,
IDX02375,Guild Guild,Tools Protocols Platform,Tools Protocols Platforms,https://guildguild.org/,resource_registry_v0_2,,,Resource Graph,raw,list with caveat,
IDX02376,Prosperity Passport,Tools Protocols Platform,Tools Protocols Platforms,Raw / no canonical link,resource_registry_v0_2,,,Resource Graph,raw,list with caveat,
IDX02377,Self Protocol,Tools Protocols Platform,Tools Protocols Platforms,https://self.xyz/,resource_registry_v0_2,,,Resource Graph,raw,list with caveat,
IDX02378,The Pipe gDAO,Organizations Network,Organizations Networks,https://www.thepipegdao.io/,resource_registry_v0_2,,,Resource Graph,raw,list with caveat,
IDX02379,Greenpill Podcast,Podcasts Media Show,Podcasts Media Shows,https://greenpill.network/,resource_registry_v0_2,,,Resource Graph,raw,list with caveat,"~293 episodes; strong on Ethereum public goods, mechanism design, network nations, Greenpill chapters. Needs review for RSS/canonical link."
IDX02380,Ma Earth — The Regeneration Will Be Funded,Podcasts Media Show,Podcasts Media Shows,https://maearth.com/,resource_registry_v0_2,,,Resource Graph,raw,list with caveat,"~143 episodes since September 2023; strong on bioregional finance, TEK, philanthropic capital, ecological practice."
IDX02381,Ma Earth Learning Lab,Podcasts Media Show,Podcasts Media Shows,https://maearth.com/,resource_registry_v0_2,,,Resource Graph,raw,list with caveat,~15 Learning Lab episodes; should be tracked as part of Ma Earth media source system.
IDX02382,Crypto Altruists,Podcasts Media Show,Podcasts Media Shows,https://cryptoaltruism.org/,resource_registry_v0_2,,,Resource Graph,raw,list with caveat,~250 episodes as of May 7 2026; strong on nonprofit onboarding and web3-for-good translation.
IDX02383,ReFi Podcast,Podcasts Media Show,Podcasts Media Shows,https://refidao.com/,resource_registry_v0_2,,,Resource Graph,raw,list with caveat,Adjacent source system referenced by the podcast synthesis; needs deeper extraction.
IDX02384,Funding the Commons Recordings,Podcasts Media Show,Podcasts Media Shows,https://fundingthecommons.io/,resource_registry_v0_2,,,Resource Graph,raw,list with caveat,Relevant media source system for public goods funding and open-source tooling learning.
IDX02385,OpenCivics Calls and Recordings,Podcasts Media Show,Podcasts Media Shows,https://opencivics.com/,resource_registry_v0_2,,,Resource Graph,raw,list with caveat,Relevant for knowledge commons and civic coordination source-system capture.
IDX02386,Podcast Living Artifact,Podcasts Media Show,Podcasts Media Shows,Raw / no canonical link,resource_registry_v0_2,,,Resource Graph,raw,list with caveat,Podcast-derived lead; inclusion is not endorsement.
IDX02387,Editorial Compass and White-Space Map,Podcasts Media Show,Podcasts Media Shows,Raw / no canonical link,resource_registry_v0_2,,,Resource Graph,raw,list with caveat,Podcast-derived lead; inclusion is not endorsement.
IDX02388,BKC Podcast Tagging Schema,Podcasts Media Show,Podcasts Media Shows,Raw / no canonical link,resource_registry_v0_2,,,Resource Graph,raw,list with caveat,Podcast-derived lead; inclusion is not endorsement.
IDX02389,Episode-as-CaseStudy Pattern,Podcasts Media Show,Podcasts Media Shows,Raw / no canonical link,resource_registry_v0_2,,,Resource Graph,raw,list with caveat,Podcast-derived lead; inclusion is not endorsement.
IDX02390,Podcast / Conversation Knowledge Graph,Podcasts Media Show,Podcasts Media Shows,Raw / no canonical link,resource_registry_v0_2,,,Resource Graph,raw,list with caveat,Podcast-derived lead; inclusion is not endorsement.
IDX02391,AI-Assisted Podcast Extraction Pipeline,Podcasts Media Show,Podcasts Media Shows,Raw / no canonical link,resource_registry_v0_2,,,Resource Graph,raw,list with caveat,Podcast-derived lead; inclusion is not endorsement.
IDX02392,Whisper / faster-whisper / WhisperX Podcast Transcription Stack,Podcasts Media Show,Podcasts Media Shows,https://github.com/openai/whisper,resource_registry_v0_2,,,Resource Graph,raw,list with caveat,Podcast-derived lead; inclusion is not endorsement.
IDX02393,Chroma Vector Index for Podcast Search,Podcasts Media Show,Podcasts Media Shows,https://www.trychroma.com/,resource_registry_v0_2,,,Resource Graph,raw,list with caveat,Podcast-derived lead; inclusion is not endorsement.
IDX02394,Obsidian Vault for Podcast Editorial Workspace,Podcasts Media Show,Podcasts Media Shows,https://obsidian.md/,resource_registry_v0_2,,,Resource Graph,raw,list with caveat,Podcast-derived lead; inclusion is not endorsement.
IDX02395,Airtable Structured Podcast Database,Podcasts Media Show,Podcasts Media Shows,https://airtable.com/,resource_registry_v0_2,,,Resource Graph,raw,list with caveat,Podcast-derived lead; inclusion is not endorsement.
IDX02396,Next.js Podcast Dashboard,Podcasts Media Show,Podcasts Media Shows,https://nextjs.org/,resource_registry_v0_2,,,Resource Graph,raw,list with caveat,Podcast-derived lead; inclusion is not endorsement.
IDX02397,Murmurations Profiles for Podcast Federation,Podcasts Media Show,Podcasts Media Shows,https://www.murmurations.network/,resource_registry_v0_2,,,Resource Graph,raw,list with caveat,Podcast-derived lead; inclusion is not endorsement.
IDX02398,Local Contexts TK Labels for Indigenous Knowledge Handling,Concepts Frameworks Methodologie,Concepts Frameworks Methodologies,https://localcontexts.org/,resource_registry_v0_2,,,Resource Graph,raw,list with caveat,Podcast-derived lead; inclusion is not endorsement.
IDX02399,GP-NN-12 — Regen Network of Networks,Podcasts Media Show,Podcasts Media Shows,Raw / no canonical link,resource_registry_v0_2,,,Resource Graph,raw,list with caveat,Podcast-derived lead; inclusion is not endorsement.
IDX02400,GP-S8-2 — Technologies Grown from Dirt: Bioregionalism & Permaculture,Podcasts Media Show,Podcasts Media Shows,Raw / no canonical link,resource_registry_v0_2,,,Resource Graph,raw,list with caveat,Podcast-derived lead; inclusion is not endorsement.
IDX02401,GP-S4-24 — Metrics-Based Voting on RPGF Round 4,Podcasts Media Show,Podcasts Media Shows,Raw / no canonical link,resource_registry_v0_2,,,Resource Graph,raw,list with caveat,Podcast-derived lead; inclusion is not endorsement.
IDX02402,ME-LL13 — Catalyzing Bioregional Economies,Podcasts Media Show,Podcasts Media Shows,Raw / no canonical link,resource_registry_v0_2,,,Resource Graph,raw,list with caveat,Podcast-derived lead; inclusion is not endorsement.
IDX02403,ME-LL11 — Healing Appalachia with Bison,Podcasts Media Show,Podcasts Media Shows,Raw / no canonical link,resource_registry_v0_2,,,Resource Graph,raw,list with caveat,Podcast-derived lead; inclusion is not endorsement.
IDX02404,ME-S1 — Hypercerts,Podcasts Media Show,Podcasts Media Shows,Raw / no canonical link,resource_registry_v0_2,,,Resource Graph,raw,list with caveat,Podcast-derived lead; inclusion is not endorsement.
IDX02405,CA-230 — Bioregional Reforestation & Localized Climate Finance,Podcasts Media Show,Podcasts Media Shows,Raw / no canonical link,resource_registry_v0_2,,,Resource Graph,raw,list with caveat,Podcast-derived lead; inclusion is not endorsement.
IDX02406,CA-241 — Building Local Economies: Commitment Pooling,Podcasts Media Show,Podcasts Media Shows,Raw / no canonical link,resource_registry_v0_2,,,Resource Graph,raw,list with caveat,Podcast-derived lead; inclusion is not endorsement.
IDX02407,"CA-249 — 2,000 Years of Decentralized Coordination: Savings Circles",Podcasts Media Show,Podcasts Media Shows,Raw / no canonical link,resource_registry_v0_2,,,Resource Graph,raw,list with caveat,Podcast-derived lead; inclusion is not endorsement.
IDX02408,Carl Cervone,Tools Protocols Platform,Tools Protocols Platforms,Raw / no canonical link,resource_registry_v0_2,,,Resource Graph,raw,list with caveat,"Podcast synthesis identifies this person/org as a bridge, guest lead, or cross-pollination node. Treat as social/source-system signal; do not treat as public person profile without review."
IDX02409,Holke Brammer,Tools Protocols Platform,Tools Protocols Platforms,Raw / no canonical link,resource_registry_v0_2,,,Resource Graph,raw,list with caveat,"Podcast synthesis identifies this person/org as a bridge, guest lead, or cross-pollination node. Treat as social/source-system signal; do not treat as public person profile without review."
IDX02410,Monty Merlin Bryant,Organizations Network,Organizations Networks,Raw / no canonical link,resource_registry_v0_2,,,Resource Graph,raw,list with caveat,"Podcast synthesis identifies this person/org as a bridge, guest lead, or cross-pollination node. Treat as social/source-system signal; do not treat as public person profile without review."
IDX02411,Kevin Owocki,Funding Mechanisms Capital Flow,Funding Mechanisms Capital Flows,Raw / no canonical link,resource_registry_v0_2,,,Resource Graph,raw,list with caveat,"Podcast synthesis identifies this person/org as a bridge, guest lead, or cross-pollination node. Treat as social/source-system signal; do not treat as public person profile without review."
IDX02412,Gregory Landua,Organizations Network,Organizations Networks,Raw / no canonical link,resource_registry_v0_2,,,Resource Graph,raw,list with caveat,"Podcast synthesis identifies this person/org as a bridge, guest lead, or cross-pollination node. Treat as social/source-system signal; do not treat as public person profile without review."
IDX02413,Austin Wade Smith,Organizations Network,Organizations Networks,Raw / no canonical link,resource_registry_v0_2,,,Resource Graph,raw,list with caveat,"Podcast synthesis identifies this person/org as a bridge, guest lead, or cross-pollination node. Treat as social/source-system signal; do not treat as public person profile without review."
IDX02414,Will Ruddick,Funding Mechanisms Capital Flow,Funding Mechanisms Capital Flows,Raw / no canonical link,resource_registry_v0_2,,,Resource Graph,raw,list with caveat,"Podcast synthesis identifies this person/org as a bridge, guest lead, or cross-pollination node. Treat as social/source-system signal; do not treat as public person profile without review."
IDX02415,Marcus Levine / Marcus Aurelius,Organizations Network,Organizations Networks,Raw / no canonical link,resource_registry_v0_2,,,Resource Graph,raw,list with caveat,"Podcast synthesis identifies this person/org as a bridge, guest lead, or cross-pollination node. Treat as social/source-system signal; do not treat as public person profile without review."
IDX02416,Paul Burg,Organizations Network,Organizations Networks,Raw / no canonical link,resource_registry_v0_2,,,Resource Graph,raw,list with caveat,"Podcast synthesis identifies this person/org as a bridge, guest lead, or cross-pollination node. Treat as social/source-system signal; do not treat as public person profile without review."
IDX02417,John Ellison,Organizations Network,Organizations Networks,Raw / no canonical link,resource_registry_v0_2,,,Resource Graph,raw,list with caveat,"Podcast synthesis identifies this person/org as a bridge, guest lead, or cross-pollination node. Treat as social/source-system signal; do not treat as public person profile without review."
IDX02418,Robbie Heeger,Organizations Network,Organizations Networks,Raw / no canonical link,resource_registry_v0_2,,,Resource Graph,raw,list with caveat,"Podcast synthesis identifies this person/org as a bridge, guest lead, or cross-pollination node. Treat as social/source-system signal; do not treat as public person profile without review."
IDX02419,Mahesh Murthy,Repositories Codebase,Repositories Codebases,Raw / no canonical link,resource_registry_v0_2,,,Resource Graph,raw,list with caveat,"Podcast synthesis identifies this person/org as a bridge, guest lead, or cross-pollination node. Treat as social/source-system signal; do not treat as public person profile without review."
IDX02420,David Dao,Datasets Maps Directorie,Datasets Maps Directories,Raw / no canonical link,resource_registry_v0_2,,,Resource Graph,raw,list with caveat,"Podcast synthesis identifies this person/org as a bridge, guest lead, or cross-pollination node. Treat as social/source-system signal; do not treat as public person profile without review."
IDX02421,Djimo Serodio,Organizations Network,Organizations Networks,Raw / no canonical link,resource_registry_v0_2,,,Resource Graph,raw,list with caveat,"Podcast synthesis identifies this person/org as a bridge, guest lead, or cross-pollination node. Treat as social/source-system signal; do not treat as public person profile without review."
IDX02422,Magenta Ceiba,Organizations Network,Organizations Networks,Raw / no canonical link,resource_registry_v0_2,,,Resource Graph,raw,list with caveat,"Podcast synthesis identifies this person/org as a bridge, guest lead, or cross-pollination node. Treat as social/source-system signal; do not treat as public person profile without review."
IDX02423,Atossa Soltani,Organizations Network,Organizations Networks,Raw / no canonical link,resource_registry_v0_2,,,Resource Graph,raw,list with caveat,"Podcast synthesis identifies this person/org as a bridge, guest lead, or cross-pollination node. Treat as social/source-system signal; do not treat as public person profile without review."
IDX02424,Tom Crowther,Tools Protocols Platform,Tools Protocols Platforms,Raw / no canonical link,resource_registry_v0_2,,,Resource Graph,raw,list with caveat,"Podcast synthesis identifies this person/org as a bridge, guest lead, or cross-pollination node. Treat as social/source-system signal; do not treat as public person profile without review."
IDX02425,Erin Matariki Carr,Organizations Network,Organizations Networks,Raw / no canonical link,resource_registry_v0_2,,,Resource Graph,raw,list with caveat,"Podcast synthesis identifies this person/org as a bridge, guest lead, or cross-pollination node. Treat as social/source-system signal; do not treat as public person profile without review."
IDX02426,Samantha Power,Organizations Network,Organizations Networks,Raw / no canonical link,resource_registry_v0_2,,,Resource Graph,raw,list with caveat,"Podcast synthesis identifies this person/org as a bridge, guest lead, or cross-pollination node. Treat as social/source-system signal; do not treat as public person profile without review."
IDX02427,Erin Healy,Organizations Network,Organizations Networks,Raw / no canonical link,resource_registry_v0_2,,,Resource Graph,raw,list with caveat,"Podcast synthesis identifies this person/org as a bridge, guest lead, or cross-pollination node. Treat as social/source-system signal; do not treat as public person profile without review."
IDX02428,Tiffany Pyette,Tools Protocols Platform,Tools Protocols Platforms,Raw / no canonical link,resource_registry_v0_2,,,Resource Graph,raw,list with caveat,"Podcast synthesis identifies this person/org as a bridge, guest lead, or cross-pollination node. Treat as social/source-system signal; do not treat as public person profile without review."
IDX02429,Cassandra Lynn Ferrera,Concepts Frameworks Methodologie,Concepts Frameworks Methodologies,Raw / no canonical link,resource_registry_v0_2,,,Resource Graph,raw,list with caveat,"Podcast synthesis identifies this person/org as a bridge, guest lead, or cross-pollination node. Treat as social/source-system signal; do not treat as public person profile without review."
IDX02430,Brandon Welch,Tools Protocols Platform,Tools Protocols Platforms,Raw / no canonical link,resource_registry_v0_2,,,Resource Graph,raw,list with caveat,"Podcast synthesis identifies this person/org as a bridge, guest lead, or cross-pollination node. Treat as social/source-system signal; do not treat as public person profile without review."
IDX02431,Nate Hagens,Organizations Network,Organizations Networks,Raw / no canonical link,resource_registry_v0_2,,,Resource Graph,raw,list with caveat,"Podcast synthesis identifies this person/org as a bridge, guest lead, or cross-pollination node. Treat as social/source-system signal; do not treat as public person profile without review."
IDX02432,Michel Bauwens,Organizations Network,Organizations Networks,Raw / no canonical link,resource_registry_v0_2,,,Resource Graph,raw,list with caveat,"Podcast synthesis identifies this person/org as a bridge, guest lead, or cross-pollination node. Treat as social/source-system signal; do not treat as public person profile without review."
IDX02433,Drew Simon,Organizations Network,Organizations Networks,Raw / no canonical link,resource_registry_v0_2,,,Resource Graph,raw,list with caveat,"Podcast synthesis identifies this person/org as a bridge, guest lead, or cross-pollination node. Treat as social/source-system signal; do not treat as public person profile without review."
IDX02434,Joshua Davila,Organizations Network,Organizations Networks,Raw / no canonical link,resource_registry_v0_2,,,Resource Graph,raw,list with caveat,"Podcast synthesis identifies this person/org as a bridge, guest lead, or cross-pollination node. Treat as social/source-system signal; do not treat as public person profile without review."
IDX02435,Yaniv Tal,Organizations Network,Organizations Networks,Raw / no canonical link,resource_registry_v0_2,,,Resource Graph,raw,list with caveat,"Podcast synthesis identifies this person/org as a bridge, guest lead, or cross-pollination node. Treat as social/source-system signal; do not treat as public person profile without review."
IDX02436,Heenal / Marv / rathermercurial,Concepts Frameworks Methodologie,Concepts Frameworks Methodologies,Raw / no canonical link,resource_registry_v0_2,,,Resource Graph,raw,list with caveat,"Podcast synthesis identifies this person/org as a bridge, guest lead, or cross-pollination node. Treat as social/source-system signal; do not treat as public person profile without review."
IDX02437,Bioregional Public-Goods Round Playbook,Books Papers Articles Report,Books Papers Articles Reports,Raw / no canonical link,resource_registry_v0_2,,,Resource Graph,raw,list with caveat,Podcast-derived lead; inclusion is not endorsement.
IDX02438,Indigenous & Global-South Primary Voice Main-Feed Arc,Podcasts Media Show,Podcasts Media Shows,Raw / no canonical link,resource_registry_v0_2,,,Resource Graph,raw,list with caveat,Podcast-derived lead; inclusion is not endorsement.
IDX02439,dMRV Practice Deep-Dives,Podcasts Media Show,Podcasts Media Shows,Raw / no canonical link,resource_registry_v0_2,,,Resource Graph,raw,list with caveat,Podcast-derived lead; inclusion is not endorsement.
IDX02440,Capital-Stack Reality Checks for Regen Projects,Podcasts Media Show,Podcasts Media Shows,Raw / no canonical link,resource_registry_v0_2,,,Resource Graph,raw,list with caveat,Podcast-derived lead; inclusion is not endorsement.
IDX02441,Critical / Adversarial Regen-Web3 Voices,Podcasts Media Show,Podcasts Media Shows,Raw / no canonical link,resource_registry_v0_2,,,Resource Graph,raw,list with caveat,Podcast-derived lead; inclusion is not endorsement.
IDX02442,Regen x AI Agents,Podcasts Media Show,Podcasts Media Shows,Raw / no canonical link,resource_registry_v0_2,,,Resource Graph,raw,list with caveat,Podcast-derived lead; inclusion is not endorsement.
IDX02443,Hypercerts in the Wild,Podcasts Media Show,Podcasts Media Shows,Raw / no canonical link,resource_registry_v0_2,,,Resource Graph,raw,list with caveat,Podcast-derived lead; inclusion is not endorsement.
IDX02444,Stablecoins as Impact Rails,Podcasts Media Show,Podcasts Media Shows,Raw / no canonical link,resource_registry_v0_2,,,Resource Graph,raw,list with caveat,Podcast-derived lead; inclusion is not endorsement.
IDX02445,Rights of Nature as Governance Primitive,Podcasts Media Show,Podcasts Media Shows,Raw / no canonical link,resource_registry_v0_2,,,Resource Graph,raw,list with caveat,Podcast-derived lead; inclusion is not endorsement.
IDX02446,Ma Earth,organization/media,Organizations Networks,https://maearth.com/,podcast_synthesis,,,Source System Card,raw; needs verification,list with caveat,Publisher of The Regeneration Will Be Funded / bioregional finance context
IDX02447,The Regeneration Will Be Funded,podcast/media feed,Podcasts Media Shows,https://podcasts.apple.com/us/podcast/the-regeneration-will-be-funded/id1706728107,web_verified; podcast_synthesis,,,Media Source System Track; Source System Card,raw; needs verification,list with caveat,Ma Earth podcast about regenerative finance / living planet; Apple entry lists Ma Earth and episodes including nature finance/carbon finance topics
IDX02448,Crypto Altruists,organization/media,Organizations Networks,https://www.cryptoaltruism.org/,web_verified; podcast_synthesis,,,Media Source System Track; Source System Card,raw; needs verification,list with caveat,Web3 impact platform; site describes podcast/blog/resources for crypto and web3 social impact
IDX02449,Crypto Altruists Podcast,podcast/media feed,Podcasts Media Shows,https://www.cryptoaltruism.org/podcasts,web_verified; podcast_synthesis,,,Media Source System Track,raw; needs verification,list with caveat,Podcast highlighting real-world social/environmental impact powered by crypto/web3
IDX02450,Funding the Commons,organization/event/media,Organizations Networks,https://fundingthecommons.io/,web_verified; adjacent_expansion,,,Source System Card; Public Goods Builder Track,raw; needs verification,list with caveat,"Public goods funding community and conference/media archive; StreamETH page says it bridges Web2, Web3, research, philanthropy, and industry"
IDX02451,Funding the Commons YouTube,media feed,Podcasts Media Shows,https://www.youtube.com/@Funding-the-Commons,web_verified; adjacent_expansion,,,Media Source System Track,raw; needs verification,list with caveat,Talk archive / public goods funding media source
IDX02452,The Blockchain Socialist,podcast/media feed,Podcasts Media Shows,https://theblockchainsocialist.com/,resource_seed; podcast_synthesis,,,Media Source System Track,raw; needs verification,list with caveat,Cooperative crypto / crypto-left / public AI media source
IDX02453,Bloom Network,organization/network,Organizations Networks,https://bloomnetwork.earth/,resource_seed,,,Source System Card,raw; needs verification,list with caveat,Regenerative local action and impact network
IDX02454,Regen Network,protocol/network,Organizations Networks,https://www.regen.network/,resource_seed; podcast_synthesis; twitter_signal,,,Source System Card; dMRV Track,raw; needs verification,list with caveat,Ecological data and ecological assets network
IDX02455,OpenCivics,organization/network,Organizations Networks,https://opencivics.co/,resource_seed; project_context,,,Source System Card,raw; needs verification,list with caveat,Civic infrastructure and knowledge commoning context
IDX02456,Knowledge Commoning Swarm,source system/community,Organizations Networks,https://swarm01.opencivics.co/,project_context,,,Source System Card,raw; needs verification,list with caveat,Knowledge commoning collaboration context
IDX02457,BKC Roadmap,knowledge garden,Projects Initiatives,https://bioregionalknowledgecommons.github.io/roadmap/,resource_seed,,,Source System Card,raw; needs verification,list with caveat,Bioregional Knowledge Commons roadmap
IDX02458,SuperBenefit Knowledge Garden,knowledge garden,Projects Initiatives,https://knowledge.superbenefit.org/,resource_seed,,,Source System Card,raw; needs verification,list with caveat,Adjacent public goods/regenerative web3 knowledge garden
IDX02459,LocalNodes,tool/platform,Tools Protocols Platforms,https://localnodes.xyz/,resource_seed,,,Tooling; Source System Card,raw; needs verification,list with caveat,AI-powered community knowledge garden candidate
IDX02460,CSIS / Coordination Structural Integrity Suite,framework/repository,Repositories Codebases,https://github.com/coordination-structural-integrity-suite/suite,resource_seed; project_context,,,Structural Integrity Review,raw; needs verification,list with caveat,Structural integrity reference; not same as Toolkit conformance
IDX02461,Holonic Horizons,publication/source system,Projects Initiatives,https://paragraph.com/@holonic-horizons,resource_seed,,,Source System Card; Structural Integrity,raw; needs verification,list with caveat,Durgadas writing / frame language / social architecture
IDX02462,Gravity DAO Standards,repository,Repositories Codebases,https://github.com/durgadasji/standards,resource_seed,,,Source System Candidate,raw; needs verification,list with caveat,Governance/standards source
IDX02463,Gitcoin,organization/platform,Organizations Networks,https://gitcoin.co/,resource_seed; twitter_signal,,,Source System Card; Public Goods Builder,raw; needs verification,list with caveat,Public goods funding ecosystem
IDX02464,Gitcoin Governance Forum,governance forum,Projects Initiatives,https://gov.gitcoin.co/,resource_seed,,,Source System Card,raw; needs verification,list with caveat,Funding rounds / governance / retrospectives
IDX02465,Allo Capital Resources,resource hub,Projects Initiatives,https://www.allo.capital/resources,resource_seed,,,Resource Registry; Source System Candidate,raw; needs verification,list with caveat,Resources for Allo and funding design
IDX02466,Giveth,platform/organization,Organizations Networks,https://giveth.io/,resource_seed; twitter_signal,,,Source System Card,raw; needs verification,list with caveat,Donation platform / QF / causes
IDX02467,Octant,platform/organization,Organizations Networks,https://octant.build/,resource_seed; twitter_signal,,,Source System Card,raw; needs verification,list with caveat,Public goods funding via ETH staking/yield distribution
IDX02468,Octant v2 Docs,documentation,Projects Initiatives,https://docs.v2.octant.build/,resource_seed,,,Source System Card,raw; needs verification,list with caveat,Developer and funding model docs
IDX02469,Protocol Guild,funding mechanism/organization,Organizations Networks,https://protocol-guild.readthedocs.io/,resource_seed,,,Source System Candidate,raw; needs verification,list with caveat,Ethereum core protocol funding commons
IDX02470,Drips,funding protocol,Tools Protocols Platforms,https://www.drips.network/,adjacent_expansion,,,Option Library,raw; needs verification,list with caveat,Open-source funding and dependency graph funding
IDX02471,Commons Stack,organization/framework,Organizations Networks,https://www.commonsstack.org/,resource_seed,,,Source System Card,raw; needs verification,list with caveat,Commons mechanism design and TEC context
IDX02472,Token Engineering Commons,community/network,Organizations Networks,https://tokenengineeringcommons.org/,resource_seed; twitter_signal,,,Source System Candidate,raw; needs verification,list with caveat,Token engineering and mechanism design community
IDX02473,Govbase,pattern library,Repositories Codebases,https://govbase.io/,resource_seed,,,Option Library; Source System,raw; needs verification,list with caveat,Governance pattern library
IDX02474,Murmurations,protocol/schema,Tools Protocols Platforms,https://murmurations.network/,resource_seed,,,Infrastructure; Source System,raw; needs verification,list with caveat,Distributed data interoperability / profiles
IDX02475,Geo / Geobrowser,platform/protocol,Tools Protocols Platforms,https://www.geobrowser.io/,resource_seed,,,Infrastructure; Source System Candidate,raw; needs verification,list with caveat,Knowledge graph / web3 knowledge organization lead
IDX02476,PageIndex,protocol/tool,Tools Protocols Platforms,https://pageindex.ai/,resource_seed,,,Infrastructure Candidate,raw; needs verification,list with caveat,Knowledge indexing / AI page infrastructure lead
IDX02477,TrustGraph,protocol/tool,Tools Protocols Platforms,https://trustgraph.network/,resource_seed,,,Infrastructure Candidate,raw; needs verification,list with caveat,Trust/knowledge graph lead
IDX02478,Human Passport / Gitcoin Passport,identity tool,Tools Protocols Platforms,https://passport.xyz/,resource_seed,,,Tooling; Option Library,raw; needs verification,list with caveat,Sybil resistance and identity
IDX02479,BrightID,identity tool,Tools Protocols Platforms,https://www.brightid.org/,resource_seed,,,Tooling,raw; needs verification,list with caveat,Social identity / anti-Sybil reference
IDX02480,Grassroots Economics,organization/platform,Organizations Networks,https://www.grassrootseconomics.org/,resource_seed; podcast_synthesis,,,Source System Card,raw; needs verification,list with caveat,Community currencies and local exchange infrastructure
IDX02481,Sarafu Network,platform,Tools Protocols Platforms,https://sarafu.network/,resource_seed; podcast_synthesis,,,Tooling; Option Library,raw; needs verification,list with caveat,Community currency and local exchange platform
IDX02482,Bread Cooperative,cooperative/token community,Organizations Networks,https://breadchain.xyz/,resource_seed; twitter_signal,,,Source System Candidate,raw; needs verification,list with caveat,Solidarity crypto and distribution cycles
IDX02483,GoodDollar,project/protocol,Projects Initiatives,https://www.gooddollar.org/,podcast_adjacent_expansion,,,Entity Lead,raw; needs verification,list with caveat,UBI / social impact crypto project
IDX02484,Glo Dollar,stablecoin/project,Projects Initiatives,https://glodollar.org/,podcast_synthesis,,,Entity Lead; Funding Mechanisms,raw; needs verification,list with caveat,Stablecoin for public goods / impact funding
IDX02485,Endaoment,platform,Tools Protocols Platforms,https://endaoment.org/,podcast_synthesis,,,Source System Candidate,raw; needs verification,list with caveat,Crypto philanthropy / donor-advised funds
IDX02486,Every.org,platform,Tools Protocols Platforms,https://www.every.org/,adjacent_expansion,,,Source System Candidate,raw; needs verification,list with caveat,Nonprofit fundraising and crypto donation infrastructure
IDX02487,GiveDirectly Crypto,project/program,Projects Initiatives,https://www.givedirectly.org/,adjacent_expansion,,,Resource Lead,raw; needs verification,list with caveat,Cash transfers / crypto philanthropy adjacent lead
IDX02488,Mercy Corps Ventures,organization/program,Organizations Networks,https://www.mercycorpsventures.org/,adjacent_expansion,,,Source System Candidate,raw; needs verification,list with caveat,Humanitarian / frontier tech funding context
IDX02489,UNICEF CryptoFund,program,Projects Initiatives,https://www.unicefinnovationfund.org/cryptofund,adjacent_expansion,,,Source System Candidate,raw; needs verification,list with caveat,Crypto humanitarian/public good program
IDX02490,World Food Programme Building Blocks,program,Projects Initiatives,https://innovation.wfp.org/project/building-blocks,adjacent_expansion,,,Implementation Memory Candidate,raw; needs verification,list with caveat,Blockchain humanitarian assistance program
IDX02491,Stellar Development Foundation,organization/protocol,Organizations Networks,https://stellar.org/foundation,podcast_adjacent_expansion,,,Tooling; Source System,raw; needs verification,list with caveat,Stablecoin/payment rails for social impact context
IDX02492,Celo,protocol/ecosystem,Tools Protocols Platforms,https://celo.org/,resource_seed,,,Source System Card,raw; needs verification,list with caveat,Mobile-first and ReFi-adjacent blockchain ecosystem
IDX02493,Optimism Retro Funding,funding mechanism/program,Projects Initiatives,https://community.optimism.io/docs/governance/retropgf/,adjacent_expansion,,,Funding Mechanism; Implementation Memory,raw; needs verification,list with caveat,Retroactive public goods funding context
IDX02494,MACI,protocol/tool,Tools Protocols Platforms,https://maci.pse.dev/,adjacent_expansion,,,Tooling; Option Library,raw; needs verification,list with caveat,Privacy-preserving voting / anti-collusion infrastructure
IDX02495,EasyRetroPGF,tool/platform,Tools Protocols Platforms,https://easyretropgf.xyz/,adjacent_expansion,,,Tooling,raw; needs verification,list with caveat,Retro funding tooling lead
IDX02496,Silvi Protocol,protocol/project,Projects Initiatives,https://silvi.earth/,resource_seed; podcast_synthesis,,,Implementation Memory Candidate,raw; needs verification,list with caveat,Tree planting and MRV lead
IDX02497,GainForest,organization/project,Organizations Networks,https://gainforest.earth/,resource_seed; podcast_synthesis,,,Source System Candidate,raw; needs verification,list with caveat,"Conservation tech, AI, ecological funding"
IDX02498,KlimaDAO,project/DAO,Projects Initiatives,https://www.klimadao.finance/,podcast_synthesis,,,Implementation Memory Candidate,raw; needs verification,list with caveat,Carbon markets / ReFi history
IDX02499,Nori,company/platform,Tools Protocols Platforms,https://nori.com/,adjacent_expansion,,,Resource Lead,raw; needs verification,list with caveat,Carbon removal marketplace / net-zero critique context
IDX02500,Solid World,company/protocol,Tools Protocols Platforms,https://solid.world/,adjacent_expansion,,,Resource Lead,raw; needs verification,list with caveat,Forward carbon financing context
IDX02501,The Landbanking Group,company/platform,Tools Protocols Platforms,https://www.thelandbankinggroup.com/,web_verified; adjacent_expansion,,,Resource Lead,raw; needs verification,list with caveat,Nature equity / land banking / nature on balance sheet context
IDX02502,Global Forest Watch,dataset/map,Datasets Maps Directories,https://www.globalforestwatch.org/,resource_seed,,,Datasets/Maps,raw; needs verification,list with caveat,Forest monitoring
IDX02503,GBIF,dataset,Datasets Maps Directories,https://www.gbif.org/,resource_seed,,,Datasets/Maps,raw; needs verification,list with caveat,Biodiversity data
IDX02504,iNaturalist,dataset/community,Organizations Networks,https://www.inaturalist.org/,resource_seed,,,Datasets/Maps,raw; needs verification,list with caveat,Biodiversity observations
IDX02505,OpenStreetMap,map/dataset,Datasets Maps Directories,https://www.openstreetmap.org/,resource_seed,,,Datasets/Maps,raw; needs verification,list with caveat,Open map data
IDX02506,HOT OSM,organization,Organizations Networks,https://www.hotosm.org/,resource_seed,,,Source System Candidate,raw; needs verification,list with caveat,Humanitarian OpenStreetMap Team
IDX02507,Open Earth Foundation,organization,Organizations Networks,https://openearth.org/,resource_seed,,,Source System Candidate,raw; needs verification,list with caveat,Climate data infrastructure
IDX02508,Local Contexts,framework/tool,Tools Protocols Platforms,https://localcontexts.org/,adjacent_expansion,,,Public-use Safeguard; Source System,raw; needs verification,list with caveat,Traditional Knowledge / Biocultural Labels; needed for Indigenous/local knowledge handling
IDX02509,Amazon Sacred Headwaters,initiative/region,Projects Initiatives,https://amazonsacredheadwaters.org/,podcast_synthesis,,,Source System Candidate; Public-use caution,raw; needs verification,list with caveat,Indigenous-led Amazon bioregional protection context
IDX02510,Rights of Nature,framework/movement,Concepts Frameworks Methodologies,,podcast_synthesis,,,Concept Entry,raw; needs verification,list with caveat,Legal/ecological framework referenced in bioregional contexts
IDX02511,Bioregional Financing Facilities,framework/model,Concepts Frameworks Methodologies,,podcast_synthesis,,,Option Library Candidate,raw; needs verification,list with caveat,Bioregional finance mechanism / source lead
IDX02512,Biome Trust,organization/project,Organizations Networks,https://biometrust.earth/,web_verified; adjacent_expansion,,,Source System Candidate,raw; needs verification,list with caveat,Regeneration Will Be Funded link / bioregional finance context
IDX02513,Bioneers,event/media/org,Podcasts Media Shows,https://bioneers.org/,podcast_synthesis,,,Source System Candidate,raw; needs verification,list with caveat,Regenerative ecological conference/source system
IDX02514,Edge City,event/community,Organizations Networks,https://www.edgecity.live/,resource_seed; twitter_signal,,,Source System Candidate,raw; needs verification,list with caveat,Popup city/civic experimentation source system
IDX02515,Zuzalu,event/community,Organizations Networks,https://zuzalu.city/,resource_seed,,,Source System Candidate,raw; needs verification,list with caveat,Popup city / governance/social experimentation
IDX02516,Schelling Point,event,Events Conferences Gatherings,https://schellingpoint.gitcoin.co/,adjacent_expansion,,,Events,raw; needs verification,list with caveat,Gitcoin/public goods event archive
IDX02517,Devcon,event,Events Conferences Gatherings,https://devcon.org/,resource_seed; twitter_signal,,,Events; Source System,raw; needs verification,list with caveat,Ethereum conference/source archive
IDX02518,ETHDenver,event,Events Conferences Gatherings,https://www.ethdenver.com/,adjacent_expansion,,,Events,raw; needs verification,list with caveat,Ethereum / public goods ecosystem event
IDX02519,Regens Unite,event/community,Organizations Networks,https://www.regensunite.earth/,resource_seed,,,Events; Source System,raw; needs verification,list with caveat,Regenerative web3 gatherings
IDX02520,OpenZeppelin Contracts,repository/library,Repositories Codebases,https://github.com/OpenZeppelin/openzeppelin-contracts,adjacent_expansion,,,Repositories & Codebases,raw; needs verification,list with caveat,Smart contract library / open-source security tooling
IDX02521,Safe,tool/protocol,Tools Protocols Platforms,https://safe.global/,adjacent_expansion,,,Tooling; Deployment Safeguards,raw; needs verification,list with caveat,Multisig / account abstraction / treasury control
IDX02522,Snapshot,tool/platform,Tools Protocols Platforms,https://snapshot.box/,adjacent_expansion,,,Tooling; Option Library,raw; needs verification,list with caveat,Offchain governance voting
IDX02523,Tally,tool/platform,Tools Protocols Platforms,https://www.tally.xyz/,adjacent_expansion,,,Tooling,raw; needs verification,list with caveat,Onchain governance interface
IDX02524,Charmverse,tool/platform,Tools Protocols Platforms,https://www.charmverse.io/,project_context,,,Tooling,raw; needs verification,list with caveat,Community workspace / governance / grants management
IDX02525,Gardens,platform/protocol,Tools Protocols Platforms,https://gardens.fund/,resource_seed,,,Source System; Option Library,raw; needs verification,list with caveat,Shared resource coordination / conviction voting / commons governance
IDX02526,Coordinape,tool/platform,Tools Protocols Platforms,https://coordinape.com/,adjacent_expansion,,,Option Library,raw; needs verification,list with caveat,Contribution circles / allocations
IDX02527,GreenPilled: How Crypto Can Regenerate the World,Book,Books Papers Articles Reports,https://greenpill.network/#book,resource_seed; adjacent_expansion,,,Encyclopedia; Resource Graph,raw; needs verification,list with caveat,Greenpill / regenerative crypto foundational source
IDX02528,The Economics of Ecosystems and Biodiversity (TEEB),Report series,Books Papers Articles Reports,https://teebweb.org/,adjacent_expansion,,,Encyclopedia; Resource Graph,raw; needs verification,list with caveat,Nature valuation / ecological economics adjacent reference
IDX02529,The Dawn of Everything,Book,Books Papers Articles Reports,,adjacent_expansion,,,Encyclopedia; Resource Graph,raw; needs verification,list with caveat,Political anthropology / alternatives to state-market narratives
IDX02530,Team Topologies,Book,Books Papers Articles Reports,https://teamtopologies.com/,adjacent_expansion,,,Encyclopedia; Resource Graph,raw; needs verification,list with caveat,Operational team design / deployment layer relevance
IDX02531,Viable System Model,Framework/book family,Books Papers Articles Reports,,adjacent_expansion,,,Encyclopedia; Resource Graph,raw; needs verification,list with caveat,Cybernetic organization design / recursion
IDX02532,Cradle to Cradle,Book,Books Papers Articles Reports,,adjacent_expansion,,,Encyclopedia; Resource Graph,raw; needs verification,list with caveat,Regenerative design / materials systems
IDX02533,Plurality: The Future of Collaborative Technology and Democracy,Book/online project,Books Papers Articles Reports,https://www.plurality.net/,resource_seed; adjacent_expansion,,,Encyclopedia; Resource Graph,raw; needs verification,list with caveat,Plurality / civic tech source
IDX02534,Funding the Commons Research,Talks/research archive,Books Papers Articles Reports,https://fundingthecommons.io/,web_verified; adjacent_expansion,,,Encyclopedia; Resource Graph,raw; needs verification,list with caveat,Public goods funding research corpus
IDX02535,Knowledge coordination friction,concept,Concepts Frameworks Methodologies,,project_context,,,Encyclopedia; Theory of Change,raw; needs verification,list with caveat,"Difficulty of finding, understanding, verifying, reusing, adapting, and connecting knowledge to action"
IDX02536,Source system,concept,Concepts Frameworks Methodologies,,project_context,,,Ontology; Resource Graph,raw; needs verification,list with caveat,Living knowledge environment; not merely a link pool
IDX02537,Living artifact,concept/workflow,Concepts Frameworks Methodologies,,podcast_synthesis,,,Media Source System Track,raw; needs verification,list with caveat,"A source-aware, review-aware artifact produced from evolving media/conversation/source-system material"
IDX02538,Public is not the same as commons,claim/principle,Concepts Frameworks Methodologies,,project_context,,,Claims & Evidence; Forum Post,raw; needs verification,list with caveat,"Making something public does not make it stewarded, maintained, corrected, or collectively useful"
IDX02539,Visibility is not falsifiability,claim/principle,Concepts Frameworks Methodologies,,project_context; CSIS,,,Structural Integrity Review,raw; needs verification,list with caveat,A filled template or visible claim is not the same as reviewable structural validity
IDX02540,Regenerative obligation,CSIS-related concept,Concepts Frameworks Methodologies,,project_context; CSIS,,,Structural Integrity Review,raw; needs verification,list with caveat,Handle cautiously; not thinned into generic responsibility language
IDX02541,Frame language,methodology,Concepts Frameworks Methodologies,,resource_seed,,,Concept Entry,raw; needs verification,list with caveat,Language as structure / code / law framing from Holonic Horizons / CSIS context
IDX02542,BKC Ontology,ontology/framework,Concepts Frameworks Methodologies,https://github.com/BioregionalKnowledgeCommons/Octo,resource_seed,,,Ontology Crosswalk,raw; needs verification,list with caveat,Bioregional Knowledge Commons ontology alignment candidate
IDX02543,Murmurations profiles,schema/protocol,Concepts Frameworks Methodologies,https://murmurations.network/,resource_seed,,,Infrastructure,raw; needs verification,list with caveat,Interoperable profiles for distributed directories
IDX02544,Source lineage,methodology,Concepts Frameworks Methodologies,,project_context,,,Ontology; Review Model,raw; needs verification,list with caveat,Track where knowledge came from and how it was transformed
IDX02545,Claims/Evidence separation,methodology,Concepts Frameworks Methodologies,,project_context,,,Structural Integrity; Encyclopedia,raw; needs verification,list with caveat,Separate assertions from evidence and interpretation
IDX02546,Implementation memory,methodology,Concepts Frameworks Methodologies,,project_context,,,Implementation Memory,raw; needs verification,list with caveat,Records what happened in practice from multiple perspectives
IDX02547,Social signal scan,workflow,Concepts Frameworks Methodologies,,twitter_context,,,Social Signal Layer,raw; needs verification,list with caveat,"Use social media signals for discovery/routing, not endorsement"
IDX02548,Media white-space map,workflow,Concepts Frameworks Methodologies,,podcast_synthesis,,,Media Source System Track,raw; needs verification,list with caveat,Map under-covered topics emerging from podcast/media/source-system review
IDX02549,Public goods builder reuse layer,workflow,Concepts Frameworks Methodologies,,project_context,,,Public Goods Builder Track,raw; needs verification,list with caveat,Help builders discover prior tools/repos/standards/retrospectives before rebuilding
IDX02550,Quadratic Funding,funding mechanism,Funding Mechanisms Capital Flows,,resource_seed; adjacent_expansion,,,Option Library,raw; needs verification,list with caveat,Funding mechanism emphasizing breadth of support
IDX02551,Retroactive Public Goods Funding,funding mechanism,Funding Mechanisms Capital Flows,,resource_seed; adjacent_expansion,,,Option Library,raw; needs verification,list with caveat,Rewarding contributions after impact is observed
IDX02552,Optimism Retro Funding,funding program,Funding Mechanisms Capital Flows,https://community.optimism.io/docs/governance/retropgf/,adjacent_expansion,,,Implementation Memory,raw; needs verification,list with caveat,Major RetroPGF implementation context
IDX02553,Hypercerts marketplaces,funding/impact mechanism,Funding Mechanisms Capital Flows,https://docs.hypercerts.org/,resource_seed; podcast_synthesis,,,Option Library,raw; needs verification,list with caveat,Claims about impact and retro funding markets
IDX02554,Octant-style yield funding,funding mechanism,Funding Mechanisms Capital Flows,https://octant.build/,resource_seed; twitter_signal,,,Option Library,raw; needs verification,list with caveat,ETH staking/yield-based public goods distribution
IDX02555,Public goods staking,funding mechanism,Funding Mechanisms Capital Flows,,resource_seed,,,Option Library,raw; needs verification,list with caveat,Using staking yield for public goods funding
IDX02556,Commitment pooling,funding/community mechanism,Funding Mechanisms Capital Flows,,podcast_synthesis,,,Option Library,raw; needs verification,list with caveat,Grassroots Economics / Sarafu-adjacent pooling of commitments
IDX02557,Community Asset Vouchers,local finance mechanism,Funding Mechanisms Capital Flows,,podcast_synthesis,,,Option Library,raw; needs verification,list with caveat,Grassroots Economics / Sarafu adjacent local exchange instrument
IDX02558,Mutual credit,economic mechanism,Funding Mechanisms Capital Flows,,adjacent_expansion,,,Concept/Option,raw; needs verification,list with caveat,Local exchange and credit system
IDX02559,Conviction voting,governance/funding mechanism,Funding Mechanisms Capital Flows,,resource_seed,,,Option Library,raw; needs verification,list with caveat,Time-weighted preference signaling / allocation
IDX02560,Sociocracy consent,governance mechanism,Funding Mechanisms Capital Flows,https://sociocracy30.org/,resource_seed,,,Option Library,raw; needs verification,list with caveat,Consent-based governance practice
IDX02561,Advice process,governance mechanism,Funding Mechanisms Capital Flows,,adjacent_expansion,,,Option Library,raw; needs verification,list with caveat,Distributed decision-making process
IDX02562,Steward ownership,ownership model,Funding Mechanisms Capital Flows,https://purpose-economy.org/en/,resource_seed,,,Option Library,raw; needs verification,list with caveat,Purpose Foundation / ownership model
IDX02563,Participatory budgeting,governance/funding mechanism,Funding Mechanisms Capital Flows,,adjacent_expansion,,,Option Library,raw; needs verification,list with caveat,Community allocation mechanism
IDX02564,MACI-based private voting,governance/privacy mechanism,Funding Mechanisms Capital Flows,https://maci.pse.dev/,adjacent_expansion,,,Option Library,raw; needs verification,list with caveat,Privacy/collusion resistance for voting/funding
IDX02565,Greenpill S10 Ep.6 - Vitalik Buterin: Public Goods Funding in 2026,episode/talk/recording,Episodes Talks Calls Recordings,https://www.youtube.com/@Green_Pill_Podcast,web_verified; adjacent_expansion,,,Media Source System Track,raw; needs verification,list with caveat,Greenpill YouTube/Apple listing; web verified
IDX02566,Greenpill S10 Ep.10 - AI Agents on Ethereum with Austin Griffith & Zak Cole,episode/talk/recording,Episodes Talks Calls Recordings,https://playpodcasts.com/podcasts/greenpill,web_verified; adjacent_expansion,,,Media Source System Track,raw; needs verification,list with caveat,PlayPodcasts listing / Greenpill episode lead
IDX02567,The Regeneration Will Be Funded - Nature on the Balance Sheet,episode/talk/recording,Episodes Talks Calls Recordings,https://podcasts.apple.com/us/podcast/the-regeneration-will-be-funded/id1706728107,web_verified; adjacent_expansion,,,Media Source System Track,raw; needs verification,list with caveat,Apple listing lead
IDX02568,The Regeneration Will Be Funded - Forward Carbon Financing,episode/talk/recording,Episodes Talks Calls Recordings,https://podcasts.apple.com/us/podcast/the-regeneration-will-be-funded/id1706728107,web_verified; adjacent_expansion,,,Media Source System Track,raw; needs verification,list with caveat,Apple listing lead
IDX02569,The Regeneration Will Be Funded - The Problem with Net Zero,episode/talk/recording,Episodes Talks Calls Recordings,https://podcasts.apple.com/us/podcast/the-regeneration-will-be-funded/id1706728107,web_verified; adjacent_expansion,,,Media Source System Track,raw; needs verification,list with caveat,Apple listing lead
IDX02570,Crypto Altruists Episode 250 - The Quiet Revolution,episode/talk/recording,Episodes Talks Calls Recordings,https://podcasts.apple.com/pg/podcast/crypto-altruists-real-world-stories-of-social/id1628620328,web_verified; adjacent_expansion,,,Media Source System Track,raw; needs verification,list with caveat,Apple listing lead
IDX02571,Crypto Altruists - Bioregional Reforestation,episode/talk/recording,Episodes Talks Calls Recordings,,podcast_synthesis,,,Media Source System Track,raw; needs verification,list with caveat,Podcast synthesis sample lead
IDX02572,Crypto Altruists - Commitment Pooling,episode/talk/recording,Episodes Talks Calls Recordings,,podcast_synthesis,,,Media Source System Track,raw; needs verification,list with caveat,Podcast synthesis sample lead
IDX02573,Crypto Altruists - Savings Circles,episode/talk/recording,Episodes Talks Calls Recordings,,podcast_synthesis,,,Media Source System Track,raw; needs verification,list with caveat,Podcast synthesis sample lead
IDX02574,Greenpill - Network Nations / Regen Network of Networks,episode/talk/recording,Episodes Talks Calls Recordings,,podcast_synthesis,,,Media Source System Track,raw; needs verification,list with caveat,Podcast synthesis sample lead
IDX02575,Greenpill - Technologies Grown from Dirt,episode/talk/recording,Episodes Talks Calls Recordings,,podcast_synthesis,,,Media Source System Track,raw; needs verification,list with caveat,Podcast synthesis sample lead
IDX02576,Greenpill - Metrics-Based Voting on RPGF Round 4,episode/talk/recording,Episodes Talks Calls Recordings,,podcast_synthesis,,,Media Source System Track,raw; needs verification,list with caveat,Podcast synthesis sample lead
IDX02577,Bioregional QF playbooks,white-space/research prompt,White Spaces Research Prompts,,podcast_synthesis,,,Public Goods Funding Track; Local Node Builder Track,raw; needs review,list with caveat,How to actually run a regen QF round in a bioregion
IDX02578,dMRV in practice,white-space/research prompt,White Spaces Research Prompts,,podcast_synthesis,,,Ecological MRV Track; Implementation Memory,raw; needs review,list with caveat,"Practical deep dives into dMRV implementation, evidence, and failure modes"
IDX02579,Indigenous and Global South primary voices,white-space/research prompt,White Spaces Research Prompts,,podcast_synthesis,,,Media Source System Track; Public-use Review,raw; needs review,list with caveat,More first-person source systems and consent-aware extraction
IDX02580,Capital-stack reality checks for regen projects,white-space/research prompt,White Spaces Research Prompts,,podcast_synthesis,,,Public Goods Builder Track; ReFi Track,raw; needs review,list with caveat,"How grants, philanthropy, revenue, tokens, stablecoins, and land finance stack in practice"
IDX02581,Critical and adversarial outside voices,white-space/research prompt,White Spaces Research Prompts,,podcast_synthesis,,,Structural Integrity Review,raw; needs review,list with caveat,Invite critique to avoid insider-club narrative loops
IDX02582,Berachain and next-wave L1/L2 regen experiments,white-space/research prompt,White Spaces Research Prompts,,podcast_synthesis,,,Source System Expansion,raw; needs review,list with caveat,Review emerging regen experiments outside existing Greenpill/Gitcoin cluster
IDX02583,Public goods tooling postmortems,white-space/research prompt,White Spaces Research Prompts,,project_context,,,Public Goods Builder Track,raw; needs review,list with caveat,"What tools were built, maintained, abandoned, duplicated, or reused"
IDX02584,Nonprofit onboarding workflows,white-space/research prompt,White Spaces Research Prompts,,podcast_synthesis,,,Crypto Altruists / Public Site Candidate,raw; needs review,list with caveat,How web3 impact projects onboard nonprofit users without jargon
IDX02585,Stablecoins as impact rails,white-space/research prompt,White Spaces Research Prompts,,podcast_synthesis,,,Funding Mechanisms; Tooling,raw; needs review,list with caveat,"Humanitarian, nonprofit, and local-economy use cases"
IDX02586,Media archive to living artifact workflow,white-space/research prompt,White Spaces Research Prompts,,project_context,,,Media Source System Track,raw; needs review,list with caveat,How to turn podcasts/calls into review-aware structured knowledge
IDX02587,Source-system reciprocity protocols,white-space/research prompt,White Spaces Research Prompts,,project_context,,,Source System Strategy,raw; needs review,list with caveat,How to avoid extractive aggregation and return value to source systems
IDX02588,AI curation transparency,white-space/research prompt,White Spaces Research Prompts,,project_context,,,Automated Curation,raw; needs review,list with caveat,"How to disclose monitored sources, signal weights, review state, and correction paths"
IDX02589,Public is not the same as commons,claim/question/evidence lead,Claims Questions Evidence Leads,,project_context,,,Structural Integrity; Forum Post,raw; needs review,list with caveat,"Making something public does not guarantee maintenance, review, correction, stewardship, or use."
IDX02590,Visibility is not falsifiability,claim/question/evidence lead,Claims Questions Evidence Leads,,CSIS_context,,,Structural Integrity Review,raw; needs review,list with caveat,A visible or filled-out template is not equivalent to structurally reviewable validity.
IDX02591,Podcast archives can become living artifacts,claim/question/evidence lead,Claims Questions Evidence Leads,,podcast_synthesis,,,Media Source System Track,raw; needs review,list with caveat,"High-signal conversations can become source-linked, review-aware, searchable field memory."
IDX02592,Podcast claims are not verified knowledge,claim/question/evidence lead,Claims Questions Evidence Leads,,podcast_synthesis,,,Media Safeguards,raw; needs review,list with caveat,"Guest statements require context, source lineage, and review before public guidance."
IDX02593,Public goods builders often rebuild without enough shared context,claim/question/evidence lead,Claims Questions Evidence Leads,,project_context,,,Public Goods Builder Track,raw; needs review,list with caveat,"Existing tools, repos, standards, and retrospectives are difficult to discover before building."
IDX02594,"Social signals are routing aids, not endorsements",claim/question/evidence lead,Claims Questions Evidence Leads,,twitter_context,,,Social Signal Strategy,raw; needs review,list with caveat,Mentions and retweets can expand the review universe but should not imply quality.
IDX02595,Open-source publication is not maintained public goods infrastructure,claim/question/evidence lead,Claims Questions Evidence Leads,,project_context,,,Builder Safeguards,raw; needs review,list with caveat,"A public repo may not be documented, maintained, secure, or reusable."
IDX02596,Source systems are not extractable link pools,claim/question/evidence lead,Claims Questions Evidence Leads,,project_context,,,Source System Strategy,raw; needs review,list with caveat,"Living knowledge environments carry worldview, stewardship, attribution, and return-path needs."
IDX02597,x.com,domain/source-system candidate,Source System Candidates,,Twitter/X archive,197,,Source System Candidate,raw; needs review,list with caveat,domain_count=197
IDX02598,paragraph.com,domain/source-system candidate,Source System Candidates,,Twitter/X archive,33,,Source System Candidate,raw; needs review,list with caveat,domain_count=33
IDX02599,open.substack.com,domain/source-system candidate,Source System Candidates,,Twitter/X archive,6,,Source System Candidate,raw; needs review,list with caveat,domain_count=6
IDX02600,gov.gitcoin.co,domain/source-system candidate,Source System Candidates,,Twitter/X archive,5,,Source System Candidate,raw; needs review,list with caveat,domain_count=5
IDX02601,github.com,domain/source-system candidate,Source System Candidates,,Twitter/X archive,4,,Source System Candidate,raw; needs review,list with caveat,domain_count=4
IDX02602,wiki.p2pfoundation.net,domain/source-system candidate,Source System Candidates,,Twitter/X archive,4,,Source System Candidate,raw; needs review,list with caveat,domain_count=4
IDX02603,carboncopy.news,domain/source-system candidate,Source System Candidates,,Twitter/X archive,4,,Source System Candidate,raw; needs review,list with caveat,domain_count=4
IDX02604,explorer.gitcoin.co,domain/source-system candidate,Source System Candidates,,Twitter/X archive,4,,Source System Candidate,raw; needs review,list with caveat,domain_count=4
IDX02605,medium.com,domain/source-system candidate,Source System Candidates,,Twitter/X archive,3,,Source System Candidate,raw; needs review,list with caveat,domain_count=3
IDX02606,forms.gle,domain/source-system candidate,Source System Candidates,,Twitter/X archive,3,,Source System Candidate,raw; needs review,list with caveat,domain_count=3
IDX02607,vitalik.eth.limo,domain/source-system candidate,Source System Candidates,,Twitter/X archive,3,,Source System Candidate,raw; needs review,list with caveat,domain_count=3
IDX02608,frontiersin.org,domain/source-system candidate,Source System Candidates,,Twitter/X archive,3,,Source System Candidate,raw; needs review,list with caveat,domain_count=3
IDX02609,ethresear.ch,domain/source-system candidate,Source System Candidates,,Twitter/X archive,2,,Source System Candidate,raw; needs review,list with caveat,domain_count=2
IDX02610,link.springer.com,domain/source-system candidate,Source System Candidates,,Twitter/X archive,2,,Source System Candidate,raw; needs review,list with caveat,domain_count=2
IDX02611,app.t2.world,domain/source-system candidate,Source System Candidates,,Twitter/X archive,2,,Source System Candidate,raw; needs review,list with caveat,domain_count=2
IDX02612,bloomnetwork.earth,domain/source-system candidate,Source System Candidates,,Twitter/X archive,2,,Source System Candidate,raw; needs review,list with caveat,domain_count=2
IDX02613,resilience.org,domain/source-system candidate,Source System Candidates,,Twitter/X archive,2,,Source System Candidate,raw; needs review,list with caveat,domain_count=2
IDX02614,forum.regen.network,domain/source-system candidate,Source System Candidates,,Twitter/X archive,2,,Source System Candidate,raw; needs review,list with caveat,domain_count=2
IDX02615,willruddick.substack.com,domain/source-system candidate,Source System Candidates,,Twitter/X archive,2,,Source System Candidate,raw; needs review,list with caveat,domain_count=2
IDX02616,sarafu.network,domain/source-system candidate,Source System Candidates,,Twitter/X archive,2,,Source System Candidate,raw; needs review,list with caveat,domain_count=2
IDX02617,chones.xyz,domain/source-system candidate,Source System Candidates,,Twitter/X archive,2,,Source System Candidate,raw; needs review,list with caveat,domain_count=2
